# Blender 4.4.3
# www.blender.org
mtllib SquareHouseA.mtl
o BH3
v 3.021347 0.000000 0.410544
v 2.823078 0.000000 0.389415
v 2.910968 -0.000000 -0.435353
v 3.109237 -0.000000 -0.414224
v 2.910968 0.139301 -0.435353
v 2.823078 0.139302 0.389415
v 3.022874 0.139302 0.410706
v 3.110765 0.139301 -0.414061
v 1.914074 -0.000000 -0.521111
v 1.828340 0.000000 0.283412
v 1.828340 0.139302 0.283412
v 1.916231 0.139301 -0.541356
v 2.358685 0.000000 0.339928
v 2.358685 0.139302 0.339928
v 2.446576 -0.000000 -0.484840
v 1.902728 0.499611 -0.570042
v 1.811967 0.499612 0.281667
v 2.358685 0.516925 0.339927
v 2.448362 0.516925 -0.501600
v 2.446576 0.139301 -0.484840
v 2.616746 0.000000 0.367428
v 2.616746 0.139302 0.367428
v 2.704637 -0.000000 -0.457340
v 2.446576 0.403685 -0.484840
v 2.358685 0.403685 0.339927
v 2.598686 0.392697 0.365503
v 2.686576 0.392697 -0.459265
v 2.704637 0.139301 -0.457340
v 2.704637 0.268103 -0.457340
v 2.616746 0.268103 0.367427
v 2.823078 0.286614 0.389415
v 2.910119 0.286614 -0.427381
v 1.834982 0.257683 0.284119
v 1.922873 0.257683 -0.540648
v 2.358685 0.268103 0.339927
v 2.446576 0.268103 -0.484840
v 1.916231 0.403685 -0.541356
v 1.828341 0.403685 0.283412
v -1.591775 3.295796 0.230292
v -1.515752 4.464036 0.168912
v -1.548290 3.295796 -0.177768
v -1.486910 4.464036 -0.101745
v -1.183715 3.295796 0.273777
v -1.245095 4.464036 0.197754
v -1.140230 3.295796 -0.134283
v -1.216252 4.464036 -0.072903
v -1.608693 4.282907 0.243952
v -1.561950 4.282907 -0.194686
v -1.123312 4.282907 -0.147943
v -1.170055 4.282907 0.290695
v -1.505115 4.247602 -0.124293
v -1.193705 4.247602 -0.091108
v -1.226890 4.247602 0.220302
v -1.538299 4.247602 0.187117
v -1.608693 4.464036 0.243952
v -1.561950 4.464036 -0.194686
v -1.123312 4.464036 -0.147943
v -1.170055 4.464036 0.290695
v -1.515752 4.230683 0.168912
v -1.486910 4.230683 -0.101745
v -1.216252 4.230683 -0.072903
v -1.245095 4.230683 0.197755
v -1.608693 2.783843 0.243952
v -1.561950 2.783843 -0.194686
v -1.170055 2.783843 0.290695
v -1.123312 2.783843 -0.147943
v 1.726434 2.348516 0.788344
v 1.922468 2.348516 -1.051240
v 1.726434 0.640317 0.788344
v 1.922468 0.640317 -1.051240
v 1.855443 0.495506 -1.130063
v 2.004599 0.495506 -1.114169
v 1.792670 0.495506 0.874571
v 1.792670 0.645506 0.874571
v 1.855443 0.645506 -1.130063
v 2.004599 0.645506 -1.114169
v 1.643515 0.495506 0.858676
v 1.643515 0.645506 0.858676
v 1.889000 0.489309 0.178505
v 1.952869 0.489309 -0.420838
v 1.912793 1.598854 -0.044769
v 1.889000 1.321701 0.178505
v 1.892667 1.448402 0.136146
v 1.899143 1.513981 0.083015
v 1.952869 1.329984 -0.420838
v 1.928174 1.598854 -0.189104
v 1.946729 1.454827 -0.363221
v 1.937696 1.553425 -0.278453
v 1.895793 0.852867 0.114765
v 1.895793 0.956673 0.114765
v 1.906792 0.852867 0.011543
v 1.906792 0.956673 0.011543
v 1.965882 0.883975 0.090949
v 1.965882 0.925565 0.090949
v 1.970289 0.883975 0.049594
v 1.970289 0.925565 0.049594
v 1.971388 0.935936 0.039281
v 1.971388 0.873605 0.039281
v 1.964783 0.873605 0.101262
v 1.964783 0.935936 0.101262
v 1.987965 0.915747 0.061351
v 1.987965 0.893794 0.061351
v 1.985639 0.893794 0.083181
v 1.985639 0.915747 0.083181
v 1.926240 0.863236 0.024043
v 1.926240 0.946304 0.024043
v 1.917438 0.863236 0.106644
v 1.917438 0.946304 0.106644
v 1.943307 0.767874 0.057515
v 1.953702 0.773906 0.059421
v 1.953534 0.785970 0.061001
v 1.942971 0.792002 0.060674
v 1.932576 0.785970 0.058767
v 1.932745 0.773906 0.057188
v 1.945367 0.773081 0.038192
v 1.955598 0.778702 0.041624
v 1.955105 0.789944 0.046254
v 1.944380 0.795565 0.047453
v 1.934148 0.789944 0.044021
v 1.934641 0.778702 0.039390
v 1.947213 0.783140 0.020867
v 1.957299 0.787966 0.025667
v 1.956514 0.797620 0.033032
v 1.945643 0.802447 0.035599
v 1.935557 0.797620 0.030799
v 1.936342 0.787966 0.023433
v 1.948720 0.797365 0.006721
v 1.958687 0.801069 0.012638
v 1.957664 0.808477 0.022237
v 1.946674 0.812180 0.025920
v 1.936707 0.808477 0.020004
v 1.937730 0.801069 0.010404
v 1.949786 0.814788 -0.003281
v 1.959669 0.817116 0.003425
v 1.958478 0.821773 0.014604
v 1.947404 0.824101 0.019076
v 1.937521 0.821773 0.012370
v 1.938712 0.817116 0.001192
v 1.950338 0.834221 -0.008459
v 1.960177 0.835015 -0.001344
v 1.958899 0.836603 0.010652
v 1.947781 0.837397 0.015534
v 1.937942 0.836603 0.008419
v 1.939220 0.835015 -0.003577
v 1.950338 0.854339 -0.008459
v 1.960177 0.853545 -0.001344
v 1.958899 0.851956 0.010652
v 1.947781 0.851162 0.015534
v 1.937942 0.851956 0.008419
v 1.939220 0.853545 -0.003577
v 1.949786 0.873772 -0.003281
v 1.959669 0.871443 0.003425
v 1.958478 0.866787 0.014604
v 1.947404 0.864458 0.019076
v 1.937521 0.866787 0.012370
v 1.938712 0.871443 0.001192
v 1.948720 0.891194 0.006721
v 1.958687 0.887491 0.012638
v 1.957664 0.880083 0.022237
v 1.946674 0.876379 0.025920
v 1.936707 0.880083 0.020004
v 1.937730 0.887491 0.010404
v 1.947213 0.905420 0.020867
v 1.957299 0.900593 0.025667
v 1.956514 0.890939 0.033032
v 1.945643 0.886113 0.035599
v 1.935557 0.890939 0.030799
v 1.936342 0.900593 0.023433
v 1.945367 0.915479 0.038192
v 1.955598 0.909858 0.041624
v 1.955105 0.898616 0.046254
v 1.944380 0.892995 0.047453
v 1.934148 0.898616 0.044021
v 1.934641 0.909858 0.039390
v 1.943307 0.920686 0.057515
v 1.953702 0.914654 0.059421
v 1.953534 0.902590 0.061001
v 1.942971 0.896558 0.060674
v 1.932576 0.902590 0.058767
v 1.932745 0.914654 0.057188
v 1.941176 0.920686 0.077520
v 1.951738 0.914654 0.077847
v 1.951907 0.902590 0.076268
v 1.941512 0.896558 0.074361
v 1.930949 0.902590 0.074034
v 1.930781 0.914654 0.075614
v 1.939116 0.915479 0.096843
v 1.949842 0.909858 0.095645
v 1.950335 0.898616 0.091014
v 1.940103 0.892995 0.087582
v 1.929378 0.898616 0.088781
v 1.928885 0.909858 0.093411
v 1.937270 0.905420 0.114168
v 1.948141 0.900593 0.111602
v 1.948926 0.890939 0.104236
v 1.938840 0.886113 0.099436
v 1.927969 0.890939 0.102002
v 1.927184 0.900593 0.109368
v 1.935763 0.891194 0.128313
v 1.946753 0.887491 0.124630
v 1.947776 0.880083 0.115031
v 1.937809 0.876379 0.109115
v 1.926819 0.880083 0.112798
v 1.925796 0.887491 0.122397
v 1.934697 0.873772 0.138316
v 1.945771 0.871443 0.133843
v 1.946962 0.866787 0.122665
v 1.937079 0.864458 0.115959
v 1.926005 0.866787 0.120431
v 1.924814 0.871443 0.131610
v 1.934145 0.854339 0.143494
v 1.945263 0.853545 0.138612
v 1.946541 0.851957 0.126616
v 1.936702 0.851162 0.119501
v 1.925584 0.851957 0.124383
v 1.924306 0.853545 0.136379
v 1.934145 0.834221 0.143494
v 1.945263 0.835015 0.138612
v 1.946541 0.836603 0.126616
v 1.936702 0.837397 0.119501
v 1.925584 0.836603 0.124383
v 1.924306 0.835015 0.136379
v 1.934697 0.814788 0.138316
v 1.945771 0.817116 0.133843
v 1.946962 0.821773 0.122665
v 1.937079 0.824101 0.115959
v 1.926005 0.821773 0.120431
v 1.924814 0.817116 0.131610
v 1.935763 0.797365 0.128314
v 1.946753 0.801069 0.124630
v 1.947776 0.808477 0.115031
v 1.937809 0.812180 0.109115
v 1.926819 0.808477 0.112798
v 1.925796 0.801069 0.122397
v 1.937270 0.783140 0.114168
v 1.948141 0.787966 0.111602
v 1.948926 0.797620 0.104236
v 1.938840 0.802447 0.099436
v 1.927969 0.797620 0.102002
v 1.927184 0.787966 0.109368
v 1.939116 0.773081 0.096843
v 1.949842 0.778702 0.095645
v 1.950335 0.789944 0.091014
v 1.940103 0.795565 0.087582
v 1.929378 0.789944 0.088781
v 1.928885 0.778702 0.093411
v 1.941176 0.767874 0.077520
v 1.951738 0.773906 0.077847
v 1.951907 0.785970 0.076268
v 1.941512 0.792002 0.074361
v 1.930949 0.785970 0.074034
v 1.930781 0.773906 0.075614
v 1.915194 0.495506 0.155800
v 1.915194 1.359619 0.155800
v 1.780073 1.359619 0.141401
v 1.780073 0.495506 0.141401
v 1.903821 1.359619 0.262524
v 1.768700 1.359619 0.248125
v 1.903821 0.495506 0.262524
v 1.768700 0.495506 0.248125
v 1.774167 1.508786 0.196820
v 1.909289 1.508786 0.211219
v 1.919033 1.458616 0.119782
v 1.783911 1.458616 0.105383
v 1.785597 1.623112 0.089562
v 1.920719 1.623112 0.103961
v 1.927872 1.542949 0.036835
v 1.792750 1.542949 0.022436
v 1.798014 1.688756 -0.026964
v 1.933136 1.688756 -0.012565
v 1.937068 1.589732 -0.049462
v 1.801946 1.589732 -0.063861
v 1.809320 1.701196 -0.133061
v 1.944442 1.701196 -0.118662
v 1.944442 1.598497 -0.118662
v 1.809320 1.598497 -0.133061
v 1.973690 0.495506 -0.393123
v 1.973690 1.359619 -0.393123
v 1.838568 1.359619 -0.407522
v 1.838568 0.495506 -0.407522
v 1.985063 1.359619 -0.499847
v 1.849941 1.359619 -0.514246
v 1.985063 0.495506 -0.499847
v 1.849941 0.495506 -0.514247
v 1.844474 1.508786 -0.462942
v 1.979595 1.508786 -0.448543
v 1.969852 1.458616 -0.357106
v 1.834730 1.458616 -0.371505
v 1.833044 1.623112 -0.355684
v 1.968166 1.623112 -0.341285
v 1.961012 1.542949 -0.274158
v 1.825891 1.542949 -0.288557
v 1.820626 1.688756 -0.239157
v 1.955748 1.688756 -0.224758
v 1.951816 1.589732 -0.187861
v 1.816694 1.589732 -0.202260
v -1.162365 2.348516 0.524570
v 0.677220 2.348516 0.720604
v -1.162365 0.640317 0.524571
v 0.677220 0.640317 0.720604
v 0.756043 0.495506 0.653579
v 0.740148 0.495506 0.802735
v -1.248592 0.495506 0.590806
v -1.248592 0.645506 0.590806
v 0.756043 0.645506 0.653579
v 0.740148 0.645506 0.802735
v -1.232697 0.495506 0.441651
v -1.232697 0.645506 0.441651
v 0.012252 1.143932 0.684969
v -0.504866 1.143932 0.629863
v -0.088758 1.863955 0.674205
v 0.012252 1.759444 0.684969
v -0.017333 1.831274 0.681816
v -0.504866 1.759444 0.629863
v -0.403855 1.863955 0.640627
v -0.475280 1.831274 0.633016
v -0.589298 1.158626 0.572898
v 0.086809 1.151622 0.796116
v 0.102106 1.163347 0.652567
v -0.604800 1.068066 0.718377
v -0.604800 1.158626 0.718377
v 0.107248 1.075069 0.643086
v -0.589298 1.068066 0.572898
v 0.091951 1.063345 0.786635
v -0.242206 1.071705 0.619077
v -0.241565 1.147880 0.613066
v -0.255772 1.154987 0.746379
v -0.256412 1.078812 0.752390
v -0.416031 1.076541 0.598611
v -0.416031 1.150151 0.598611
v -0.430007 1.150151 0.729754
v -0.430007 1.076541 0.729754
v -0.081946 1.150151 0.766845
v -0.081946 1.076541 0.766845
v -0.067971 1.076541 0.635702
v -0.067971 1.150151 0.635702
v -0.597363 1.846097 0.575562
v 0.094222 1.842437 0.798855
v 0.109222 1.851268 0.658091
v -0.612612 1.758429 0.718656
v -0.612612 1.846097 0.718656
v 0.114674 1.763660 0.646564
v -0.597363 1.758429 0.575562
v 0.099674 1.754830 0.787328
v -0.242770 1.846534 0.624446
v -0.241997 1.923367 0.617189
v -0.255744 1.923988 0.746194
v -0.256454 1.851886 0.752852
v -0.420404 1.825210 0.603171
v -0.420404 1.900112 0.603171
v -0.433809 1.900112 0.728959
v -0.433809 1.825209 0.728959
v -0.078047 1.900112 0.766870
v -0.078047 1.825209 0.766870
v -0.064642 1.825210 0.641083
v -0.064642 1.900112 0.641083
v -0.541188 1.139772 0.585744
v -0.543264 1.805669 0.663494
v -0.544449 1.805669 0.591605
v -0.479740 1.139772 0.667627
v -0.549126 1.139772 0.660233
v -0.477664 1.808665 0.589877
v -0.471802 1.139772 0.593138
v -0.476479 1.808665 0.661766
v -0.472365 1.474452 0.599014
v -0.535312 1.474452 0.586307
v -0.548562 1.474452 0.654357
v -0.485617 1.474452 0.667064
v -0.470359 1.307112 0.591972
v -0.542353 1.307112 0.584300
v -0.550569 1.307112 0.661399
v -0.478575 1.307112 0.669071
v -0.550569 1.641792 0.661399
v -0.478575 1.641792 0.669071
v -0.470359 1.641792 0.591972
v -0.542353 1.641792 0.584300
v -0.002384 1.139772 0.639989
v -0.004599 1.805669 0.724306
v -0.005940 1.805669 0.646381
v 0.064666 1.139772 0.728812
v -0.010991 1.139772 0.720750
v 0.066881 1.808665 0.644496
v 0.073272 1.139772 0.648052
v 0.068222 1.808665 0.722421
v 0.071799 1.474452 0.648104
v -0.002332 1.474452 0.641463
v -0.009517 1.474452 0.720698
v 0.064614 1.474452 0.727339
v 0.074846 1.307112 0.646781
v -0.003655 1.307112 0.638415
v -0.012565 1.307112 0.722021
v 0.065937 1.307112 0.730386
v -0.008214 1.641792 0.718509
v 0.062424 1.641792 0.726036
v 0.070496 1.641792 0.650294
v -0.000143 1.641792 0.642766
v -0.272158 1.849680 0.682591
v -0.222904 1.147240 0.686365
v -0.276769 1.147240 0.680625
v -0.220514 1.852841 0.683148
v -0.275724 1.500286 0.680629
v -0.222972 1.500286 0.685606
v -0.277859 1.323763 0.681247
v -0.221969 1.323763 0.687203
v -0.274845 1.676810 0.679529
v -0.224553 1.676810 0.684888
v -0.221947 1.852841 0.664373
v -0.263364 1.147240 0.662433
v -0.262636 1.849680 0.664984
v -0.220837 1.147240 0.666965
v -0.220335 1.500286 0.656651
v -0.261914 1.500286 0.652866
v -0.218766 1.323763 0.657141
v -0.263035 1.323763 0.652424
v -0.261018 1.676810 0.652638
v -0.221565 1.676810 0.656843
v -0.485245 1.597262 0.651647
v -0.371504 1.595029 0.660897
v -0.486780 1.635564 0.646367
v -0.483215 1.594718 0.632604
v -0.369508 1.595029 0.642163
v -0.253708 1.594133 0.654837
v -0.255800 1.594465 0.674461
v -0.255729 1.633937 0.673801
v -0.371504 1.632709 0.660897
v -0.253638 1.633605 0.654177
v -0.369508 1.632709 0.642163
v -0.484750 1.633020 0.627324
v -0.485245 1.345065 0.651647
v -0.371504 1.342832 0.660897
v -0.486780 1.383366 0.646367
v -0.483215 1.342521 0.632604
v -0.369508 1.342832 0.642163
v -0.253708 1.341936 0.654837
v -0.255800 1.342268 0.674461
v -0.255729 1.381740 0.673801
v -0.371504 1.380512 0.660897
v -0.253638 1.381408 0.654177
v -0.369508 1.380512 0.642163
v -0.484750 1.380823 0.627324
v -0.002162 1.629790 0.703126
v -0.115297 1.632023 0.688199
v 0.000452 1.591489 0.698289
v -0.000132 1.632334 0.684083
v -0.113301 1.632023 0.669465
v -0.229170 1.632919 0.657451
v -0.231262 1.632587 0.677076
v -0.231191 1.593115 0.676416
v -0.115297 1.594343 0.688199
v -0.229100 1.593447 0.656791
v -0.113300 1.594343 0.669465
v 0.002481 1.594032 0.679245
v -0.002162 1.379063 0.703126
v -0.115297 1.381296 0.688199
v 0.000452 1.340761 0.698288
v -0.231262 1.381860 0.677076
v -0.231192 1.342388 0.676416
v -0.115297 1.343616 0.688199
v -0.229100 1.342720 0.656791
v -0.113300 1.343616 0.669465
v 0.002481 1.343305 0.679246
v -2.164794 2.348786 0.422548
v -2.164794 0.640379 0.422548
v -1.249097 0.495506 0.595553
v -2.243467 0.495506 0.489589
v -2.243467 0.645506 0.489589
v -1.233203 0.645506 0.446398
v -2.227572 0.495506 0.340434
v -2.227572 0.645506 0.340434
v -1.313214 0.640379 0.513296
v -1.313214 2.348786 0.513296
v -1.249097 0.645506 0.595553
v -1.233203 0.495506 0.446398
v -2.103691 0.627360 0.446510
v -2.179730 0.729486 0.438407
v -2.179337 0.627360 0.434711
v -1.392967 2.359430 0.522248
v -1.302657 2.275751 0.531871
v -1.302263 2.359430 0.528175
v -1.300893 2.275728 0.515540
v -2.101928 0.627337 0.430179
v -2.177574 0.627337 0.418379
v -2.177968 0.729463 0.422076
v -1.391204 2.359407 0.505916
v -1.300500 2.359407 0.511843
v -2.032537 2.348516 -1.465214
v -2.228570 2.348516 0.374371
v -2.032537 0.640317 -1.465214
v -2.228571 0.640317 0.374370
v -2.161546 0.495506 0.453193
v -2.310701 0.495506 0.437299
v -2.098773 0.495506 -1.551441
v -2.098773 0.645506 -1.551441
v -2.161546 0.645506 0.453193
v -2.310701 0.645506 0.437299
v -1.949617 0.495506 -1.535546
v -1.949617 0.645506 -1.535546
v -2.236124 0.495506 0.445246
v -2.236124 0.645506 0.445246
v -2.024196 0.495506 -1.543493
v -2.024196 0.645506 -1.543493
v 1.671234 2.348786 0.831331
v 1.671234 0.640379 0.831331
v 0.739642 0.495506 0.807481
v 1.734012 0.495506 0.913446
v 1.734012 0.645506 0.913446
v 0.755537 0.645506 0.658326
v 1.749906 0.495506 0.764290
v 1.749906 0.645506 0.764291
v 0.819654 0.640379 0.740583
v 0.819654 2.348786 0.740583
v 0.739642 0.645506 0.807481
v 0.755537 0.495506 0.658326
v 1.606452 0.627360 0.841878
v 1.682492 0.729486 0.849981
v 1.682886 0.627360 0.846285
v 0.895729 2.359430 0.766141
v 0.805418 2.275751 0.756517
v 0.805812 2.359430 0.752820
v 0.807136 2.275728 0.740180
v 1.608170 0.627337 0.825542
v 1.684604 0.627337 0.829949
v 1.684210 0.729463 0.833645
v 0.897447 2.359407 0.749804
v 0.807530 2.359407 0.736484
v 0.876604 2.348516 -1.220695
v -0.962980 2.348516 -1.416728
v 0.876604 0.640317 -1.220695
v -0.962980 0.640317 -1.416729
v -1.041803 0.495506 -1.349704
v -1.025908 0.495506 -1.498859
v 0.962831 0.495506 -1.286931
v 0.962831 0.645506 -1.286931
v -1.041803 0.645506 -1.349704
v -1.025908 0.645506 -1.498859
v 0.946937 0.495506 -1.137776
v 0.946937 0.645506 -1.137776
v -0.298012 1.143932 -1.381094
v 0.219105 1.143932 -1.325988
v -0.197002 1.863955 -1.370330
v -0.298012 1.759444 -1.381094
v -0.268427 1.831274 -1.377941
v 0.219105 1.759444 -1.325988
v 0.118095 1.863955 -1.336752
v 0.189520 1.831274 -1.329140
v 0.303537 1.158626 -1.269022
v -0.372569 1.151622 -1.492240
v -0.387866 1.163347 -1.348691
v 0.319040 1.068066 -1.414501
v 0.319040 1.158626 -1.414501
v -0.393008 1.075069 -1.339210
v 0.303537 1.068066 -1.269022
v -0.377711 1.063344 -1.482759
v -0.043554 1.071705 -1.315202
v -0.044195 1.147879 -1.309191
v -0.029988 1.154986 -1.442503
v -0.029348 1.078812 -1.448514
v 0.130271 1.076541 -1.294735
v 0.130271 1.150151 -1.294735
v 0.144246 1.150151 -1.425879
v 0.144246 1.076541 -1.425879
v -0.203814 1.150151 -1.462969
v -0.203814 1.076541 -1.462969
v -0.217789 1.076541 -1.331826
v -0.217789 1.150151 -1.331826
v 0.311603 1.846097 -1.271687
v -0.379982 1.842437 -1.494979
v -0.394982 1.851268 -1.354215
v 0.326851 1.758429 -1.414781
v 0.326851 1.846097 -1.414781
v -0.400435 1.763660 -1.342689
v 0.311603 1.758429 -1.271687
v -0.385435 1.754830 -1.483453
v -0.042990 1.846534 -1.320570
v -0.043763 1.923367 -1.313314
v -0.030016 1.923988 -1.442318
v -0.029306 1.851886 -1.448976
v 0.134644 1.825210 -1.299296
v 0.134644 1.900112 -1.299296
v 0.148048 1.900112 -1.425083
v 0.148048 1.825209 -1.425083
v -0.207713 1.900112 -1.462994
v -0.207713 1.825209 -1.462994
v -0.221118 1.825210 -1.337207
v -0.221118 1.900112 -1.337207
v 0.255427 1.139772 -1.281868
v 0.257503 1.805669 -1.359619
v 0.258688 1.805669 -1.287730
v 0.193980 1.139772 -1.363752
v 0.263365 1.139772 -1.356358
v 0.191904 1.808665 -1.286001
v 0.186042 1.139772 -1.289262
v 0.190719 1.808665 -1.357890
v 0.186605 1.474452 -1.295138
v 0.249551 1.474452 -1.282431
v 0.262802 1.474452 -1.350482
v 0.199856 1.474452 -1.363188
v 0.184599 1.307112 -1.288097
v 0.256593 1.307112 -1.280425
v 0.264809 1.307112 -1.357523
v 0.192814 1.307112 -1.365195
v 0.264809 1.641792 -1.357523
v 0.192814 1.641792 -1.365195
v 0.184599 1.641792 -1.288097
v 0.256593 1.641792 -1.280425
v -0.283376 1.139772 -1.336114
v -0.281161 1.805669 -1.420430
v -0.279820 1.805669 -1.342506
v -0.350426 1.139772 -1.424937
v -0.274769 1.139772 -1.416875
v -0.352641 1.808665 -1.340621
v -0.359032 1.139772 -1.344176
v -0.353982 1.808665 -1.418545
v -0.357559 1.474452 -1.344229
v -0.283428 1.474452 -1.337587
v -0.276243 1.474452 -1.416822
v -0.350374 1.474452 -1.423463
v -0.360606 1.307112 -1.342905
v -0.282105 1.307112 -1.334540
v -0.273196 1.307112 -1.418146
v -0.351697 1.307112 -1.426511
v -0.277546 1.641792 -1.414633
v -0.348184 1.641792 -1.422161
v -0.356256 1.641792 -1.346418
v -0.285617 1.641792 -1.338890
v -0.013603 1.849680 -1.378716
v -0.062856 1.147240 -1.382490
v -0.008991 1.147240 -1.376750
v -0.065246 1.852841 -1.379272
v -0.010036 1.500286 -1.376754
v -0.062788 1.500286 -1.381730
v -0.007901 1.323763 -1.377372
v -0.063791 1.323763 -1.383327
v -0.010915 1.676810 -1.375654
v -0.061207 1.676810 -1.381013
v -0.063813 1.852841 -1.360497
v -0.022396 1.147240 -1.358557
v -0.023124 1.849680 -1.361108
v -0.064923 1.147240 -1.363089
v -0.065425 1.500286 -1.352776
v -0.023846 1.500286 -1.348990
v -0.066995 1.323763 -1.353266
v -0.022725 1.323763 -1.348548
v -0.024742 1.676810 -1.348763
v -0.064196 1.676810 -1.352967
v 0.199484 1.597262 -1.347771
v 0.085744 1.595029 -1.357021
v 0.201020 1.635564 -1.342492
v 0.197455 1.594718 -1.328728
v 0.083748 1.595029 -1.338287
v -0.032052 1.594133 -1.350961
v -0.029961 1.594465 -1.370586
v -0.030031 1.633937 -1.369926
v 0.085744 1.632709 -1.357021
v -0.032122 1.633605 -1.350301
v 0.083748 1.632709 -1.338287
v 0.198990 1.633020 -1.323449
v 0.199484 1.345065 -1.347771
v 0.085744 1.342832 -1.357021
v 0.201020 1.383366 -1.342492
v 0.197455 1.342521 -1.328728
v 0.083748 1.342832 -1.338287
v -0.032052 1.341936 -1.350961
v -0.029961 1.342268 -1.370586
v -0.030031 1.381740 -1.369926
v 0.085744 1.380512 -1.357021
v -0.032122 1.381408 -1.350301
v 0.083748 1.380512 -1.338287
v 0.198990 1.380823 -1.323449
v -0.283599 1.629790 -1.399250
v -0.170463 1.632023 -1.384323
v -0.286212 1.591489 -1.394413
v -0.285628 1.632334 -1.380207
v -0.172460 1.632023 -1.365590
v -0.056590 1.632919 -1.353576
v -0.054499 1.632587 -1.373201
v -0.054569 1.593115 -1.372541
v -0.170463 1.594343 -1.384323
v -0.056660 1.593447 -1.352916
v -0.172460 1.594343 -1.365590
v -0.288241 1.594032 -1.375370
v -0.283599 1.379063 -1.399250
v -0.170463 1.381296 -1.384323
v -0.286212 1.340761 -1.394413
v -0.054498 1.381860 -1.373201
v -0.054569 1.342388 -1.372541
v -0.170463 1.343616 -1.384323
v -0.056660 1.342720 -1.352916
v -0.172460 1.343616 -1.365590
v -0.288241 1.343305 -1.375370
v -1.104581 2.348786 -1.431818
v -1.104581 0.640379 -1.431818
v -2.020278 0.495506 -1.604823
v -1.025908 0.495506 -1.498859
v -1.025908 0.645506 -1.498859
v -2.036173 0.645506 -1.455668
v -1.041803 0.495506 -1.349704
v -1.041803 0.645506 -1.349704
v -1.956161 0.640379 -1.522566
v -1.956161 2.348786 -1.522566
v -2.020278 0.645506 -1.604823
v -2.036173 0.495506 -1.455668
v -1.165684 0.627360 -1.455781
v -1.089645 0.729486 -1.447677
v -1.090038 0.627360 -1.443981
v -1.876408 2.359430 -1.531518
v -1.966719 2.275751 -1.541142
v -1.967113 2.359430 -1.537445
v -1.968482 2.275728 -1.524810
v -1.167448 0.627337 -1.439449
v -1.091802 0.627337 -1.427649
v -1.091408 0.729463 -1.431346
v -1.878172 2.359407 -1.515186
v -1.968876 2.359407 -1.521114
v 1.770021 -0.004494 0.872157
v 1.875985 0.495506 -0.122212
v 1.770020 0.495506 0.872157
v 1.875985 -0.004494 -0.122212
v 1.981949 -0.004494 -1.116582
v 1.981949 0.495506 -1.116582
v -2.026784 -0.004494 -1.543769
v -2.132748 0.495506 -0.549399
v -2.026784 0.495506 -1.543769
v -2.132748 -0.004494 -0.549399
v -2.238712 -0.004494 0.444970
v -2.238712 0.495506 0.444970
v -0.165340 -0.004494 0.665917
v 0.829030 0.495506 0.771881
v -0.165340 0.495506 0.665917
v 0.829030 -0.004494 0.771882
v 1.823400 -0.004494 0.877846
v 1.823400 0.495506 0.877846
v -2.154079 -0.004494 0.453989
v -1.159710 0.495506 0.559953
v -2.154079 0.495506 0.453989
v -1.159710 -0.004494 0.559953
v -0.165340 -0.004494 0.665918
v -0.165340 0.495506 0.665917
v 0.046588 -0.004494 -1.322823
v -0.947781 0.495506 -1.428787
v 0.046588 0.495506 -1.322823
v -0.947781 -0.004494 -1.428787
v -1.942151 -0.004494 -1.534752
v -1.942151 0.495506 -1.534752
v 2.035328 -0.004494 -1.110894
v 1.040958 0.495506 -1.216858
v 2.035328 0.495506 -1.110893
v 1.040958 -0.004494 -1.216858
v 0.046588 -0.004494 -1.322822
v 0.046588 0.495506 -1.322822
v 1.816692 2.500000 0.940788
v 1.621270 -0.000000 0.942962
v 1.837009 -0.000000 0.965952
v 1.664577 2.500000 0.752387
v 1.646434 2.500000 0.922645
v 1.859999 -0.000000 0.750214
v 1.834835 2.500000 0.770531
v 1.644260 -0.000000 0.727224
v 1.828661 1.250000 0.775516
v 1.811707 1.250000 0.934615
v 1.652608 1.250000 0.917660
v 1.669562 1.250000 0.758561
v 1.636863 0.625000 0.921098
v 1.655160 0.625000 0.749393
v 1.837013 0.625000 0.768772
v 1.818716 0.625000 0.940477
v 1.638371 0.312500 0.929155
v 1.658067 0.312500 0.744324
v 1.842898 0.312500 0.764021
v 1.823202 0.312500 0.948851
v 1.819752 1.875000 0.782709
v 1.804513 1.875000 0.925705
v 1.661518 1.875000 0.910467
v 1.676756 1.875000 0.767471
v 0.829301 2.500000 0.835568
v 0.633879 -0.000000 0.837742
v 0.849618 -0.000000 0.860732
v 0.677186 2.500000 0.647167
v 0.659043 2.500000 0.817425
v 0.872608 -0.000000 0.644994
v 0.847444 2.500000 0.665310
v 0.656869 -0.000000 0.622003
v 0.841270 1.250000 0.670295
v 0.824316 1.250000 0.829394
v 0.665217 1.250000 0.812440
v 0.682171 1.250000 0.653341
v 0.649472 0.625000 0.815877
v 0.667770 0.625000 0.644173
v 0.849622 0.625000 0.663552
v 0.831325 0.625000 0.835256
v 0.650980 0.312500 0.823934
v 0.670677 0.312500 0.639104
v 0.855507 0.312500 0.658801
v 0.835811 0.312500 0.843631
v 0.832361 1.875000 0.677489
v 0.817122 1.875000 0.820484
v 0.674127 1.875000 0.805246
v 0.689365 1.875000 0.662251
v -1.154096 2.500000 0.624209
v -1.349518 -0.000000 0.626383
v -1.133779 -0.000000 0.649373
v -1.306211 2.500000 0.435808
v -1.324354 2.500000 0.606066
v -1.110789 -0.000000 0.433635
v -1.135953 2.500000 0.453951
v -1.326528 -0.000000 0.410644
v -1.142127 1.250000 0.458936
v -1.159081 1.250000 0.618035
v -1.318180 1.250000 0.601081
v -1.301226 1.250000 0.441982
v -1.333925 0.625000 0.604518
v -1.315628 0.625000 0.432814
v -1.133775 0.625000 0.452193
v -1.152073 0.625000 0.623897
v -1.332417 0.312500 0.612575
v -1.312721 0.312500 0.427745
v -1.127890 0.312500 0.447442
v -1.147586 0.312500 0.632272
v -1.151037 1.875000 0.466130
v -1.166275 1.875000 0.609125
v -1.309270 1.875000 0.593887
v -1.294032 1.875000 0.450892
v -2.151182 2.500000 0.517955
v -2.346603 -0.000000 0.520129
v -2.130865 -0.000000 0.543119
v -2.303296 2.500000 0.329554
v -2.321439 2.500000 0.499812
v -2.107875 -0.000000 0.327381
v -2.133038 2.500000 0.347698
v -2.323613 -0.000000 0.304391
v -2.139212 1.250000 0.352683
v -2.156167 1.250000 0.511781
v -2.315265 1.250000 0.494827
v -2.298311 1.250000 0.335728
v -2.331010 0.625000 0.498265
v -2.312713 0.625000 0.326560
v -2.130860 0.625000 0.345939
v -2.149158 0.625000 0.517644
v -2.329502 0.312500 0.506322
v -2.309806 0.312500 0.321491
v -2.124976 0.312500 0.341188
v -2.144672 0.312500 0.526019
v -2.148122 1.875000 0.359876
v -2.163360 1.875000 0.502872
v -2.306356 1.875000 0.487634
v -2.291118 1.875000 0.344638
v 1.033902 2.500000 -1.129694
v 0.838481 -0.000000 -1.127520
v 1.054219 -0.000000 -1.104530
v 0.881788 2.500000 -1.318095
v 0.863644 2.500000 -1.147837
v 1.077209 -0.000000 -1.320268
v 1.052046 2.500000 -1.299952
v 0.861471 -0.000000 -1.343259
v 1.045872 1.250000 -1.294967
v 1.028917 1.250000 -1.135868
v 0.869818 1.250000 -1.152822
v 0.886773 1.250000 -1.311921
v 0.854073 0.625000 -1.149385
v 0.872371 0.625000 -1.321089
v 1.054224 0.625000 -1.301710
v 1.035926 0.625000 -1.130006
v 0.855582 0.312500 -1.141327
v 0.875278 0.312500 -1.326158
v 1.060109 0.312500 -1.306461
v 1.040412 0.312500 -1.121631
v 1.044243 1.875000 -1.293651
v 1.027602 1.875000 -1.137497
v 0.871448 1.875000 -1.154137
v 0.888088 1.875000 -1.310292
v -0.947238 2.500000 -1.340813
v -1.142660 -0.000000 -1.338639
v -0.926921 -0.000000 -1.315649
v -1.099353 2.500000 -1.529214
v -1.117496 2.500000 -1.358956
v -0.903931 -0.000000 -1.531387
v -0.929095 2.500000 -1.511070
v -1.119670 -0.000000 -1.554377
v -0.935269 1.250000 -1.506085
v -0.952223 1.250000 -1.346986
v -1.111322 1.250000 -1.363941
v -1.094368 1.250000 -1.523040
v -1.127067 0.625000 -1.360503
v -1.108770 0.625000 -1.532208
v -0.926917 0.625000 -1.512828
v -0.945215 0.625000 -1.341124
v -1.125559 0.312500 -1.352446
v -1.105863 0.312500 -1.537277
v -0.921032 0.312500 -1.517580
v -0.940729 0.312500 -1.332749
v -0.936898 1.875000 -1.504770
v -0.953539 1.875000 -1.348616
v -1.109693 1.875000 -1.365256
v -1.093053 1.875000 -1.521411
v -1.951657 2.500000 -1.447847
v -2.147078 -0.000000 -1.445674
v -1.931340 -0.000000 -1.422683
v -2.103771 2.500000 -1.636249
v -2.121915 2.500000 -1.465991
v -1.908350 -0.000000 -1.638422
v -1.933513 2.500000 -1.618105
v -2.124088 -0.000000 -1.661412
v -1.939687 1.250000 -1.613120
v -1.956642 1.250000 -1.454021
v -2.115741 1.250000 -1.470976
v -2.098786 1.250000 -1.630075
v -2.131486 0.625000 -1.467538
v -2.113188 0.625000 -1.639243
v -1.931336 0.625000 -1.619863
v -1.949633 0.625000 -1.448159
v -2.129978 0.312500 -1.459481
v -2.110282 0.312500 -1.644311
v -1.925450 0.312500 -1.624615
v -1.945147 0.312500 -1.439784
v -1.941316 1.875000 -1.611805
v -1.957957 1.875000 -1.455650
v -2.114112 1.875000 -1.472291
v -2.097471 1.875000 -1.628446
v 0.863391 3.827340 -0.132682
v 0.883925 3.827340 -0.325368
v 0.863391 3.639961 -0.132682
v 0.883925 3.639961 -0.325368
v 0.760143 2.348392 0.836199
v 0.776038 2.498393 0.687043
v 0.760143 2.498393 0.836199
v 0.776038 2.348392 0.687043
v 0.988292 2.348392 -1.304756
v 0.972398 2.498393 -1.155601
v 0.988292 2.498393 -1.304756
v 0.972398 2.348392 -1.155601
v -0.130258 3.827340 -0.245415
v -0.109724 3.827340 -0.438100
v -0.130258 3.640722 -0.245415
v -0.109724 3.640722 -0.438100
v -1.125349 3.827340 -0.344610
v -1.104815 3.827340 -0.537296
v -1.125349 3.639961 -0.344610
v -1.104815 3.639961 -0.537296
v -0.234227 2.348392 0.730234
v -1.228597 2.348393 0.624270
v -1.228597 2.498393 0.624270
v -0.218332 2.498393 0.581079
v -1.212702 2.348393 0.475115
v -1.212702 2.498393 0.475115
v -0.234227 2.498393 0.730234
v -0.218332 2.348392 0.581079
v -0.006077 2.348392 -1.410721
v -1.000447 2.348393 -1.516685
v -1.000447 2.498393 -1.516685
v -0.021972 2.498393 -1.261565
v -1.016342 2.348393 -1.367530
v -1.016342 2.498393 -1.367530
v -0.006077 2.498393 -1.410721
v -0.021972 2.348392 -1.261565
v -1.115082 3.675627 -0.440953
v -0.120712 3.675627 -0.334989
v -1.180516 3.043631 0.173081
v -0.186146 3.043631 0.279045
v 0.873657 3.675627 -0.229025
v 0.808223 3.043631 0.385009
v -0.258504 2.298028 0.958050
v 0.736095 2.300390 1.061864
v -1.253203 2.294640 0.855172
v -0.217890 2.301055 0.959590
v -0.163378 2.284833 0.980340
v -0.094697 2.301107 0.972670
v -0.010599 2.289924 0.991932
v 0.061968 2.303201 0.987437
v 0.192205 2.296633 1.007364
v 0.270283 2.309999 1.003374
v 0.320711 2.280341 1.036064
v 0.407214 2.299878 1.027288
v 0.512326 2.304244 1.034468
v 0.564746 2.288940 1.054149
v 0.682203 2.299590 1.056857
v -1.167850 2.302577 0.856957
v -1.115260 2.278954 0.884318
v -0.945993 2.300865 0.882176
v -0.895509 2.288559 0.898889
v -0.684271 2.303837 0.907329
v -0.607997 2.287242 0.930741
v -0.523015 2.297457 0.930389
v -0.420873 2.301116 0.937903
v -0.372383 2.276159 0.966056
v -0.300156 2.294843 0.956545
v -1.245228 2.376815 0.780336
v 0.743512 2.376815 0.992264
v -0.250858 2.376815 0.886300
v -0.976962 2.294640 -1.737078
v 1.011220 2.300390 -1.519913
v 0.017079 2.298028 -1.628028
v 0.939091 3.043631 -0.843058
v 0.873657 3.675627 -0.229025
v -0.055278 3.043631 -0.949022
v -1.049648 3.043631 -1.054987
v -0.120712 3.675627 -0.334989
v -1.115082 3.675627 -0.440953
v 0.057106 2.301055 -1.620974
v 0.114766 2.284833 -1.629771
v 0.180288 2.301107 -1.607799
v 0.266557 2.289924 -1.608906
v 0.336547 2.303200 -1.589220
v 0.468059 2.296633 -1.581254
v 0.543543 2.309999 -1.560900
v 0.599728 2.280340 -1.582229
v 0.682438 2.299878 -1.555421
v 0.786703 2.304244 -1.540288
v 0.842093 2.288940 -1.548481
v 0.957483 2.299590 -1.526376
v -0.893150 2.302577 -1.720836
v -0.835975 2.278954 -1.736500
v -0.670960 2.300865 -1.698735
v -0.618088 2.288559 -1.704435
v -0.409815 2.303836 -1.668170
v -0.330320 2.287242 -1.674982
v -0.247321 2.297457 -1.656729
v -0.145889 2.301116 -1.642550
v -0.092555 2.276159 -1.659853
v -0.023955 2.294843 -1.635334
v -0.984937 2.376815 -1.662242
v 1.003803 2.376815 -1.450314
v 0.009434 2.376815 -1.556278
v 1.728964 2.500000 0.937915
v 1.843081 3.750000 -0.132961
v 1.956787 2.500000 -1.199980
v 1.796663 3.895227 -0.067254
v 1.931545 3.895227 -0.052880
v 1.665124 2.316469 1.231165
v 1.810579 2.302083 1.229424
v 1.807674 3.808035 -0.170579
v 1.942556 3.808035 -0.156206
v 1.653759 2.230237 1.126605
v 1.799214 2.215851 1.124864
v 1.694059 2.721354 0.875957
v 1.730453 2.967853 0.687618
v 1.726328 3.184386 0.474477
v 1.758312 3.413364 0.291107
v 1.917892 3.655153 0.135088
v 1.893515 3.413364 0.305515
v 1.868254 3.195062 0.502428
v 1.837191 2.967853 0.698992
v 1.833077 2.721354 0.890771
v 1.780331 3.576496 0.026163
v 1.769350 3.325965 0.187535
v 1.754558 3.091773 0.366473
v 1.740774 2.886126 0.590768
v 1.706595 2.622090 0.758325
v 1.845612 2.622090 0.773140
v 1.847511 2.886126 0.602142
v 1.896485 3.102449 0.394424
v 1.904552 3.325965 0.201942
v 1.917162 3.558756 0.019431
v 1.782252 3.663496 0.130636
v 1.927143 2.313969 -1.553988
v 2.088315 2.306517 -1.527882
v 1.770647 3.898150 -0.198698
v 1.924525 3.912635 -0.199660
v 1.902382 2.209175 -1.431030
v 2.063554 2.201723 -1.404925
v 1.780642 3.799862 -0.079834
v 1.934520 3.814347 -0.080796
v 1.807076 3.656907 -0.382676
v 1.842212 3.422137 -0.556818
v 1.867260 3.198161 -0.758133
v 1.870494 2.952853 -0.959405
v 1.883605 2.704249 -1.156209
v 2.021266 2.714946 -1.154358
v 2.007805 2.952853 -0.944772
v 1.988693 3.183984 -0.728201
v 1.950613 3.422137 -0.545267
v 1.948256 3.656934 -0.367573
v 1.889024 2.616135 -1.050025
v 1.859285 2.864092 -0.854218
v 1.835270 3.118506 -0.666076
v 1.831735 3.339111 -0.458510
v 1.795554 3.565628 -0.274549
v 1.936733 3.565655 -0.259447
v 1.940132 3.339135 -0.446908
v 1.956702 3.104329 -0.636144
v 1.996596 2.864092 -0.839586
v 2.026685 2.626831 -1.048175
v 1.976079 4.135836 0.006673
v 2.002429 4.135836 -0.240603
v 1.976079 3.897865 0.006673
v 2.002429 3.897865 -0.240603
v 1.478343 3.936872 -0.082705
v 0.863391 3.827340 -0.132682
v 0.883925 3.827340 -0.325368
v 1.497036 3.936872 -0.258123
v 0.863391 3.639961 -0.132682
v 1.479136 3.758014 -0.082876
v 1.497775 3.758014 -0.257789
v 0.883925 3.639961 -0.325368
v 1.754511 2.348516 0.942185
v 0.760141 2.348516 0.836221
v 0.760141 2.498517 0.836221
v 1.770405 2.498517 0.793029
v 0.776036 2.348516 0.687065
v 0.776036 2.498517 0.687066
v 1.754511 2.498517 0.942185
v 1.770405 2.348516 0.793030
v 1.982660 2.348516 -1.198770
v 0.988290 2.348516 -1.304734
v 0.988290 2.498517 -1.304735
v 1.966765 2.498517 -1.049615
v 0.972396 2.348516 -1.155579
v 0.972396 2.498517 -1.155579
v 1.982660 2.498517 -1.198770
v 1.966765 2.348516 -1.049615
v 1.878783 2.350000 -1.057443
v 2.027938 2.350000 -1.041548
v 1.831904 2.350000 0.798036
v 1.831904 2.500000 0.798036
v 1.878783 2.500000 -1.057443
v 2.027938 2.500000 -1.041548
v 1.682749 2.350000 0.782141
v 1.682749 2.500000 0.782141
v 1.868027 3.858378 -0.123061
v 1.801504 3.074086 0.501197
v 0.873657 3.675627 -0.229025
v 0.808223 3.043631 0.385009
v 1.729620 2.293722 1.175758
v 0.736216 2.301641 1.060724
v 0.832976 2.302788 1.072282
v 0.874652 2.278189 1.098229
v 1.048109 2.305872 1.092512
v 1.098241 2.291996 1.109984
v 1.232058 2.305872 1.112114
v 1.308293 2.304321 1.121594
v 1.379460 2.272075 1.157368
v 1.501949 2.301243 1.144921
v 1.562355 2.305830 1.147349
v 1.622655 2.270976 1.184245
v 1.679263 2.298223 1.166457
v 1.737877 2.383358 1.098276
v 0.743507 2.376763 0.992311
v 1.868027 3.858378 -0.123061
v 1.934551 3.074086 -0.747318
v 0.873657 3.675627 -0.229025
v 0.939091 3.043631 -0.843058
v 2.006435 2.293722 -1.421879
v 1.011098 2.301641 -1.518774
v 1.108120 2.302788 -1.509681
v 1.154328 2.278189 -1.526263
v 1.322686 2.305872 -1.484120
v 1.375374 2.291996 -1.490636
v 1.506635 2.305872 -1.464518
v 1.583155 2.304321 -1.457720
v 1.660264 2.272075 -1.477693
v 1.777378 2.301243 -1.439713
v 1.836940 2.305830 -1.429357
v 1.903660 2.270976 -1.452717
v 1.955249 2.298223 -1.423398
v 1.998178 2.383358 -1.344397
v 1.003808 2.376763 -1.450361
v -2.109452 3.858378 -0.546917
v -2.175975 3.074086 0.077340
v -1.115082 3.675627 -0.440953
v -1.180516 3.043631 0.173081
v -1.970388 2.500000 -1.607893
v -2.084506 3.750000 -0.537017
v -2.198212 2.500000 0.530002
v -2.038088 3.895227 -0.602724
v -2.172969 3.895227 -0.617098
v -1.908059 2.337608 -1.882597
v -2.053178 2.323974 -1.881721
v -2.049098 3.808035 -0.499398
v -2.183980 3.808035 -0.513772
v -1.897942 2.250695 -1.777354
v -2.043061 2.237061 -1.776478
v -1.935484 2.721354 -1.545935
v -1.971877 2.967853 -1.357595
v -1.967752 3.184386 -1.144455
v -1.999737 3.413364 -0.961085
v -2.159316 3.655153 -0.805066
v -2.134940 3.413364 -0.975492
v -2.109679 3.195062 -1.172406
v -2.078615 2.967853 -1.368970
v -2.074501 2.721354 -1.560749
v -2.021756 3.576496 -0.696141
v -2.010774 3.325965 -0.857513
v -1.995983 3.091773 -1.036451
v -1.982198 2.886126 -1.260745
v -1.948019 2.622090 -1.428303
v -2.087037 2.622090 -1.443117
v -2.088936 2.886126 -1.272120
v -2.137909 3.102449 -1.064402
v -2.145977 3.325965 -0.871920
v -2.158587 3.558756 -0.689409
v -2.023677 3.663496 -0.800614
v -2.165881 2.338051 0.859465
v -2.325602 2.331719 0.834856
v -2.012071 3.898150 -0.471280
v -2.165949 3.912635 -0.470318
v -2.142982 2.234286 0.737543
v -2.302703 2.227954 0.712934
v -2.022067 3.799862 -0.590144
v -2.175944 3.814347 -0.589182
v -2.048501 3.656907 -0.287302
v -2.083636 3.422137 -0.113159
v -2.108685 3.198161 0.088155
v -2.111919 2.952853 0.289427
v -2.125030 2.704249 0.486231
v -2.262691 2.714946 0.484380
v -2.249229 2.952853 0.274794
v -2.230117 3.183984 0.058223
v -2.192038 3.422137 -0.124711
v -2.189680 3.656934 -0.302404
v -2.130449 2.616135 0.380048
v -2.100710 2.864092 0.184241
v -2.076694 3.118506 -0.003902
v -2.073160 3.339111 -0.211467
v -2.036979 3.565628 -0.395429
v -2.178158 3.565655 -0.410531
v -2.181556 3.339135 -0.223070
v -2.198127 3.104329 -0.033834
v -2.238020 2.864092 0.169608
v -2.268110 2.626831 0.378197
v -2.217503 4.135836 -0.676651
v -2.243854 4.135836 -0.429375
v -2.217503 3.897865 -0.676651
v -2.243854 3.897865 -0.429375
v -1.719767 3.936872 -0.587273
v -1.104816 3.827340 -0.537296
v -1.125349 3.827340 -0.344610
v -1.738460 3.936872 -0.411855
v -1.104816 3.639961 -0.537296
v -1.720560 3.758014 -0.587102
v -1.739200 3.758014 -0.412189
v -1.125349 3.639961 -0.344610
v -1.995935 2.348516 -1.612162
v -1.001565 2.348516 -1.506198
v -1.001565 2.498517 -1.506199
v -2.011830 2.498517 -1.463007
v -1.017460 2.348516 -1.357043
v -1.017460 2.498517 -1.357043
v -1.995935 2.498517 -1.612163
v -2.011830 2.348516 -1.463007
v -2.224084 2.348516 0.528793
v -1.229715 2.348516 0.634757
v -1.229715 2.498517 0.634757
v -2.208189 2.498517 0.379637
v -1.213820 2.348516 0.485601
v -1.213820 2.498517 0.485602
v -2.224084 2.498517 0.528792
v -2.208189 2.348516 0.379637
v -2.120207 2.350000 0.387465
v -2.269362 2.350000 0.371571
v -2.073329 2.350000 -1.468014
v -2.073329 2.500000 -1.468014
v -2.120207 2.500000 0.387465
v -2.269362 2.500000 0.371571
v -1.924173 2.350000 -1.452119
v -1.924173 2.500000 -1.452119
v -2.245620 2.318032 0.730887
v -1.253079 2.295916 0.854009
v -2.145627 2.313850 0.745199
v -2.113611 2.284269 0.774472
v -1.930123 2.305006 0.775896
v -1.851892 2.291126 0.796367
v -1.689181 2.312337 0.795162
v -1.616383 2.293465 0.819419
v -1.418409 2.307837 0.827952
v -1.362335 2.279258 0.858912
v -1.287767 2.296193 0.851392
v -2.240499 2.373617 0.682839
v -1.245351 2.375547 0.781491
v -2.109452 3.858378 -0.546917
v -2.042928 3.074086 -1.171175
v -1.115082 3.675627 -0.440953
v -1.049648 3.043631 -1.054987
v -1.973284 2.318032 -1.824722
v -0.977085 2.295916 -1.735915
v -1.872519 2.313850 -1.817640
v -1.835054 2.284269 -1.839509
v -1.655387 2.305006 -1.802233
v -1.574598 2.291126 -1.805759
v -1.415795 2.312337 -1.770292
v -1.339520 2.293465 -1.778663
v -1.144194 2.307837 -1.745284
v -1.082855 2.279258 -1.763732
v -1.011546 2.296193 -1.740667
v -1.978404 2.373617 -1.776673
v -0.984813 2.375547 -1.663397
v 1.878528 2.348786 -1.113925
v 1.878528 0.640379 -1.113925
v 0.962831 0.495506 -1.286930
v 1.957201 0.495506 -1.180966
v 1.957201 0.645506 -1.180966
v 0.946937 0.645506 -1.137774
v 1.941306 0.495506 -1.031811
v 1.941306 0.645506 -1.031811
v 1.026948 0.640379 -1.204673
v 1.026948 2.348786 -1.204672
v 0.962831 0.645506 -1.286930
v 0.946937 0.495506 -1.137774
v 1.817424 0.627360 -1.137887
v 1.893464 0.729486 -1.129784
v 1.893070 0.627360 -1.126087
v 1.106701 2.359430 -1.213624
v 1.016391 2.275751 -1.223248
v 1.015997 2.359430 -1.219552
v 1.014627 2.275728 -1.206917
v 1.815661 0.627337 -1.121556
v 1.891307 0.627337 -1.109756
v 1.891701 0.729463 -1.113452
v 1.104938 2.359407 -1.197293
v 1.014233 2.359407 -1.203220
v 2.026064 2.500000 -1.023965
v 1.830642 -0.000000 -1.021791
v 2.046381 -0.000000 -0.998801
v 1.873950 2.500000 -1.212366
v 1.855806 2.500000 -1.042108
v 2.069371 -0.000000 -1.214540
v 2.044208 2.500000 -1.194223
v 1.853632 -0.000000 -1.237530
v 2.038033 1.250000 -1.189238
v 2.021079 1.250000 -1.030139
v 1.861980 1.250000 -1.047093
v 1.878935 1.250000 -1.206192
v 1.846235 0.625000 -1.043656
v 1.864533 0.625000 -1.215360
v 2.046385 0.625000 -1.195981
v 2.028088 0.625000 -1.024277
v 1.847743 0.312500 -1.035599
v 1.867440 0.312500 -1.220429
v 2.052270 0.312500 -1.200732
v 2.032574 0.312500 -1.015902
v 2.029124 1.875000 -1.182044
v 2.013885 1.875000 -1.039049
v 1.870890 1.875000 -1.054287
v 1.886128 1.875000 -1.197283
vn -0.0749 -0.7071 0.7031
vn 0.0749 -0.7071 -0.7031
vn 0.6319 -0.5802 -0.5139
vn 0.5094 -0.5802 0.6355
vn 0.3903 0.3099 -0.8670
vn 0.6387 0.5744 -0.5120
vn 0.2040 0.3015 0.9314
vn 0.5164 0.5744 0.6351
vn -0.1060 -0.0000 0.9944
vn -0.7833 0.0201 0.6213
vn -0.6353 -0.5774 0.5129
vn -0.5402 -0.5926 -0.5975
vn -0.6209 -0.0060 -0.7839
vn 0.0674 -0.7160 -0.6948
vn 0.1012 -0.0182 -0.9947
vn -0.6931 0.5194 0.4998
vn 0.5048 0.5872 0.6328
vn 0.6392 0.5268 -0.5602
vn -0.5294 0.4758 -0.7024
vn 0.1104 0.0073 -0.9939
vn 0.2193 0.3023 0.9276
vn 0.4775 0.5996 0.6422
vn 0.6021 0.5996 -0.5272
vn 0.4466 0.2433 -0.8610
vn 0.1761 0.3454 0.9218
vn 0.4894 0.6048 0.6282
vn 0.6187 0.6145 -0.4895
vn 0.3720 0.3465 -0.8611
vn -0.7675 0.0037 0.6410
vn -0.6152 0.0037 -0.7884
vn 0.1060 -0.0000 -0.9944
vn -0.6367 -0.1566 -0.7551
vn -0.7611 -0.0746 0.6443
vn -0.6869 -0.4697 0.5546
vn -0.6353 0.5774 0.5129
vn -0.5129 0.5774 -0.6353
vn -0.5546 -0.4697 -0.6869
vn 0.6353 0.5774 -0.5129
vn 0.6869 -0.4697 -0.5546
vn 0.5129 0.5774 0.6353
vn 0.5546 -0.4697 0.6869
vn 0.3318 0.9045 -0.2679
vn -0.2679 0.9045 -0.3318
vn 0.4448 -0.7061 0.5509
vn -0.5509 -0.7061 0.4448
vn 0.5509 -0.7061 -0.4448
vn -0.4448 -0.7061 -0.5509
vn -0.7768 0.0569 0.6272
vn -0.6272 0.0569 -0.7768
vn 0.7768 0.0569 -0.6272
vn 0.6272 0.0569 0.7768
vn 0.2679 0.9045 0.3318
vn -0.3318 0.9045 0.2679
vn -0.6276 0.0424 -0.7774
vn -0.7774 0.0424 0.6276
vn 0.6276 0.0424 0.7774
vn 0.7774 0.0424 -0.6276
vn 0.5129 -0.5774 0.6353
vn 0.6353 -0.5774 -0.5129
vn -0.5129 -0.5774 -0.6353
vn 0.9944 -0.0000 0.1060
vn 0.9944 0.0001 0.1061
vn 0.5394 -0.6218 -0.5678
vn 0.5394 0.6218 -0.5678
vn 0.7402 0.5119 -0.4359
vn 0.7402 -0.5119 -0.4359
vn 0.9473 0.1698 0.2717
vn 0.9473 -0.1698 0.2717
vn 0.7574 -0.4183 0.5014
vn 0.7574 0.4183 0.5014
vn 0.4076 -0.6218 0.6688
vn 0.4076 0.6218 0.6688
vn 0.5144 0.5767 0.6347
vn 0.5144 -0.5767 0.6347
vn 0.6317 -0.5119 0.5821
vn 0.6366 0.5767 -0.5121
vn 0.9833 0.1698 -0.0660
vn 0.9833 -0.1698 -0.0660
vn 0.6317 0.5119 0.5821
vn 0.8460 -0.4183 -0.3305
vn 0.8460 0.4183 -0.3305
vn 0.6366 -0.5767 -0.5121
vn 0.8218 -0.4896 0.2915
vn 0.8980 0.4319 -0.0842
vn 0.9092 0.3709 -0.1893
vn 0.8091 -0.4204 0.4107
vn -0.0138 0.9914 0.1298
vn 0.8359 0.5254 0.1586
vn 0.8506 0.5254 0.0211
vn 0.0138 0.9914 -0.1298
vn -0.8855 0.4635 -0.0330
vn -0.8726 0.4635 -0.1543
vn 0.8489 0.3709 0.3767
vn -0.0645 0.7934 0.6053
vn -0.0406 0.9239 0.3805
vn 0.8601 0.4319 0.2716
vn -0.8506 -0.5254 -0.0211
vn -0.8359 -0.5254 -0.1586
vn 0.0138 -0.9914 -0.1298
vn -0.0138 -0.9914 0.1298
vn 0.8601 -0.4319 0.2716
vn 0.8726 -0.4635 0.1543
vn -0.0405 -0.9239 0.3805
vn 0.8855 -0.4635 0.0330
vn -0.8855 -0.4635 -0.0330
vn -0.8980 -0.4319 0.0842
vn 0.8726 0.4635 0.1543
vn 0.8218 0.4896 0.2915
vn -0.8980 0.4319 0.0842
vn 0.0841 -0.6088 -0.7889
vn 0.8878 -0.3226 -0.3282
vn 0.8774 -0.4204 -0.2309
vn 0.0645 -0.7934 -0.6053
vn -0.8091 -0.4204 -0.4107
vn 0.0406 -0.9239 -0.3805
vn -0.8218 -0.4896 -0.2915
vn -0.8647 0.4896 0.1118
vn -0.8506 0.5254 -0.0211
vn -0.8726 -0.4635 -0.1543
vn -0.8601 -0.4319 -0.2716
vn 0.8980 -0.4319 -0.0842
vn -0.9183 0.2846 0.2751
vn -0.7987 -0.3226 -0.5079
vn -0.9092 0.3709 0.1893
vn 0.8091 0.4204 0.4107
vn 0.8951 -0.2028 -0.3970
vn 0.8333 0.1789 0.5231
vn 0.8397 0.2846 0.4625
vn 0.9092 -0.3709 -0.1893
vn 0.9248 -0.1789 -0.3358
vn 0.0979 -0.3827 -0.9187
vn 0.9183 -0.2846 -0.2751
vn -0.8333 -0.1789 -0.5231
vn -0.8397 -0.2846 -0.4625
vn -0.0841 0.6088 0.7889
vn 0.7987 0.3226 0.5079
vn 0.8989 -0.0692 -0.4326
vn 0.8299 0.0610 0.5546
vn -0.8951 0.2028 0.3970
vn -0.8878 0.3226 0.3282
vn -0.0979 0.3827 0.9187
vn -0.8774 0.4204 0.2309
vn -0.8489 -0.3709 -0.3767
vn 0.7914 0.2028 0.5767
vn 0.8989 0.0692 -0.4326
vn 0.8299 -0.0610 0.5546
vn 0.9281 0.0610 -0.3672
vn 0.1051 0.1305 -0.9859
vn 0.1051 -0.1305 -0.9859
vn 0.9281 -0.0610 -0.3672
vn -0.8299 0.0610 -0.5546
vn -0.8299 -0.0610 -0.5546
vn -0.1051 0.1305 0.9859
vn 0.7876 0.0692 0.6123
vn 0.8951 0.2028 -0.3970
vn 0.8333 -0.1789 0.5231
vn -0.8989 -0.0692 0.4326
vn -0.8989 0.0692 0.4326
vn -0.1051 -0.1305 0.9859
vn 0.7876 -0.0692 0.6123
vn 0.8878 0.3226 -0.3282
vn 0.8397 -0.2846 0.4625
vn 0.9183 0.2846 -0.2751
vn 0.0841 0.6088 -0.7889
vn 0.0979 0.3827 -0.9187
vn 0.9248 0.1789 -0.3358
vn -0.8397 0.2846 -0.4625
vn -0.8333 0.1789 -0.5231
vn -0.0979 -0.3827 0.9187
vn 0.7914 -0.2028 0.5767
vn 0.8774 0.4204 -0.2309
vn 0.8489 -0.3709 0.3767
vn -0.8878 -0.3226 0.3282
vn -0.8951 -0.2028 0.3970
vn -0.0841 -0.6088 0.7889
vn 0.7987 -0.3226 0.5079
vn 0.8647 0.4896 -0.1118
vn 0.0405 0.9239 -0.3805
vn -0.8601 0.4319 -0.2716
vn -0.8489 0.3709 -0.3767
vn 0.0645 0.7934 -0.6053
vn -0.0645 -0.7934 0.6053
vn -0.8647 -0.4896 0.1118
vn -0.8774 -0.4204 0.2309
vn -0.8359 0.5254 -0.1586
vn 0.8647 -0.4896 -0.1118
vn 0.8506 -0.5254 0.0211
vn -0.0406 -0.9239 0.3805
vn -0.9248 0.1789 0.3358
vn -0.8218 0.4896 -0.2915
vn 0.8359 -0.5254 0.1586
vn 0.8855 0.4635 0.0330
vn -0.7914 -0.2028 -0.5767
vn -0.9281 0.0610 0.3672
vn -0.7876 -0.0692 -0.6123
vn -0.9281 -0.0610 0.3672
vn -0.7876 0.0692 -0.6123
vn -0.9248 -0.1789 0.3358
vn -0.7914 0.2028 -0.5767
vn -0.9183 -0.2846 0.2751
vn -0.7987 0.3226 -0.5079
vn -0.9092 -0.3709 0.1893
vn -0.8091 0.4204 -0.4107
vn 0.0406 0.9239 -0.3805
vn -0.1045 0.1657 0.9806
vn 0.5904 0.1228 0.7977
vn 0.5911 0.3880 0.7071
vn -0.0906 0.5181 0.8505
vn 0.1043 -0.1745 -0.9791
vn 0.8135 -0.1157 -0.5699
vn 0.8124 -0.3492 -0.4670
vn 0.0895 -0.5357 -0.8396
vn 0.0635 -0.8005 -0.5959
vn 0.7803 -0.5368 -0.3210
vn 0.0323 -0.9524 -0.3032
vn 0.7679 -0.6290 -0.1207
vn 0.6227 0.5820 0.5230
vn -0.0652 0.7884 0.6117
vn 0.6374 0.7100 0.2993
vn -0.0327 0.9513 0.3065
vn 0.7322 -0.6766 0.0780
vn 0.6781 0.7314 0.0723
vn -0.0000 -1.0000 -0.0000
vn -0.0000 1.0000 -0.0000
vn 0.1045 0.1657 -0.9806
vn 0.0906 0.5181 -0.8505
vn 0.7269 0.3880 -0.5667
vn 0.7453 0.1228 -0.6554
vn -0.1043 -0.1745 0.9791
vn 0.6752 -0.1157 0.7285
vn 0.6957 -0.3492 0.6277
vn 0.6951 -0.5368 0.4782
vn -0.0635 -0.8005 0.5959
vn -0.0895 -0.5357 0.8396
vn 0.7253 -0.6290 0.2798
vn -0.0323 -0.9524 0.3032
vn 0.0652 0.7884 -0.6117
vn 0.7189 0.5820 -0.3800
vn 0.0327 0.9513 -0.3065
vn 0.6862 0.7100 -0.1582
vn -0.5129 0.5773 -0.6353
vn -0.0476 0.7135 0.6990
vn 0.0217 0.9997 -0.0110
vn -0.6959 0.7143 -0.0742
vn -0.6130 0.5901 0.5255
vn -0.0490 -0.6983 0.7141
vn -0.6130 -0.5901 0.5255
vn -0.6959 -0.7143 -0.0742
vn 0.0193 -0.9997 0.0153
vn 0.7152 -0.6973 0.0478
vn 0.6776 0.7280 0.1046
vn 0.4654 0.5597 0.6857
vn 0.5158 -0.6127 0.5987
vn -0.0981 -0.7107 0.6966
vn -0.0995 0.7023 0.7049
vn -0.0714 0.7385 0.6704
vn -0.0782 -0.6746 0.7340
vn -0.0028 -0.9996 0.0266
vn -0.0172 -0.9998 -0.0105
vn -0.0187 0.9998 0.0057
vn 0.0028 0.9996 -0.0266
vn -0.2155 0.7220 0.6575
vn -0.2097 0.9775 -0.0236
vn -0.8049 0.5872 -0.0858
vn -0.6916 0.4789 0.5407
vn 0.1052 -0.6566 0.7469
vn -0.5210 -0.6759 0.5212
vn -0.5842 -0.8092 -0.0623
vn 0.2422 -0.9695 0.0361
vn 0.5809 -0.8131 0.0362
vn 0.7909 0.6028 0.1051
vn 0.5284 0.4501 0.7198
vn 0.4324 -0.6935 0.5763
vn -0.2616 -0.6735 0.6914
vn 0.0688 0.7121 0.6987
vn -0.0699 0.7515 0.6560
vn -0.0816 -0.6378 0.7659
vn -0.0022 -0.9998 0.0208
vn -0.2420 -0.9698 -0.0316
vn 0.2081 0.9774 0.0368
vn 0.0003 1.0000 -0.0024
vn -0.7875 0.0117 0.6162
vn -0.9920 0.0084 -0.1262
vn -0.9943 -0.0078 -0.1060
vn -0.7780 -0.0111 0.6282
vn 0.6162 0.0117 0.7875
vn 0.6282 -0.0111 0.7780
vn 0.9943 -0.0078 0.1060
vn 0.9920 0.0082 0.1259
vn 0.6335 -0.0053 0.7737
vn -0.7739 -0.0052 0.6332
vn -0.8113 -0.0000 0.5847
vn 0.5847 -0.0000 0.8113
vn 0.9892 -0.0000 0.1463
vn 0.9954 -0.0035 0.0960
vn -0.9952 -0.0039 -0.0975
vn -0.9892 -0.0000 -0.1463
vn -0.7162 0.0242 0.6975
vn -0.9987 0.0172 -0.0471
vn 0.6979 0.0239 0.7158
vn 0.9987 0.0169 0.0471
vn -0.7763 0.0035 0.6303
vn -0.9948 0.0024 -0.1022
vn -0.9943 -0.0085 -0.1060
vn -0.7780 -0.0121 0.6282
vn 0.6303 0.0035 0.7763
vn 0.6282 -0.0121 0.7780
vn 0.9943 -0.0085 0.1060
vn 0.9948 0.0025 0.1022
vn 0.6484 0.0034 0.7613
vn -0.7615 0.0033 0.6482
vn -0.7713 0.0167 0.6362
vn 0.6362 0.0167 0.7713
vn 0.9951 0.0118 0.0982
vn 0.9975 0.0024 0.0707
vn -0.9975 0.0024 -0.0712
vn -0.9951 0.0118 -0.0982
vn -0.7144 -0.0077 0.6996
vn -0.9990 -0.0054 -0.0438
vn 0.6999 -0.0076 0.7142
vn 0.9990 -0.0053 0.0438
vn 0.6308 0.0016 0.7760
vn -0.8864 -0.0023 0.4630
vn -0.8952 -0.0183 0.4454
vn 0.6278 -0.0070 0.7784
vn 0.6491 -0.0002 0.7607
vn -0.8771 0.0129 0.4802
vn -0.8762 0.0099 0.4818
vn 0.6345 0.0097 0.7729
vn 0.6965 -0.0099 0.7175
vn -0.8492 0.0185 0.5278
vn 0.9978 -0.0013 0.0662
vn 0.9994 -0.0109 0.0332
vn -0.8853 0.0234 -0.4645
vn -0.8890 0.0129 -0.4578
vn -0.8923 0.0054 -0.4514
vn -0.8757 -0.0036 -0.4829
vn 0.9948 0.0012 0.1022
vn 0.9951 0.0080 0.0984
vn 0.9944 -0.0058 0.1060
vn -0.8572 -0.0155 -0.5147
vn -0.0835 -0.6349 0.7680
vn -0.0139 -0.9977 0.0657
vn -0.0105 -0.9993 0.0366
vn -0.0831 -0.6858 0.7231
vn -0.0535 0.7730 0.6322
vn -0.0719 0.7279 0.6819
vn -0.0072 -0.9999 0.0079
vn -0.0856 -0.6997 0.7093
vn -0.0860 0.7143 0.6945
vn -0.0081 0.9999 -0.0095
vn 0.0070 0.9993 -0.0374
vn 0.0220 0.9977 -0.0648
vn -0.0802 0.6349 0.7684
vn -0.0003 0.9977 0.0672
vn 0.0026 0.9993 0.0380
vn -0.0712 0.6858 0.7243
vn -0.0809 -0.7730 0.6293
vn -0.0734 -0.7279 0.6818
vn 0.0054 0.9999 0.0092
vn -0.0658 0.6997 0.7114
vn -0.0623 -0.7143 0.6970
vn 0.0100 -0.9999 -0.0076
vn 0.0010 -0.9993 -0.0380
vn -0.0078 -0.9977 -0.0680
vn -0.1099 -0.0669 0.9917
vn -0.1041 -0.0376 0.9939
vn -0.0983 -0.0086 0.9951
vn -0.5129 -0.5773 -0.6353
vn 0.6353 -0.5773 -0.5129
vn 0.5129 0.5773 0.6353
vn -0.7949 0.1698 0.5825
vn -0.6378 -0.5842 0.5019
vn 0.3581 -0.6670 0.6533
vn 0.6522 -0.1704 0.7387
vn 0.5193 0.5826 0.6252
vn -0.4887 0.6686 0.5604
vn 0.7029 0.7073 0.0749
vn -0.5206 0.8518 -0.0574
vn -0.9695 0.2214 -0.1050
vn -0.7053 -0.7049 -0.0752
vn 0.5185 -0.8532 0.0572
vn 0.9693 -0.2223 0.1050
vn -0.9944 -0.0000 -0.1060
vn 0.0749 0.7071 -0.7031
vn -0.0749 0.7071 0.7031
vn -0.6353 0.5773 0.5129
vn 0.6543 0.1698 0.7369
vn 0.3597 0.6686 0.6509
vn -0.6394 0.5826 0.5017
vn -0.7932 -0.1704 0.5847
vn -0.4878 -0.6670 0.5632
vn 0.5177 -0.5842 0.6250
vn 0.5210 0.8519 0.0536
vn -0.7029 0.7073 -0.0749
vn 0.7053 -0.7049 0.0752
vn 0.9699 0.2214 0.1017
vn -0.9697 -0.2223 -0.1017
vn -0.5189 -0.8532 -0.0534
vn 0.0476 0.7135 -0.6990
vn -0.0217 0.9997 0.0110
vn 0.6959 0.7143 0.0742
vn 0.6130 0.5901 -0.5255
vn 0.0490 -0.6983 -0.7141
vn 0.6130 -0.5901 -0.5255
vn 0.6959 -0.7143 0.0742
vn -0.0193 -0.9997 -0.0153
vn -0.7152 -0.6973 -0.0478
vn -0.6776 0.7280 -0.1046
vn -0.4654 0.5597 -0.6857
vn -0.5158 -0.6127 -0.5987
vn 0.0981 -0.7107 -0.6966
vn 0.0995 0.7023 -0.7049
vn 0.0714 0.7385 -0.6704
vn 0.0782 -0.6746 -0.7340
vn 0.0028 -0.9996 -0.0266
vn 0.0172 -0.9998 0.0105
vn 0.0187 0.9998 -0.0057
vn -0.0028 0.9996 0.0266
vn 0.2155 0.7220 -0.6575
vn 0.2097 0.9775 0.0236
vn 0.8049 0.5872 0.0858
vn 0.6916 0.4789 -0.5407
vn -0.1052 -0.6566 -0.7469
vn 0.5210 -0.6759 -0.5212
vn 0.5842 -0.8092 0.0623
vn -0.2422 -0.9695 -0.0361
vn -0.5809 -0.8131 -0.0362
vn -0.7909 0.6028 -0.1051
vn -0.5284 0.4501 -0.7198
vn -0.4324 -0.6935 -0.5763
vn 0.2616 -0.6735 -0.6914
vn -0.0688 0.7121 -0.6987
vn 0.0699 0.7515 -0.6560
vn 0.0816 -0.6378 -0.7659
vn 0.0022 -0.9998 -0.0208
vn 0.2420 -0.9698 0.0316
vn -0.2081 0.9774 -0.0368
vn -0.0003 1.0000 0.0024
vn 0.7875 0.0117 -0.6162
vn 0.9920 0.0084 0.1262
vn 0.7780 -0.0111 -0.6282
vn -0.6162 0.0117 -0.7875
vn -0.6282 -0.0111 -0.7780
vn -0.9920 0.0082 -0.1259
vn -0.6335 -0.0053 -0.7737
vn 0.7739 -0.0052 -0.6332
vn 0.8113 -0.0000 -0.5847
vn -0.5847 -0.0000 -0.8113
vn -0.9954 -0.0035 -0.0960
vn 0.9952 -0.0039 0.0974
vn 0.7162 0.0242 -0.6975
vn 0.9987 0.0172 0.0471
vn -0.6979 0.0239 -0.7158
vn -0.9987 0.0169 -0.0471
vn 0.7763 0.0035 -0.6303
vn 0.9948 0.0024 0.1022
vn 0.7780 -0.0121 -0.6282
vn -0.6303 0.0035 -0.7763
vn -0.6282 -0.0121 -0.7780
vn -0.9948 0.0025 -0.1022
vn -0.6484 0.0034 -0.7613
vn 0.7615 0.0033 -0.6482
vn 0.7713 0.0167 -0.6362
vn -0.6362 0.0167 -0.7713
vn -0.9975 0.0024 -0.0707
vn 0.9975 0.0024 0.0712
vn 0.7144 -0.0077 -0.6997
vn 0.9990 -0.0054 0.0438
vn -0.6999 -0.0076 -0.7142
vn -0.9990 -0.0053 -0.0438
vn -0.6308 0.0016 -0.7760
vn 0.8864 -0.0023 -0.4630
vn 0.8952 -0.0183 -0.4454
vn -0.6278 -0.0070 -0.7784
vn -0.6491 -0.0002 -0.7607
vn 0.8771 0.0129 -0.4802
vn 0.8762 0.0099 -0.4818
vn -0.6345 0.0097 -0.7729
vn -0.6965 -0.0099 -0.7175
vn 0.8492 0.0185 -0.5278
vn -0.9978 -0.0013 -0.0662
vn -0.9994 -0.0109 -0.0332
vn 0.8853 0.0234 0.4645
vn 0.8890 0.0129 0.4578
vn 0.8923 0.0054 0.4514
vn 0.8757 -0.0036 0.4829
vn -0.9948 0.0012 -0.1022
vn -0.9951 0.0080 -0.0984
vn -0.9944 -0.0058 -0.1060
vn 0.8572 -0.0155 0.5147
vn 0.0835 -0.6349 -0.7680
vn 0.0139 -0.9977 -0.0657
vn 0.0105 -0.9993 -0.0366
vn 0.0831 -0.6858 -0.7231
vn 0.0535 0.7730 -0.6322
vn 0.0719 0.7279 -0.6819
vn 0.0072 -0.9999 -0.0079
vn 0.0856 -0.6997 -0.7093
vn 0.0860 0.7143 -0.6945
vn 0.0081 0.9999 0.0095
vn -0.0070 0.9993 0.0374
vn -0.0220 0.9977 0.0648
vn 0.0802 0.6349 -0.7684
vn 0.0003 0.9977 -0.0672
vn -0.0026 0.9993 -0.0380
vn 0.0712 0.6858 -0.7243
vn 0.0809 -0.7730 -0.6293
vn 0.0734 -0.7279 -0.6818
vn -0.0054 0.9999 -0.0092
vn 0.0658 0.6997 -0.7114
vn 0.0623 -0.7143 -0.6970
vn -0.0100 -0.9999 0.0076
vn -0.0010 -0.9993 0.0380
vn 0.0078 -0.9977 0.0680
vn 0.1099 -0.0669 -0.9917
vn 0.1041 -0.0375 -0.9939
vn 0.0983 -0.0086 -0.9951
vn 0.7949 0.1698 -0.5825
vn 0.6378 -0.5842 -0.5019
vn -0.3581 -0.6670 -0.6533
vn -0.6522 -0.1704 -0.7387
vn -0.5193 0.5826 -0.6252
vn 0.4887 0.6686 -0.5604
vn 0.5206 0.8519 0.0574
vn 0.9695 0.2214 0.1050
vn -0.5185 -0.8532 -0.0572
vn -0.9693 -0.2223 -0.1050
vn -0.7780 -0.0064 0.6282
vn 0.6282 -0.0064 0.7780
vn 0.5180 0.5658 0.6415
vn -0.6415 0.5658 0.5180
vn 0.7780 -0.0064 -0.6282
vn 0.6415 0.5658 -0.5180
vn -0.6282 -0.0064 -0.7780
vn -0.5180 0.5658 -0.6415
vn 0.6492 -0.5513 -0.5241
vn 0.5241 -0.5513 0.6492
vn -0.6492 -0.5513 0.5241
vn -0.5241 -0.5513 -0.6492
vn -0.6327 0.0162 -0.7742
vn -0.7828 0.0176 0.6220
vn -0.7762 0.0207 0.6301
vn -0.6265 0.0221 -0.7791
vn 0.7779 0.0177 -0.6281
vn 0.7779 0.0207 -0.6281
vn 0.6276 0.0163 0.7784
vn 0.6295 0.0222 0.7766
vn -0.7742 0.0420 0.6316
vn 0.6264 0.0505 0.7778
vn 0.7772 0.0477 -0.6275
vn -0.6247 0.0391 -0.7799
vn 0.5155 0.5714 0.6385
vn -0.6385 0.5714 0.5155
vn 0.6385 0.5714 -0.5155
vn -0.5155 0.5714 -0.6385
vn -0.7763 0.0132 0.6302
vn -0.6266 0.0147 -0.7792
vn 0.7780 0.0103 -0.6282
vn 0.6277 0.0089 0.7784
vn -0.0804 -0.7057 0.7039
vn -0.0748 -0.7085 0.7018
vn 0.0751 -0.7054 -0.7048
vn 0.0790 -0.7088 -0.7010
vn -0.0799 0.7056 0.7041
vn -0.0748 0.7086 0.7016
vn 0.0751 0.7056 -0.7046
vn 0.0795 0.7086 -0.7011
vn 0.5129 -0.5773 0.6353
vn 0.7031 -0.7071 0.0749
vn 0.7031 0.7071 0.0749
vn -0.0697 -0.7057 0.7050
vn 0.0705 -0.7088 -0.7019
vn -0.0703 0.7056 0.7051
vn 0.0700 0.7086 -0.7021
vn -0.7031 -0.7071 -0.0749
vn -0.7031 0.7071 -0.0749
vn -0.0770 0.6872 0.7224
vn -0.0758 0.6989 0.7112
vn -0.0781 0.6754 0.7333
vn 0.0781 0.6754 -0.7333
vn 0.0770 0.6872 -0.7224
vn 0.0758 0.6989 -0.7112
vn -0.7477 0.4704 0.4686
vn -0.6102 -0.0393 0.7913
vn 0.5449 -0.1015 0.8323
vn 0.6810 0.4395 0.5857
vn -0.6272 -0.7744 -0.0829
vn 0.5316 -0.8463 -0.0357
vn -0.7191 -0.3766 -0.5839
vn -0.5259 0.0993 -0.8447
vn 0.6303 0.0772 -0.7725
vn 0.7039 -0.4583 -0.5427
vn -0.5628 0.8260 0.0308
vn 0.5857 0.8012 0.1231
vn -0.7132 0.4538 0.5343
vn 0.6768 0.4038 0.6156
vn 0.7292 -0.4385 -0.5253
vn 0.7883 -0.4307 -0.4394
vn 0.6030 0.4791 0.6379
vn 0.7997 -0.4556 -0.3911
vn 0.5985 0.4854 0.6373
vn 0.7531 -0.4299 -0.4981
vn 0.6538 0.4295 0.6230
vn -0.6532 -0.4084 -0.6376
vn -0.7550 0.4573 0.4699
vn -0.6431 -0.4546 -0.6162
vn -0.8187 0.4096 0.4024
vn -0.5834 -0.5266 -0.6183
vn -0.7749 0.4247 0.4682
vn -0.6386 -0.4279 -0.6396
vn -0.6676 0.3807 -0.6398
vn -0.6237 0.7714 -0.1262
vn 0.5325 0.8415 -0.0908
vn 0.7524 0.4042 -0.5201
vn -0.6125 0.0487 0.7890
vn 0.5559 0.1211 0.8223
vn -0.7181 -0.4844 0.4996
vn -0.5886 -0.8084 -0.0003
vn 0.5765 -0.8077 0.1240
vn 0.6807 -0.4340 0.5901
vn -0.4922 -0.0396 -0.8696
vn 0.6621 -0.0368 -0.7486
vn -0.6956 0.4497 -0.5603
vn 0.7261 0.5023 -0.4696
vn 0.6669 -0.4511 0.5931
vn 0.6069 -0.4863 0.6286
vn 0.7807 0.4194 -0.4633
vn 0.5620 -0.4853 0.6698
vn 0.8268 0.4191 -0.3752
vn 0.6381 -0.4478 0.6263
vn 0.7651 0.4608 -0.4497
vn -0.7431 -0.4734 0.4729
vn -0.6145 0.4503 -0.6477
vn -0.7701 -0.4563 0.4457
vn -0.5626 0.5195 -0.6431
vn -0.8320 -0.3834 0.4010
vn -0.6401 0.4686 -0.6088
vn -0.7668 -0.4400 0.4672
vn -0.2860 0.6644 0.6904
vn 0.3889 0.6784 0.6234
vn 0.5115 0.6784 -0.5274
vn -0.1401 0.6610 -0.7372
vn 0.5497 -0.4865 0.6791
vn 0.6804 -0.4865 -0.5480
vn 0.2188 -0.7076 -0.6719
vn 0.2122 -0.7367 -0.6420
vn -0.0348 0.6576 -0.7526
vn 0.0815 -0.7090 0.7005
vn -0.1761 0.6538 0.7359
vn 0.0852 -0.7307 0.6773
vn -0.6353 -0.5773 0.5129
vn 0.6353 0.5773 -0.5129
vn -0.1238 0.6624 0.7389
vn -0.1244 0.6623 0.7388
vn -0.1530 0.6585 0.7369
vn -0.0883 0.6676 0.7392
vn -0.0814 0.6696 0.7382
vn 0.0346 0.6624 -0.7484
vn 0.0057 0.6585 -0.7526
vn 0.0341 0.6623 -0.7484
vn 0.0695 0.6676 -0.7412
vn 0.0760 0.6696 -0.7388
vn -0.0347 0.6624 0.7484
vn -0.0057 0.6585 0.7526
vn -0.0341 0.6623 0.7485
vn 0.7491 0.4694 -0.4674
vn 0.6127 -0.0403 -0.7893
vn -0.5423 -0.1003 -0.8342
vn -0.6795 0.4405 -0.5868
vn 0.6246 -0.7764 0.0842
vn -0.5342 -0.8447 0.0341
vn 0.7192 -0.3766 0.5839
vn 0.5259 0.0993 0.8447
vn -0.6303 0.0772 0.7725
vn -0.7039 -0.4583 0.5427
vn 0.5628 0.8260 -0.0308
vn -0.5857 0.8012 -0.1231
vn 0.7132 0.4538 -0.5343
vn -0.6768 0.4038 -0.6156
vn -0.7307 -0.4377 0.5240
vn -0.7883 -0.4307 0.4394
vn -0.6030 0.4791 -0.6379
vn -0.7997 -0.4556 0.3911
vn -0.5985 0.4854 -0.6373
vn -0.7531 -0.4299 0.4981
vn -0.6538 0.4295 -0.6230
vn 0.6516 -0.4095 0.6386
vn 0.7550 0.4573 -0.4699
vn 0.6431 -0.4546 0.6162
vn 0.8187 0.4096 -0.4024
vn 0.5834 -0.5266 0.6183
vn 0.7749 0.4247 -0.4682
vn 0.6386 -0.4279 0.6396
vn 0.6676 0.3807 0.6398
vn 0.6237 0.7714 0.1263
vn -0.5325 0.8415 0.0908
vn -0.7524 0.4042 0.5201
vn 0.6125 0.0487 -0.7890
vn -0.5559 0.1211 -0.8223
vn 0.7161 -0.4858 -0.5012
vn 0.5854 -0.8107 -0.0026
vn -0.5801 -0.8054 -0.1217
vn -0.6829 -0.4326 -0.5887
vn 0.4957 -0.0418 0.8675
vn -0.6589 -0.0347 0.7514
vn 0.6977 0.4481 0.5589
vn -0.7240 0.5036 0.4714
vn -0.6669 -0.4511 -0.5931
vn -0.6069 -0.4863 -0.6286
vn -0.7807 0.4194 0.4633
vn -0.5620 -0.4853 -0.6698
vn -0.8268 0.4191 0.3752
vn -0.6381 -0.4478 -0.6263
vn -0.7651 0.4608 0.4497
vn 0.7431 -0.4734 -0.4729
vn 0.6145 0.4503 0.6477
vn 0.7701 -0.4563 -0.4457
vn 0.5626 0.5195 0.6431
vn 0.8320 -0.3834 -0.4010
vn 0.6401 0.4686 0.6088
vn 0.7668 -0.4400 -0.4672
vn 0.2860 0.6644 -0.6904
vn -0.3889 0.6784 -0.6234
vn -0.5115 0.6784 0.5274
vn 0.1401 0.6610 0.7372
vn -0.5497 -0.4865 -0.6791
vn -0.6804 -0.4865 0.5480
vn -0.2188 -0.7076 0.6719
vn -0.2122 -0.7367 0.6420
vn 0.0348 0.6576 0.7526
vn -0.0815 -0.7090 -0.7005
vn 0.1761 0.6538 -0.7359
vn -0.0852 -0.7307 -0.6773
vn -0.0693 0.6686 0.7404
vn -0.0755 0.6715 0.7371
vn 0.1238 0.6624 -0.7389
vn 0.1244 0.6623 -0.7389
vn 0.1530 0.6585 -0.7369
vn 0.0883 0.6686 -0.7384
vn 0.0815 0.6715 -0.7365
vn 0.5206 0.8518 0.0574
vt 0.429688 0.412109
vt 0.429688 0.440430
vt 0.426758 0.440430
vt 0.426758 0.412109
vt 0.092773 0.060547
vt 0.005859 0.060547
vt 0.019531 0.000000
vt 0.092773 0.000000
vt 0.122070 0.146484
vt 0.122070 0.046875
vt 0.494141 0.046875
vt 0.494141 0.146484
vt 0.334961 0.062500
vt 0.098620 0.062500
vt 0.098620 0.000977
vt 0.334961 0.000977
vt 0.030273 0.004883
vt 0.493164 0.004883
vt 0.493164 0.092773
vt 0.018555 0.092773
vt 0.462891 0.000977
vt 0.462891 0.074219
vt 0.069336 0.074219
vt 0.069336 0.000977
vt 0.449449 0.439530
vt 0.439453 0.440430
vt 0.439453 0.412109
vt 0.449449 0.412109
vt 0.413385 0.062184
vt 0.181327 0.062188
vt 0.181327 0.001643
vt 0.413423 0.001436
vt 0.449219 0.062500
vt 0.449219 0.000977
vt 0.012695 0.390342
vt 0.012695 0.148438
vt 0.349609 0.148438
vt 0.353560 0.390342
vt 0.434570 0.440430
vt 0.434570 0.412109
vt 0.181641 0.060547
vt 0.073242 0.060547
vt 0.073242 0.000000
vt 0.181641 0.000000
vt 0.408203 0.062500
vt 0.316406 0.062500
vt 0.316406 0.000977
vt 0.408203 0.000977
vt 0.036867 0.360352
vt 0.036867 0.214844
vt 0.485528 0.214844
vt 0.485528 0.360352
vt 0.186523 0.060547
vt 0.186523 0.000000
vt 0.496094 0.000977
vt 0.497070 0.062500
vt 0.016602 0.300781
vt 0.016602 0.188477
vt 0.412109 0.188477
vt 0.416992 0.300781
vt 0.334961 0.120117
vt 0.102254 0.115298
vt 0.449219 0.120117
vt 0.334961 0.120117
vt 0.408203 0.127930
vt 0.316406 0.120117
vt 0.493164 0.099688
vt 0.493164 0.173907
vt 0.018555 0.173907
vt 0.018555 0.099688
vt 0.093194 0.059899
vt 0.186944 0.059899
vt 0.186945 0.115562
vt 0.093186 0.123390
vt 0.181641 0.116211
vt 0.073242 0.116211
vt 0.413698 0.060547
vt 0.412861 0.111437
vt 0.024414 0.167969
vt 0.474609 0.167969
vt 0.470703 0.256836
vt 0.024414 0.256836
vt 0.181641 0.174805
vt 0.073242 0.169922
vt 0.412950 0.111426
vt 0.413698 0.174805
vt 0.495117 0.286133
vt 0.495117 0.368164
vt 0.001953 0.368164
vt 0.001953 0.286133
vt 0.102283 0.115293
vt 0.334961 0.180664
vt 0.098620 0.180664
vt 0.449219 0.120117
vt 0.441406 0.175781
vt 0.493164 0.161244
vt 0.493164 0.254994
vt 0.018555 0.254994
vt 0.018555 0.161244
vt 0.413335 0.180118
vt 0.415468 0.229058
vt 0.181746 0.235932
vt 0.181846 0.180041
vt 0.482422 0.385742
vt 0.491211 0.468750
vt 0.003906 0.468750
vt 0.003906 0.385742
vt 0.098620 0.180664
vt 0.334961 0.237305
vt 0.091648 0.229242
vt 0.018589 0.236773
vt 0.493170 0.236773
vt 0.493164 0.307086
vt 0.002970 0.307086
vt 0.626953 0.004883
vt 0.626953 0.073712
vt 0.508789 0.073712
vt 0.508789 0.004883
vt 0.980469 0.004883
vt 0.980469 0.073712
vt 0.862305 0.073712
vt 0.862305 0.004883
vt 0.862305 0.073712
vt 0.744141 0.073712
vt 0.744141 0.004883
vt 0.744141 0.073712
vt 0.626953 0.073712
vt 0.873047 0.132444
vt 0.752930 0.132444
vt 0.752930 0.029297
vt 0.873047 0.029297
vt 0.745117 0.127930
vt 0.745117 0.090820
vt 0.862305 0.090820
vt 0.862305 0.127930
vt 0.626953 0.127930
vt 0.626953 0.090820
vt 0.508789 0.127930
vt 0.508789 0.090820
vt 0.980469 0.090820
vt 0.980469 0.127930
vt 0.866419 0.490818
vt 0.976354 0.490818
vt 0.512903 0.490818
vt 0.622839 0.490818
vt 0.631067 0.490818
vt 0.741003 0.490818
vt 0.749198 0.490818
vt 0.858224 0.490818
vt 0.958984 0.122070
vt 0.958984 0.046875
vt 0.983398 0.023438
vt 0.983398 0.145508
vt 0.883789 0.046875
vt 0.860352 0.023438
vt 0.883789 0.122070
vt 0.860352 0.145508
vt 0.852539 0.492188
vt 0.852539 0.349609
vt 0.994141 0.349609
vt 0.994141 0.492188
vt 0.632812 0.132444
vt 0.511719 0.132444
vt 0.511719 0.029297
vt 0.632812 0.029297
vt 0.752930 0.132444
vt 0.632813 0.132444
vt 0.994141 0.132444
vt 0.994141 0.029297
vt 0.861328 0.355469
vt 0.979492 0.355469
vt 0.979492 0.496094
vt 0.861328 0.496094
vt 0.625000 0.355469
vt 0.743164 0.355469
vt 0.743164 0.496094
vt 0.625000 0.496094
vt 0.506836 0.355469
vt 0.506836 0.496094
vt 0.938572 0.564151
vt 0.998214 0.564151
vt 0.998214 0.996208
vt 0.938572 0.996208
vt 0.876803 0.115061
vt 0.876803 0.569543
vt 0.939540 0.569543
vt 0.939540 0.115061
vt 0.876803 0.019286
vt 0.939540 0.019286
vt 0.939540 0.473768
vt 0.876803 0.473768
vt 0.997840 0.340557
vt 0.997840 0.287396
vt 0.944679 0.287396
vt 0.944679 0.340557
vt 0.883789 0.872070
vt 0.883789 0.127930
vt 0.939453 0.127930
vt 0.939453 0.872070
vt 0.940882 0.471795
vt 0.940882 0.528205
vt 0.997291 0.528205
vt 0.997291 0.471795
vt -0.000000 0.498047
vt 0.500000 0.498047
vt 0.500000 0.998047
vt -0.000000 0.998047
vt 0.735352 0.001953
vt 0.876953 0.001953
vt 0.876953 0.165039
vt 0.863281 0.191406
vt 0.843750 0.211914
vt 0.822266 0.221680
vt 0.788086 0.221680
vt 0.759766 0.204102
vt 0.754068 0.194986
vt 0.735352 0.163086
vt 0.374023 0.330078
vt 0.374023 0.333984
vt 0.371094 0.333984
vt 0.371094 0.330078
vt 0.369141 0.333984
vt 0.369141 0.330078
vt 0.369141 0.332031
vt 0.366211 0.330078
vt 0.366211 0.333984
vt 0.364258 0.334961
vt 0.364258 0.329102
vt 0.372070 0.327148
vt 0.367188 0.330078
vt 0.367188 0.327148
vt 0.372070 0.336914
vt 0.367188 0.336914
vt 0.367188 0.333984
vt 0.371094 0.332031
vt 0.375977 0.329102
vt 0.375977 0.334961
vt 0.378906 0.333984
vt 0.375977 0.332031
vt 0.375977 0.333984
vt 0.383789 0.333984
vt 0.383789 0.332031
vt 0.380859 0.327148
vt 0.380859 0.329102
vt 0.378906 0.329102
vt 0.378906 0.327148
vt 0.380859 0.333984
vt 0.380859 0.334961
vt 0.378906 0.330078
vt 0.380859 0.330078
vt 0.380859 0.332031
vt 0.378906 0.332031
vt 0.383789 0.334961
vt 0.383789 0.329102
vt 0.383789 0.327148
vt 0.375977 0.330078
vt 0.376953 0.332031
vt 0.376953 0.333984
vt 0.376953 0.334961
vt 0.376953 0.327148
vt 0.376953 0.329102
vt 0.375977 0.327148
vt 0.381836 0.333984
vt 0.376953 0.330078
vt 0.378906 0.334961
vt 0.383789 0.330078
vt 0.381836 0.329102
vt 0.381836 0.330078
vt 0.381836 0.332031
vt 0.381836 0.334961
vt 0.381836 0.327148
vt 0.882812 0.552734
vt 0.939453 0.552734
vt 0.939453 0.606445
vt 0.882812 0.606445
vt 0.935811 0.164965
vt 0.935811 0.210035
vt 0.878605 0.210035
vt 0.878605 0.164965
vt 0.882812 0.202148
vt 0.939453 0.202148
vt 0.940430 0.560547
vt 0.880859 0.560547
vt 0.880859 0.171875
vt 0.940430 0.171875
vt 0.945312 0.532227
vt 0.945312 0.109375
vt 0.997070 0.109375
vt 0.997070 0.532227
vt 0.880859 0.621094
vt 0.940430 0.621094
vt 0.940430 0.681641
vt 0.880859 0.681641
vt 0.997070 0.597656
vt 0.945312 0.597656
vt 0.940430 0.734375
vt 0.880859 0.734375
vt 0.939453 0.662109
vt 0.882812 0.662109
vt 0.997070 0.664062
vt 0.945312 0.664062
vt 0.939453 0.708984
vt 0.882812 0.708984
vt 0.997070 0.721680
vt 0.945312 0.721680
vt 0.997070 0.765625
vt 0.945312 0.765625
vt 0.940430 0.775391
vt 0.880859 0.775391
vt 0.939453 0.745117
vt 0.882812 0.745117
vt 0.945312 0.999023
vt 0.945312 0.933594
vt 0.997070 0.933594
vt 0.997070 0.999023
vt 0.945312 0.867188
vt 0.997070 0.867188
vt 0.945312 0.809570
vt 0.997070 0.809570
vt 0.000000 0.000000
vt 0.856880 0.000000
vt 0.958081 0.057212
vt 1.000000 0.195334
vt 1.000000 0.804666
vt 0.958081 0.942788
vt 0.856880 1.000000
vt 0.000000 1.000000
vt 0.940358 0.627304
vt 0.999023 0.626953
vt 0.999023 0.783203
vt 0.940358 0.783554
vt 0.940358 0.730562
vt 0.940358 0.886812
vt 0.999023 0.886719
vt 0.999023 0.730469
vt 0.940358 0.828829
vt 0.999023 0.829102
vt 0.999023 0.985352
vt 0.940358 0.985079
vt 0.876248 0.923766
vt 0.876248 0.865687
vt 0.934327 0.865687
vt 0.934327 0.923766
vt 0.939996 0.400470
vt 0.939996 0.337457
vt 0.876983 0.337457
vt 0.876983 0.400470
vt 0.940358 0.516329
vt 0.999023 0.516602
vt 0.999023 0.672852
vt 0.940358 0.672579
vt 0.940358 0.418062
vt 0.940358 0.574312
vt 0.999023 0.574219
vt 0.999023 0.417969
vt 0.940358 0.314804
vt 0.999023 0.314453
vt 0.999023 0.470703
vt 0.940358 0.471054
vt 0.940358 0.158554
vt 0.999023 0.158203
vt 0.940358 0.261812
vt 0.999023 0.261719
vt 0.940358 0.360079
vt 0.999023 0.360352
vt 0.998047 0.626953
vt 0.998047 0.783203
vt 0.998047 0.886719
vt 0.998047 0.730469
vt 0.879883 0.745117
vt 0.939453 0.901367
vt 0.879883 0.901367
vt 0.880859 0.923828
vt 0.880859 0.865234
vt 0.940539 0.865687
vt 0.940539 0.923766
vt 0.942529 0.397088
vt 0.942529 0.341424
vt 0.880859 0.340820
vt 0.880859 0.396484
vt 0.879883 0.432617
vt 0.939453 0.432617
vt 0.934540 0.588867
vt 0.879883 0.588867
vt 0.998047 0.574219
vt 0.998047 0.417969
vt 0.998047 0.314453
vt 0.998047 0.470703
vt 0.940134 0.471054
vt 0.998047 0.158203
vt 0.998047 0.261719
vt 0.879883 0.276367
vt 0.939453 0.276367
vt 0.944336 0.599609
vt 0.995624 0.599609
vt 0.995662 0.723633
vt 0.944336 0.723633
vt 0.944336 0.681641
vt 0.944336 0.805664
vt 0.995662 0.805664
vt 0.995624 0.681641
vt 0.944336 0.759766
vt 0.992188 0.759766
vt 0.992188 0.883789
vt 0.944336 0.883789
vt 0.944336 0.511719
vt 0.992188 0.511719
vt 0.992188 0.635742
vt 0.944336 0.635742
vt 0.944336 0.433594
vt 0.944336 0.557617
vt 0.995857 0.557623
vt 0.995720 0.433597
vt 0.944336 0.352539
vt 0.995721 0.352536
vt 0.995858 0.475580
vt 0.944336 0.475586
vt 0.995720 0.681638
vt 0.995857 0.557612
vt 0.995858 0.475592
vt 0.995721 0.599612
vt 0.944336 0.228516
vt 0.995761 0.228510
vt 0.995677 0.352536
vt 0.944336 0.309570
vt 0.995676 0.433597
vt 0.995763 0.309576
vt 0.944336 0.387695
vt 0.992188 0.387695
vt 0.950195 0.433594
vt 0.994956 0.433594
vt 0.994982 0.541016
vt 0.950195 0.541016
vt 0.950195 0.575195
vt 0.950195 0.683594
vt 0.994981 0.683594
vt 0.994956 0.575195
vt 0.950195 0.372070
vt 0.992188 0.372070
vt 0.992188 0.480469
vt 0.950195 0.480469
vt 0.950195 0.155273
vt 0.992188 0.155273
vt 0.992188 0.263672
vt 0.950195 0.263672
vt 0.950195 0.358398
vt 0.950195 0.466797
vt 0.995132 0.466797
vt 0.995171 0.358399
vt 0.950195 0.217773
vt 0.995171 0.217773
vt 0.995132 0.326172
vt 0.950195 0.326172
vt 0.994978 0.575196
vt 0.995020 0.466797
vt 0.995020 0.326171
vt 0.994978 0.433594
vt 0.950195 0.109375
vt 0.995173 0.109377
vt 0.995194 0.217774
vt 0.950195 0.251953
vt 0.995194 0.358398
vt 0.995173 0.251952
vt 0.950195 0.048828
vt 0.992188 0.048828
vt 0.911133 0.186523
vt 0.888672 0.186523
vt 0.890625 0.070312
vt 0.911133 0.070312
vt 0.913086 0.420898
vt 0.893555 0.420898
vt 0.891602 0.303711
vt 0.912109 0.303711
vt 0.914062 0.537109
vt 0.893555 0.535156
vt 0.922852 0.420898
vt 0.923828 0.537109
vt 0.992188 0.535156
vt 0.982422 0.535156
vt 0.980469 0.420898
vt 0.990234 0.420898
vt 0.992188 0.303711
vt 0.981933 0.303223
vt 0.983398 0.186523
vt 0.994141 0.186523
vt 0.921875 0.186523
vt 0.922363 0.303223
vt 0.921875 0.070312
vt 0.981934 0.070312
vt 0.992188 0.070312
vt 0.992188 0.840820
vt 0.982422 0.840820
vt 0.980469 0.726562
vt 0.990234 0.726562
vt 0.914062 0.842773
vt 0.893555 0.840820
vt 0.893555 0.726562
vt 0.913086 0.726562
vt 0.981445 0.608398
vt 0.992188 0.609375
vt 0.891602 0.609375
vt 0.912109 0.609375
vt 0.922852 0.608398
vt 0.922852 0.726562
vt 0.923828 0.842773
vt 0.992188 0.986328
vt 0.982422 0.986328
vt 0.980469 0.872070
vt 0.990234 0.872070
vt 0.914062 0.988281
vt 0.893555 0.986328
vt 0.893555 0.872070
vt 0.913086 0.872070
vt 0.981445 0.753906
vt 0.992188 0.754883
vt 0.891602 0.754883
vt 0.912109 0.754883
vt 0.922852 0.753906
vt 0.922852 0.872070
vt 0.923828 0.988281
vt 0.911133 0.642578
vt 0.890625 0.640625
vt 0.890625 0.526367
vt 0.910156 0.526367
vt 0.888672 0.409180
vt 0.909180 0.409180
vt 0.919922 0.408203
vt 0.919922 0.526367
vt 0.920898 0.642578
vt 0.997840 0.551383
vt 0.997840 0.498223
vt 0.944679 0.498223
vt 0.944679 0.551383
vt 0.500000 0.500000
vt 0.750000 0.500000
vt 0.750000 1.000000
vt 0.500000 1.000000
vt 0.940882 0.682622
vt 0.940882 0.739031
vt 0.997291 0.739031
vt 0.997291 0.682622
vt 0.938572 0.774978
vt 0.998214 0.774978
vt 0.998214 0.991006
vt 0.938572 0.991006
vt 0.876803 0.230113
vt 0.939540 0.230113
vt 0.939540 0.457354
vt 0.876803 0.457354
vt 0.944063 0.134098
vt 0.963460 0.111793
vt 0.992581 0.119632
vt 0.992580 0.575498
vt 0.976072 0.591760
vt 0.944063 0.583351
vt 0.976085 0.591751
vt 0.976098 0.591749
vt 0.944088 0.583338
vt 0.944076 0.583340
vt 0.944086 0.134103
vt 0.944099 0.134100
vt 0.963495 0.111794
vt 0.963482 0.111797
vt 0.992612 0.119633
vt 0.992625 0.119630
vt 0.992624 0.575496
vt 0.992611 0.575498
vt 0.992601 0.575502
vt 0.992614 0.575500
vt 0.976106 0.591764
vt 0.976093 0.591766
vt 0.944093 0.583350
vt 0.944105 0.583348
vt 0.944109 0.134096
vt 0.944096 0.134098
vt 0.963472 0.111781
vt 0.963485 0.111778
vt 0.992606 0.119619
vt 0.992593 0.119621
vt 0.882812 0.307617
vt 0.882812 0.692383
vt 0.940430 0.692383
vt 0.940430 0.307617
vt 0.876803 0.325888
vt 0.876803 0.553129
vt 0.939540 0.553129
vt 0.939540 0.325888
vt 0.908171 0.115061
vt 0.908171 0.569543
vt 0.908171 0.019286
vt 0.908171 0.473768
vt 0.997840 0.313976
vt 0.944679 0.313976
vt 0.940882 0.500000
vt 0.997291 0.500000
vt 0.943359 0.852539
vt 0.943359 0.147461
vt 0.997070 0.147461
vt 0.997070 0.852539
vt 0.001276 0.001126
vt 0.498101 0.001127
vt 0.498101 0.247109
vt 0.001276 0.247109
vt 1.000000 0.627304
vt 1.000000 0.783554
vt 0.940358 0.473835
vt 0.940358 0.630085
vt 1.000000 0.630085
vt 1.000000 0.473835
vt 1.000000 0.886812
vt 1.000000 0.730562
vt 1.000000 0.828829
vt 1.000000 0.985079
vt 1.000000 0.516329
vt 1.000000 0.672579
vt 1.000000 0.574312
vt 1.000000 0.418062
vt 0.940358 0.161334
vt 0.940358 0.317585
vt 1.000000 0.317585
vt 1.000000 0.161334
vt 1.000000 0.314804
vt 1.000000 0.471054
vt 0.940358 0.236679
vt 1.000000 0.236679
vt 0.940358 0.083209
vt 1.000000 0.083209
vt 0.940358 0.339937
vt 1.000000 0.339937
vt 0.940358 0.438204
vt 1.000000 0.438204
vt 1.000000 0.360079
vt 1.000000 0.261812
vt 0.940358 0.005084
vt 1.000000 0.005084
vt 1.000000 0.158554
vt 0.940065 0.739897
vt 0.940065 0.382338
vt 0.883242 0.382338
vt 0.883242 0.739897
vt 0.994788 0.739897
vt 0.994788 0.382338
vt 0.994571 0.997710
vt 0.994571 0.640150
vt 0.939847 0.640150
vt 0.939847 0.997710
vt 0.883025 0.640150
vt 0.883025 0.997710
vt 0.876803 0.003975
vt 0.939540 0.003975
vt 0.939540 0.231216
vt 0.876802 0.231216
vt 0.938572 0.489261
vt 0.998214 0.489261
vt 0.998214 0.705289
vt 0.938572 0.705289
vt 0.876803 0.025341
vt 0.876802 0.252582
vt 0.939540 0.252582
vt 0.939540 0.025341
vt 0.940065 0.024779
vt 0.883242 0.024779
vt 0.994788 0.024779
vt 0.994570 0.282591
vt 0.939847 0.282591
vt 0.883025 0.282591
vt 0.250000 0.750000
vt 0.499023 0.750000
vt 0.499023 0.999023
vt 0.250000 0.999023
vt 0.000977 0.750000
vt 0.000977 0.999023
vt 0.000977 0.540039
vt 0.250000 0.540039
vt 0.499023 0.540039
vt 0.000977 0.515625
vt 0.010742 0.516602
vt 0.025391 0.510742
vt 0.041992 0.516602
vt 0.063477 0.512695
vt 0.081055 0.516602
vt 0.114258 0.514648
vt 0.132812 0.519531
vt 0.146484 0.509766
vt 0.167969 0.515625
vt 0.194336 0.517578
vt 0.207031 0.512695
vt 0.236328 0.515625
vt 0.250000 0.515625
vt 0.250000 0.514648
vt 0.271484 0.516602
vt 0.285156 0.509766
vt 0.327148 0.516602
vt 0.339844 0.512695
vt 0.392578 0.517578
vt 0.412109 0.511719
vt 0.432617 0.515625
vt 0.458008 0.516602
vt 0.470703 0.508789
vt 0.488281 0.514648
vt 0.499023 0.515625
vt 0.000100 0.502278
vt 0.498454 0.502278
vt 0.249277 0.876043
vt 0.883789 0.627930
vt 0.883789 0.849609
vt 0.941406 0.849609
vt 0.939453 0.627930
vt 0.998047 0.063477
vt 0.997070 0.012695
vt 0.943359 0.013672
vt 0.943359 0.064453
vt 0.940430 0.219727
vt 0.940430 0.093750
vt 0.884766 0.093750
vt 0.884766 0.219727
vt 0.879697 0.134552
vt 0.938375 0.134552
vt 0.938375 0.075874
vt 0.879697 0.075874
vt 0.999023 0.219727
vt 0.999023 0.093750
vt 0.998047 0.130859
vt 0.998047 0.004883
vt 0.939453 0.004883
vt 0.939453 0.130859
vt 0.996094 0.849609
vt 0.998047 0.627930
vt 0.998047 0.499023
vt 0.939453 0.499023
vt 0.998047 0.374023
vt 0.939453 0.374023
vt 0.998047 0.252930
vt 0.939453 0.252930
vt 0.996863 0.938287
vt 0.999023 0.716797
vt 0.940430 0.716797
vt 0.942259 0.938335
vt 0.999023 0.587891
vt 0.940430 0.587891
vt 0.999023 0.462891
vt 0.940430 0.462891
vt 0.999023 0.341797
vt 0.940430 0.341797
vt 0.884766 0.716797
vt 0.884573 0.938237
vt 0.884766 0.587891
vt 0.884766 0.462891
vt 0.884766 0.341797
vt 0.883789 0.004883
vt 0.883789 0.130859
vt 0.883789 0.252930
vt 0.883789 0.374023
vt 0.883789 0.499023
vt 0.883447 0.851369
vt 0.883447 0.981505
vt 0.939300 0.981505
vt 0.939300 0.851369
vt 0.943050 0.077368
vt 0.943050 0.014163
vt 0.879844 0.014163
vt 0.879844 0.077368
vt 0.940247 0.245769
vt 0.937407 0.025570
vt 0.882894 0.025722
vt 0.884394 0.245769
vt 0.887479 0.111371
vt 0.944770 0.108044
vt 0.940656 0.049916
vt 0.883366 0.053989
vt 0.998504 0.245769
vt 0.999211 0.026090
vt 0.942097 0.025918
vt 0.997558 0.354283
vt 0.998348 0.134668
vt 0.941306 0.134532
vt 0.939300 0.354283
vt 0.997558 0.981505
vt 0.997558 0.851369
vt 0.997558 0.722537
vt 0.939300 0.722537
vt 0.997558 0.597758
vt 0.939300 0.597758
vt 0.997558 0.476478
vt 0.939300 0.476478
vt 0.998504 0.872992
vt 0.998504 0.742855
vt 0.940247 0.742855
vt 0.940247 0.872992
vt 0.998504 0.614023
vt 0.940247 0.614023
vt 0.998504 0.489245
vt 0.940247 0.489245
vt 0.998504 0.367964
vt 0.940247 0.367964
vt 0.884394 0.742855
vt 0.884394 0.872992
vt 0.884394 0.614023
vt 0.884394 0.489245
vt 0.884394 0.367964
vt 0.881976 0.134511
vt 0.883447 0.354283
vt 0.936608 0.134966
vt 0.883447 0.476478
vt 0.883447 0.597758
vt 0.883447 0.722537
vt 0.996283 0.431443
vt 0.996283 0.239011
vt 0.940497 0.239011
vt 0.940497 0.431443
vt 0.938591 0.726449
vt 0.938591 0.781182
vt 0.995785 0.781182
vt 0.995785 0.726449
vt 0.886074 0.239011
vt 0.886074 0.431443
vt 0.885713 0.431443
vt 0.885546 0.661005
vt 0.940135 0.660940
vt 0.940135 0.431443
vt 0.886475 0.002181
vt 0.886475 0.191341
vt 0.939972 0.191341
vt 0.939972 0.002181
vt 0.883846 0.416936
vt 0.937506 0.417001
vt 0.994810 0.191341
vt 0.994810 0.002181
vt 0.939727 0.416494
vt 0.995055 0.416494
vt 0.996525 0.660513
vt 0.940256 0.660513
vt 0.877930 0.237305
vt 0.938477 0.237305
vt 0.938477 0.458008
vt 0.877930 0.458008
vt 0.877930 0.125977
vt 0.877930 0.566406
vt 0.938477 0.566406
vt 0.938477 0.125977
vt 0.938572 0.224658
vt 0.998214 0.224658
vt 0.998214 0.656715
vt 0.938572 0.656715
vt 0.877930 0.373047
vt 0.938477 0.373047
vt 0.938477 0.813477
vt 0.877930 0.813477
vt 0.499023 0.541016
vt 0.250000 0.516602
vt 0.274414 0.516602
vt 0.285156 0.508789
vt 0.328125 0.517578
vt 0.340820 0.512695
vt 0.374023 0.517578
vt 0.393555 0.516602
vt 0.412109 0.506836
vt 0.441406 0.515625
vt 0.457031 0.517578
vt 0.472656 0.506836
vt 0.486328 0.514648
vt 0.499023 0.513672
vt 0.883789 0.784180
vt 0.883789 0.994141
vt 0.941406 0.994141
vt 0.939453 0.784180
vt 0.997070 0.084961
vt 0.997070 0.034180
vt 0.944336 0.034180
vt 0.943359 0.085938
vt 0.887695 0.125000
vt 0.935547 0.125000
vt 0.935547 0.076172
vt 0.887695 0.076172
vt 0.998047 0.287109
vt 0.998047 0.161133
vt 0.939453 0.161133
vt 0.939453 0.287109
vt 0.996094 0.994141
vt 0.998047 0.784180
vt 0.998047 0.655273
vt 0.939453 0.655273
vt 0.998047 0.530273
vt 0.939453 0.530273
vt 0.998047 0.409180
vt 0.939453 0.409180
vt 0.997113 0.926725
vt 0.942077 0.926763
vt 0.884613 0.926685
vt 0.883789 0.161133
vt 0.883789 0.287109
vt 0.883789 0.409180
vt 0.883789 0.530273
vt 0.883789 0.655273
vt 0.883789 0.810547
vt 0.883789 0.940430
vt 0.939453 0.940430
vt 0.939453 0.810547
vt 0.939453 0.078125
vt 0.939453 0.025391
vt 0.887695 0.025391
vt 0.887695 0.078125
vt 0.937085 0.039166
vt 0.883486 0.039291
vt 0.886835 0.110770
vt 0.943563 0.108062
vt 0.940062 0.050504
vt 0.883334 0.053965
vt 0.998663 0.039642
vt 0.942499 0.039487
vt 0.997070 0.313477
vt 0.998047 0.107422
vt 0.941406 0.107422
vt 0.939453 0.313477
vt 0.997070 0.940430
vt 0.997070 0.810547
vt 0.997070 0.681641
vt 0.939453 0.681641
vt 0.997070 0.556641
vt 0.939453 0.556641
vt 0.997070 0.435547
vt 0.939453 0.435547
vt 0.882812 0.107422
vt 0.883789 0.313477
vt 0.936523 0.107422
vt 0.883789 0.435547
vt 0.883789 0.556641
vt 0.883789 0.681641
vt 0.998047 0.555664
vt 0.998047 0.504883
vt 0.948242 0.504883
vt 0.948242 0.555664
vt 0.944336 0.677734
vt 0.944336 0.730469
vt 0.997070 0.730469
vt 0.997070 0.677734
vt 0.884766 0.256836
vt 0.943359 0.256836
vt 0.943359 0.466797
vt 0.884766 0.466797
vt 0.942383 0.763672
vt 0.998047 0.763672
vt 0.998047 0.964844
vt 0.942383 0.964844
vt 0.884766 0.345703
vt 0.884766 0.556641
vt 0.943359 0.556641
vt 0.943359 0.345703
vt 0.994141 0.557617
vt 0.945312 0.557617
vt 0.945312 0.509766
vt 0.994141 0.509766
vt 0.942383 0.674805
vt 0.993164 0.674805
vt 0.993164 0.724609
vt 0.942383 0.724609
vt 0.884766 0.270508
vt 0.884766 0.473633
vt 0.941406 0.473633
vt 0.941406 0.270508
vt 0.940430 0.756836
vt 0.940430 0.951172
vt 0.994141 0.951172
vt 0.994141 0.756836
vt 0.884766 0.355469
vt 0.941406 0.355469
vt 0.941406 0.558594
vt 0.884766 0.558594
vt 0.887695 0.145508
vt 0.887695 0.560547
vt 0.945312 0.560547
vt 0.945312 0.145508
vt 0.944336 0.246094
vt 0.999023 0.246094
vt 0.999023 0.640625
vt 0.944336 0.640625
vt 0.887695 0.377930
vt 0.945312 0.377930
vt 0.945312 0.793945
vt 0.887695 0.793945
vt 0.999023 0.351562
vt 0.999023 0.302734
vt 0.950195 0.302734
vt 0.950195 0.351562
vt 0.946289 0.471680
vt 0.946289 0.523438
vt 0.998047 0.523438
vt 0.998047 0.471680
vt 0.250000 0.538086
vt 0.499023 0.514648
vt 0.250000 0.520508
vt 0.275391 0.519531
vt 0.284180 0.510742
vt 0.329102 0.516602
vt 0.349609 0.512695
vt 0.389648 0.519531
vt 0.408203 0.513672
vt 0.471680 0.508789
vt 0.490234 0.514648
s 1
usemtl MAIN
f 2/1/1 3/2/2 4/3/3 1/4/4
f 5/5/5 8/6/6 4/7/3 3/8/2
f 6/9/7 7/10/8 8/11/6 5/12/5
f 14/13/9 11/14/10 10/15/11 13/16/1
f 9/17/12 10/18/11 11/19/10 12/20/13
f 4/21/3 8/22/6 7/23/8 1/24/4
f 9/25/12 15/26/14 13/27/1 10/28/11
f 12/29/13 20/30/15 15/31/14 9/32/12
f 22/33/9 14/13/9 13/16/1 21/34/1
f 17/35/16 18/36/17 19/37/18 16/38/19
f 15/26/14 23/39/2 21/40/1 13/27/1
f 20/41/15 28/42/20 23/43/2 15/44/14
f 6/45/7 22/46/9 21/47/1 2/48/1
f 25/49/21 26/50/22 27/51/23 24/52/24
f 23/39/2 3/2/2 2/1/1 21/40/1
f 28/53/20 5/5/5 3/8/2 23/54/2
f 1/55/4 7/56/8 6/45/7 2/48/1
f 30/57/25 31/58/26 32/59/27 29/60/28
f 14/13/9 35/61/9 33/62/29 11/14/10
f 22/33/9 30/63/25 35/64/9 14/13/9
f 6/45/7 31/65/26 30/66/25 22/46/9
f 11/67/10 33/68/29 34/69/30 12/70/13
f 5/71/5 28/72/20 29/73/28 32/74/27
f 20/41/15 36/75/31 29/76/28 28/42/20
f 20/41/15 12/77/13 34/78/30 36/75/31
f 6/79/7 5/80/5 32/81/27 31/82/26
f 36/75/31 24/83/24 27/84/23 29/76/28
f 34/85/30 37/86/32 24/83/24 36/75/31
f 29/87/28 27/88/23 26/89/22 30/90/25
f 33/91/29 35/64/9 25/92/21 38/93/33
f 35/64/9 30/94/25 26/95/22 25/92/21
f 33/96/29 38/97/33 37/98/32 34/99/30
f 37/100/32 16/101/19 19/102/18 24/103/24
f 24/104/24 19/105/18 18/106/17 25/107/21
f 38/108/33 25/92/21 18/109/17 17/110/16
f 37/111/32 38/112/33 17/113/16 16/114/19
f 74/180/40 73/181/58 72/182/59 76/183/38
f 77/184/11 71/185/60 72/186/59 73/187/58
f 78/188/35 74/189/40 76/190/38 75/191/36
f 77/192/11 73/193/58 74/194/40 78/195/35
f 78/196/35 75/197/36 71/198/60 77/199/11
f 72/200/59 71/201/60 75/202/36 76/203/38
f 69/204/61 70/205/61 68/206/61 67/207/61
f 79/208/62 80/209/62 85/210/62 87/211/62 88/212/62 86/213/62 81/214/62 84/215/62 83/216/62 82/217/62
f 105/218/63 106/219/64 97/220/65 98/221/66
f 94/222/67 93/223/68 103/224/69 104/224/70
f 107/225/71 108/226/72 90/227/73 89/228/74
f 105/229/63 98/221/66 99/230/75 107/231/71
f 106/232/64 92/232/76 90/233/73 108/233/72
f 96/220/77 95/221/78 98/221/66 97/220/65
f 95/221/78 93/223/68 99/230/75 98/221/66
f 94/222/67 96/220/77 97/220/65 100/234/79
f 93/223/68 94/222/67 100/234/79 99/230/75
f 102/235/80 101/235/81 104/224/70 103/224/69
f 93/223/68 95/221/78 102/235/80 103/224/69
f 96/220/77 94/222/67 104/224/70 101/235/81
f 95/221/78 96/220/77 101/235/81 102/235/80
f 97/220/65 106/232/64 108/233/72 100/234/79
f 91/229/82 105/229/63 107/231/71 89/231/74
f 99/230/75 100/234/79 108/226/72 107/225/71
f 91/236/82 92/237/76 106/219/64 105/218/63
f 242/238/83 243/238/84 237/238/85 236/238/86
f 181/239/87 182/240/88 176/241/89 175/242/90
f 112/243/87 113/244/91 251/245/92 250/246/90
f 123/247/93 124/248/94 118/248/95 117/247/96
f 252/249/97 114/250/98 109/251/99 247/252/100
f 171/241/101 177/241/102 178/253/100 172/253/103
f 182/240/88 183/240/104 177/241/102 176/241/89
f 179/254/105 173/254/106 172/255/103 178/255/100
f 111/247/107 117/247/96 118/248/95 112/248/87
f 187/239/95 188/240/108 182/240/88 181/239/87
f 112/243/87 118/243/95 119/244/109 113/244/91
f 127/251/110 128/247/111 122/247/112 121/251/113
f 126/250/114 121/251/113 115/251/115 120/250/116
f 192/256/117 186/256/118 185/236/119 191/236/120
f 188/240/108 189/240/121 183/240/104 182/240/88
f 187/239/95 181/239/87 186/256/118 192/256/117
f 131/244/122 132/250/123 126/250/114 125/244/124
f 193/257/94 194/258/125 188/240/108 187/239/95
f 134/247/126 135/247/127 129/247/128 128/247/111
f 194/258/125 195/258/129 189/240/121 188/240/108
f 207/258/130 208/259/131 202/259/110 201/258/132
f 208/260/131 209/261/133 203/261/134 202/260/110
f 183/240/104 189/240/121 190/237/115 184/237/99
f 184/262/99 190/262/115 191/236/120 185/236/119
f 199/257/135 200/258/136 194/258/125 193/257/94
f 140/263/137 141/263/138 135/247/127 134/247/126
f 200/258/136 201/258/132 195/258/129 194/258/125
f 210/264/139 204/264/140 203/261/134 209/261/133
f 210/264/139 205/257/141 199/257/135 204/264/140
f 204/264/140 198/264/142 197/261/143 203/261/134
f 199/257/135 193/257/94 198/264/142 204/264/140
f 205/257/141 206/258/144 200/258/136 199/257/135
f 146/263/145 147/263/146 141/263/138 140/263/137
f 206/258/144 207/258/130 201/258/132 200/258/136
f 219/258/147 220/259/148 214/259/149 213/258/150
f 220/260/148 221/261/151 215/261/152 214/260/149
f 195/258/129 201/258/132 202/259/110 196/259/113
f 196/260/113 202/260/110 203/261/134 197/261/143
f 211/257/153 212/258/154 206/258/144 205/257/141
f 152/263/155 153/263/156 147/263/146 146/263/145
f 212/258/154 213/258/150 207/258/130 206/258/144
f 222/264/157 216/264/158 215/261/152 221/261/151
f 222/264/157 217/257/159 211/257/153 216/264/158
f 216/264/158 210/264/139 209/261/133 215/261/152
f 211/257/153 205/257/141 210/264/139 216/264/158
f 217/257/159 218/258/160 212/258/154 211/257/153
f 158/263/161 159/263/162 153/263/156 152/263/155
f 218/258/160 219/258/147 213/258/150 212/258/154
f 231/238/163 232/265/164 226/265/165 225/238/166
f 232/246/164 233/245/167 227/245/168 226/246/165
f 207/258/130 213/258/150 214/259/149 208/259/131
f 208/260/131 214/260/149 215/261/152 209/261/133
f 223/252/169 224/238/170 218/258/160 217/257/159
f 164/263/171 165/263/172 159/263/162 158/263/161
f 224/238/170 225/238/166 219/258/147 218/258/160
f 234/249/173 228/249/174 227/245/168 233/245/167
f 234/249/173 229/252/175 223/252/169 228/249/174
f 228/249/174 222/264/157 221/261/151 227/245/168
f 223/252/169 217/257/159 222/264/157 228/249/174
f 229/252/175 230/238/176 224/238/170 223/252/169
f 170/241/177 171/241/101 165/263/172 164/263/171
f 230/238/176 231/238/163 225/238/166 224/238/170
f 244/246/178 245/245/179 239/245/180 238/246/181
f 243/238/84 244/265/178 238/265/181 237/238/85
f 219/258/147 225/238/166 226/265/165 220/259/148
f 220/260/148 226/246/165 227/245/168 221/261/151
f 235/252/182 236/238/86 230/238/176 229/252/175
f 236/238/86 237/238/85 231/238/163 230/238/176
f 245/245/179 246/249/183 240/249/184 239/245/180
f 186/256/118 181/239/87 175/242/90 180/266/185
f 115/251/115 116/247/186 110/247/187 109/251/99
f 235/252/182 229/252/175 234/249/173 240/249/184
f 239/245/180 240/249/184 234/249/173 233/245/167
f 241/252/188 242/238/83 236/238/86 235/252/182
f 127/251/110 121/251/113 126/250/114 132/250/123
f 120/250/116 115/251/115 109/251/99 114/250/98
f 136/243/141 137/244/189 131/244/122 130/243/135
f 238/246/181 239/245/180 233/245/167 232/246/164
f 231/238/163 237/238/85 238/265/181 232/265/164
f 180/266/185 174/266/190 173/254/106 179/254/105
f 246/249/183 241/252/188 235/252/182 240/249/184
f 116/247/186 117/247/96 111/247/107 110/247/187
f 248/238/191 249/238/192 243/238/84 242/238/83
f 249/238/192 250/265/90 244/265/178 243/238/84
f 119/244/109 120/250/116 114/250/98 113/244/91
f 121/251/113 122/247/112 116/247/186 115/251/115
f 247/252/100 241/252/188 246/249/183 252/249/97
f 122/247/112 123/247/93 117/247/96 116/247/186
f 135/247/127 136/248/141 130/248/135 129/247/128
f 113/244/91 114/250/98 252/249/97 251/245/92
f 125/244/124 126/250/114 120/250/116 119/244/109
f 250/246/90 251/245/92 245/245/179 244/246/178
f 123/247/93 129/247/128 130/248/135 124/248/94
f 124/243/94 130/243/135 131/244/122 125/244/124
f 137/244/189 138/250/193 132/250/123 131/244/122
f 138/250/193 133/251/131 127/251/110 132/250/123
f 133/251/131 134/247/126 128/247/111 127/251/110
f 143/267/194 144/268/195 138/250/193 137/244/189
f 139/269/149 133/251/131 138/250/193 144/268/195
f 147/263/146 148/270/159 142/270/153 141/263/138
f 148/271/159 149/267/196 143/267/194 142/271/153
f 139/269/149 140/263/137 134/247/126 133/251/131
f 135/247/127 141/263/138 142/270/153 136/248/141
f 136/243/141 142/271/153 143/267/194 137/244/189
f 149/267/196 150/268/197 144/268/195 143/267/194
f 150/268/197 145/269/148 139/269/149 144/268/195
f 145/269/148 146/263/145 140/263/137 139/269/149
f 155/267/198 156/268/199 150/268/197 149/267/196
f 151/269/165 145/269/148 150/268/197 156/268/199
f 159/263/162 160/270/175 154/270/169 153/263/156
f 160/271/175 161/267/200 155/267/198 154/271/169
f 151/269/165 152/263/155 146/263/145 145/269/148
f 147/263/146 153/263/156 154/270/169 148/270/159
f 148/271/159 154/271/169 155/267/198 149/267/196
f 161/267/200 162/268/201 156/268/199 155/267/198
f 162/268/201 157/269/164 151/269/165 156/268/199
f 157/269/164 158/263/161 152/263/155 151/269/165
f 167/267/202 168/268/203 162/268/201 161/267/200
f 163/269/181 157/269/164 162/268/201 168/268/203
f 171/241/101 172/253/103 166/270/182 165/263/172
f 172/255/103 173/254/106 167/267/202 166/271/182
f 163/269/181 164/263/171 158/263/161 157/269/164
f 159/263/162 165/263/172 166/270/182 160/270/175
f 160/271/175 166/271/182 167/267/202 161/267/200
f 174/266/190 168/268/203 167/267/202 173/254/106
f 174/266/190 169/242/204 163/269/181 168/268/203
f 169/242/204 170/241/177 164/263/171 163/269/181
f 180/266/185 175/242/90 169/242/204 174/266/190
f 183/240/104 184/237/99 178/253/100 177/241/102
f 184/262/99 185/236/119 179/254/105 178/255/100
f 175/242/90 176/241/89 170/241/177 169/242/204
f 176/241/89 177/241/102 171/241/101 170/241/177
f 186/256/118 180/266/185 179/254/105 185/236/119
f 247/252/100 109/251/99 110/247/187 248/238/191
f 124/243/94 125/244/124 119/244/109 118/243/95
f 196/260/113 197/261/143 191/236/120 190/262/115
f 195/258/129 196/259/113 190/237/115 189/240/121
f 247/252/100 248/238/191 242/238/83 241/252/188
f 251/245/92 252/249/97 246/249/183 245/245/179
f 198/264/142 193/257/94 187/239/95 192/256/117
f 198/264/142 192/256/117 191/236/120 197/261/143
f 111/247/107 112/248/87 250/265/90 249/238/192
f 128/247/111 129/247/128 123/247/93 122/247/112
f 110/247/187 111/247/107 249/238/192 248/238/191
f 258/272/205 257/273/206 262/274/207 261/275/208
f 253/276/59 259/277/58 260/278/1 256/279/2
f 258/272/205 260/280/1 259/281/58 257/273/206
f 255/282/209 254/283/210 253/284/59 256/285/2
f 257/286/206 259/287/58 253/288/59 254/289/210
f 263/290/211 264/291/212 268/292/213 267/293/214
f 254/283/210 255/282/209 264/291/212 263/290/211
f 257/286/206 254/289/210 263/294/211 262/295/207
f 267/293/214 268/292/213 272/296/215 271/297/216
f 261/275/208 262/274/207 266/298/217 265/299/218
f 262/295/207 263/294/211 267/300/214 266/301/217
f 265/299/218 266/298/217 270/302/219 269/303/220
f 266/301/217 267/300/214 271/304/216 270/305/219
f 270/305/219 271/304/216 275/306/221 274/307/222
f 271/297/216 272/296/215 276/308/223 275/309/221
f 269/303/220 270/302/219 274/310/222 273/311/224
f 282/272/225 285/275/226 286/274/227 281/273/228
f 277/276/58 280/279/1 284/278/2 283/277/59
f 282/272/225 281/273/228 283/281/59 284/280/2
f 279/282/229 280/285/1 277/284/58 278/283/230
f 281/286/228 278/289/230 277/288/58 283/287/59
f 287/290/231 291/293/232 292/292/233 288/291/234
f 278/283/230 287/290/231 288/291/234 279/282/229
f 281/312/228 286/313/227 287/314/231 278/315/230
f 291/293/232 295/297/235 296/296/236 292/292/233
f 285/275/226 289/299/237 290/298/238 286/274/227
f 286/313/227 290/316/238 291/317/232 287/314/231
f 289/299/237 293/303/239 294/302/240 290/298/238
f 290/316/238 294/318/240 295/319/235 291/317/232
f 294/318/240 274/307/222 275/306/221 295/319/235
f 295/297/235 275/309/221 276/308/223 296/296/236
f 293/303/239 273/311/224 274/310/222 294/302/240
f 304/180/35 303/181/11 302/182/58 306/183/40
f 307/184/60 301/185/59 302/186/58 303/187/11
f 308/188/241 304/189/35 306/190/40 305/191/38
f 307/192/60 303/193/11 304/194/35 308/195/241
f 308/196/241 305/197/38 301/198/59 307/199/60
f 302/200/58 301/201/59 305/202/38 306/203/40
f 299/204/9 300/205/9 298/206/9 297/207/9
f 331/328/242 330/329/243 317/330/244 321/331/245
f 332/332/246 320/333/247 323/334/248 329/335/249
f 332/336/246 331/337/242 321/338/245 320/339/247
f 320/340/247 321/341/245 317/342/244 323/343/248
f 322/344/250 319/345/251 318/346/252 324/347/253
f 334/348/254 333/349/255 327/350/256 328/351/257
f 334/352/254 328/353/257 325/354/258 335/355/259
f 333/356/255 336/357/260 326/358/261 327/359/256
f 328/351/257 327/350/256 331/337/242 332/336/246
f 328/353/257 332/332/246 329/335/249 325/354/258
f 327/359/256 326/358/261 330/329/243 331/328/242
f 318/360/252 319/361/251 336/357/260 333/356/255
f 324/362/253 334/352/254 335/355/259 322/363/250
f 324/364/253 318/365/252 333/349/255 334/348/254
f 351/328/262 350/366/263 337/367/264 341/331/265
f 352/332/266 340/333/267 343/368/268 349/369/269
f 352/370/266 351/310/262 341/371/265 340/372/267
f 340/373/267 341/374/265 337/375/264 343/376/268
f 342/377/270 339/378/271 338/379/272 344/380/273
f 354/381/274 353/382/275 347/383/276 348/384/277
f 354/352/274 348/353/277 345/385/278 355/386/279
f 353/356/275 356/387/280 346/388/281 347/389/276
f 348/384/277 347/383/276 351/310/262 352/370/266
f 348/353/277 352/332/266 349/369/269 345/385/278
f 347/389/276 346/388/281 350/366/263 351/328/262
f 338/360/272 339/390/271 356/387/280 353/356/275
f 344/362/273 354/352/274 355/386/279 342/391/270
f 344/392/273 338/393/272 353/382/275 354/381/274
f 371/394/282 370/395/283 357/396/284 361/397/285
f 372/398/286 360/399/287 363/400/288 369/401/289
f 372/402/286 371/403/282 361/404/285 360/405/287
f 374/406/290 373/407/291 367/408/292 368/409/293
f 374/410/290 368/411/293 365/412/294 375/413/295
f 373/414/291 376/415/296 366/416/297 367/417/292
f 368/409/293 367/408/292 371/403/282 372/402/286
f 368/411/293 372/398/286 369/418/289 365/419/294
f 367/417/292 366/420/297 370/421/283 371/394/282
f 358/422/298 359/423/299 376/424/296 373/414/291
f 364/425/300 374/410/290 375/426/295 362/427/301
f 364/428/300 358/429/298 373/407/291 374/406/290
f 391/430/302 390/431/303 377/432/304 381/433/305
f 392/434/306 380/435/307 383/436/308 389/437/309
f 392/438/306 391/439/302 381/440/305 380/441/307
f 394/442/310 393/443/311 387/444/312 388/445/313
f 394/446/310 388/447/313 385/448/314 395/449/315
f 393/450/311 396/451/316 386/452/317 387/453/312
f 388/445/313 387/444/312 391/439/302 392/438/306
f 388/447/313 392/434/306 389/454/309 385/455/314
f 387/453/312 386/456/317 390/457/303 391/430/302
f 378/458/318 379/459/319 396/460/316 393/450/311
f 384/461/320 394/446/310 395/462/315 382/463/321
f 384/464/320 378/465/318 393/443/311 394/442/310
f 404/466/322 403/467/323 399/468/324 398/469/325
f 406/470/326 405/471/327 401/472/328 402/473/329
f 402/473/329 401/472/328 403/467/323 404/466/322
f 400/474/330 397/475/331 405/471/327 406/470/326
f 400/474/330 406/470/326 416/476/332 407/477/333
f 397/478/331 409/479/334 415/480/335 405/481/327
f 401/482/328 412/483/336 414/484/337 403/485/323
f 402/473/329 404/466/322 413/486/338 411/487/339
f 405/481/327 415/480/335 412/483/336 401/482/328
f 406/470/326 402/473/329 411/487/339 416/476/332
f 404/466/322 398/469/325 410/488/340 413/486/338
f 403/485/323 414/484/337 408/489/341 399/490/324
f 417/491/342 420/492/343 421/493/344 418/494/345
f 419/495/346 417/496/342 418/497/345 425/498/347
f 418/494/345 421/493/344 422/499/348 423/500/349
f 425/498/347 418/497/345 423/501/349 424/502/350
f 425/498/347 424/502/350 426/503/351 427/504/352
f 419/495/346 425/498/347 427/504/352 428/505/353
f 429/478/342 432/479/343 433/480/344 430/481/345
f 431/474/346 429/475/342 430/471/345 437/470/347
f 430/481/345 433/480/344 434/483/348 435/482/349
f 437/470/347 430/471/345 435/472/349 436/473/350
f 437/470/347 436/473/350 438/487/351 439/476/352
f 431/474/346 437/470/347 439/476/352 440/477/353
f 441/506/354 444/507/355 445/508/356 442/509/357
f 443/510/358 441/511/354 442/512/357 449/513/359
f 442/509/357 445/508/356 446/514/360 447/515/361
f 449/513/359 442/512/357 447/516/361 448/517/362
f 449/513/359 448/517/362 450/518/363 451/519/364
f 443/510/358 449/513/359 451/519/364 452/520/365
f 455/521/358 453/522/366 454/523/367 458/524/359
f 458/524/359 454/523/367 456/525/368 457/526/362
f 458/524/359 457/526/362 459/527/363 460/528/364
f 455/521/358 458/524/359 460/528/364 461/529/365
f 468/530/369 465/531/11 466/532/35 469/533/36
f 463/534/9 470/535/9 471/536/9 462/537/9
f 464/538/58 473/539/370 467/540/38 472/541/371
f 466/542/35 465/543/11 464/544/58 472/545/371
f 469/546/36 466/547/35 472/548/371 467/549/38
f 475/550/372 476/551/373 474/552/374 478/553/375 479/554/376 477/555/377
f 479/556/376 485/557/378 484/558/379 477/559/377
f 475/560/372 483/561/380 482/562/381 476/563/373
f 474/564/374 481/565/382 480/566/383 478/567/375
f 478/568/375 480/569/383 485/570/378 479/571/376
f 477/572/377 484/573/379 483/574/380 475/575/372
f 476/576/373 482/577/381 481/578/382 474/579/374
f 469/580/36 467/581/38 473/582/370 468/583/369
f 468/584/369 473/585/370 464/586/58 465/587/11
f 488/204/384 489/205/384 487/206/384 486/207/384
f 500/588/2 498/589/1 491/186/11 492/187/60
f 493/180/36 492/181/60 491/182/11 495/183/35
f 501/590/385 493/189/36 495/190/35 499/591/386
f 500/592/2 492/193/60 493/194/36 501/593/385
f 498/594/1 490/201/58 494/202/40 499/595/386
f 497/596/38 494/597/40 490/598/58 496/599/59
f 491/200/11 498/594/1 499/595/386 495/203/35
f 496/192/59 500/592/2 501/593/385 497/195/38
f 497/188/38 501/590/385 499/591/386 494/191/40
f 496/184/59 490/185/58 498/589/1 500/588/2
f 508/530/59 509/533/38 506/532/371 505/531/58
f 503/534/9 502/537/9 511/536/9 510/535/9
f 504/538/11 512/541/387 507/540/36 513/539/60
f 506/542/371 512/545/387 504/544/11 505/543/58
f 509/546/38 507/549/36 512/548/387 506/547/371
f 515/550/388 517/555/389 519/554/390 518/553/391 514/552/392 516/551/393
f 519/556/390 517/559/389 524/558/394 525/557/395
f 515/560/388 516/563/393 522/562/396 523/561/397
f 514/564/392 518/567/391 520/566/398 521/565/399
f 518/568/391 519/571/390 525/570/395 520/569/398
f 517/572/389 515/575/388 523/574/397 524/573/394
f 516/576/393 514/579/392 521/578/399 522/577/396
f 509/580/38 508/583/59 513/582/60 507/581/36
f 508/584/59 505/587/58 504/586/11 513/585/60
f 533/180/38 532/181/59 531/182/60 535/183/36
f 536/184/58 530/185/11 531/186/60 532/187/59
f 537/188/40 533/189/38 535/190/36 534/191/35
f 536/192/58 532/193/59 533/194/38 537/195/40
f 537/196/40 534/197/35 530/198/11 536/199/58
f 531/200/60 530/201/11 534/202/35 535/203/36
f 528/204/31 529/205/31 527/206/31 526/207/31
f 560/328/400 559/329/401 546/330/402 550/331/403
f 561/332/404 549/333/405 552/334/406 558/335/407
f 561/336/404 560/337/400 550/338/403 549/339/405
f 549/340/405 550/341/403 546/342/402 552/343/406
f 551/344/408 548/345/409 547/346/410 553/347/411
f 563/348/412 562/349/413 556/350/414 557/351/415
f 563/352/412 557/353/415 554/354/416 564/355/417
f 562/356/413 565/357/418 555/358/419 556/359/414
f 557/351/415 556/350/414 560/337/400 561/336/404
f 557/353/415 561/332/404 558/335/407 554/354/416
f 556/359/414 555/358/419 559/329/401 560/328/400
f 547/360/410 548/361/409 565/357/418 562/356/413
f 553/362/411 563/352/412 564/355/417 551/363/408
f 553/364/411 547/365/410 562/349/413 563/348/412
f 580/328/420 579/366/421 566/367/422 570/331/423
f 581/332/424 569/333/425 572/368/426 578/369/427
f 581/370/424 580/310/420 570/371/423 569/372/425
f 569/373/425 570/374/423 566/375/422 572/376/426
f 571/377/428 568/378/429 567/379/430 573/380/431
f 583/381/432 582/382/433 576/383/434 577/384/435
f 583/352/432 577/353/435 574/385/436 584/386/437
f 582/356/433 585/387/438 575/388/439 576/389/434
f 577/384/435 576/383/434 580/310/420 581/370/424
f 577/353/435 581/332/424 578/369/427 574/385/436
f 576/389/434 575/388/439 579/366/421 580/328/420
f 567/360/430 568/390/429 585/387/438 582/356/433
f 573/362/431 583/352/432 584/386/437 571/391/428
f 573/392/431 567/393/430 582/382/433 583/381/432
f 600/394/440 599/395/441 586/396/288 590/397/442
f 601/398/443 589/399/444 592/400/284 598/401/445
f 601/402/443 600/403/440 590/404/442 589/405/444
f 603/406/446 602/407/447 596/408/448 597/409/449
f 603/410/446 597/411/449 594/412/297 604/413/450
f 602/414/447 605/415/451 595/416/294 596/417/448
f 597/409/449 596/408/448 600/403/440 601/402/443
f 597/411/449 601/398/443 598/418/445 594/419/297
f 596/417/448 595/420/294 599/421/441 600/394/440
f 587/422/452 588/423/453 605/424/451 602/414/447
f 593/425/454 603/410/446 604/426/450 591/427/455
f 593/428/454 587/429/452 602/407/447 603/406/446
f 620/430/456 619/431/457 606/432/308 610/433/458
f 621/434/459 609/435/460 612/436/304 618/437/461
f 621/438/459 620/439/456 610/440/458 609/441/460
f 623/442/462 622/443/463 616/444/464 617/445/465
f 623/446/462 617/447/465 614/448/317 624/449/466
f 622/450/463 625/451/467 615/452/314 616/453/464
f 617/445/465 616/444/464 620/439/456 621/438/459
f 617/447/465 621/434/459 618/454/461 614/455/317
f 616/453/464 615/456/314 619/457/457 620/430/456
f 607/458/468 608/459/469 625/460/467 622/450/463
f 613/461/470 623/446/462 624/462/466 611/463/471
f 613/464/470 607/465/468 622/443/463 623/442/462
f 633/466/472 632/467/473 628/468/474 627/469/475
f 635/470/476 634/471/477 630/472/478 631/473/479
f 631/473/479 630/472/478 632/467/473 633/466/472
f 629/474/480 626/475/481 634/471/477 635/470/476
f 629/474/480 635/470/476 645/476/482 636/477/483
f 626/478/481 638/479/484 644/480/485 634/481/477
f 630/482/478 641/483/486 643/484/487 632/485/473
f 631/473/479 633/466/472 642/486/488 640/487/489
f 634/481/477 644/480/485 641/483/486 630/482/478
f 635/470/476 631/473/479 640/487/489 645/476/482
f 633/466/472 627/469/475 639/488/490 642/486/488
f 632/485/473 643/484/487 637/489/491 628/490/474
f 646/491/492 649/492/493 650/493/494 647/494/495
f 648/495/496 646/496/492 647/497/495 654/498/497
f 647/494/495 650/493/494 651/499/498 652/500/499
f 654/498/497 647/497/495 652/501/499 653/502/500
f 654/498/497 653/502/500 655/503/501 656/504/502
f 648/495/496 654/498/497 656/504/502 657/505/503
f 658/478/492 661/479/493 662/480/494 659/481/495
f 660/474/496 658/475/492 659/471/495 666/470/497
f 659/481/495 662/480/494 663/483/498 664/482/499
f 666/470/497 659/471/495 664/472/499 665/473/500
f 666/470/497 665/473/500 667/487/501 668/476/502
f 660/474/496 666/470/497 668/476/502 669/477/503
f 670/506/504 673/507/505 674/508/506 671/509/507
f 672/510/508 670/511/504 671/512/507 678/513/509
f 671/509/507 674/508/506 675/514/510 676/515/511
f 678/513/509 671/512/507 676/516/511 677/517/512
f 678/513/509 677/517/512 679/518/513 680/519/514
f 672/510/508 678/513/509 680/519/514 681/520/515
f 684/521/508 682/522/516 683/523/517 687/524/509
f 687/524/509 683/523/517 685/525/518 686/526/512
f 687/524/509 686/526/512 688/527/513 689/528/514
f 684/521/508 687/524/509 689/528/514 690/529/515
f 697/530/58 694/531/59 695/532/38 698/533/40
f 692/534/31 699/535/31 700/536/31 691/537/31
f 693/538/60 702/539/11 696/540/35 701/541/36
f 695/542/38 694/543/59 693/544/60 701/545/36
f 698/546/40 695/547/38 701/548/36 696/549/35
f 704/550/519 705/551/520 703/552/521 707/553/522 708/554/523 706/555/524
f 708/556/523 714/557/395 713/558/525 706/559/524
f 704/560/519 712/561/526 711/562/396 705/563/520
f 703/564/521 710/565/527 709/566/528 707/567/522
f 707/568/522 709/569/528 714/570/395 708/571/523
f 706/572/524 713/573/525 712/574/526 704/575/519
f 705/576/520 711/577/396 710/578/527 703/579/521
f 698/580/40 696/581/35 702/582/11 697/583/58
f 697/584/58 702/585/11 693/586/60 694/587/59
f 715/600/61 718/601/61 716/602/61 717/603/61
f 718/600/61 719/601/61 720/602/61 716/603/61
f 721/600/384 724/601/384 722/602/384 723/603/384
f 724/600/384 725/601/384 726/602/384 722/603/384
f 727/600/9 730/601/9 728/602/9 729/603/9
f 730/600/9 731/601/9 732/602/9 728/603/9
f 733/600/9 736/601/9 734/602/9 735/603/9
f 736/600/9 737/601/9 738/602/9 734/603/9
f 739/600/31 742/601/31 740/602/31 741/603/31
f 742/600/31 743/601/31 744/602/31 740/603/31
f 745/600/31 748/601/31 746/602/31 747/603/31
f 748/600/31 749/601/31 750/602/31 746/603/31
f 773/328/529 772/604/530 751/605/531 755/331/532
f 771/606/533 757/607/534 751/608/531 772/609/530
f 774/332/535 754/333/536 757/610/534 771/611/533
f 774/336/535 773/612/529 755/613/532 754/339/536
f 754/340/536 755/341/532 751/342/531 757/343/534
f 756/344/537 753/345/538 752/346/539 758/347/540
f 764/348/541 763/614/542 761/615/543 762/351/544
f 764/352/541 762/353/544 759/616/545 765/617/546
f 765/618/546 759/619/545 760/620/547 766/621/548
f 763/356/542 766/622/548 760/623/547 761/359/543
f 767/624/549 770/625/550 766/622/548 763/356/542
f 769/626/551 765/618/546 766/621/548 770/627/550
f 768/628/552 764/352/541 765/617/546 769/629/551
f 768/630/552 767/631/549 763/614/542 764/348/541
f 758/364/540 752/632/539 767/631/549 768/630/552
f 758/362/540 768/628/552 769/629/551 756/633/537
f 756/634/537 769/626/551 770/627/550 753/635/538
f 752/360/539 753/636/538 770/625/550 767/624/549
f 762/351/544 761/615/543 773/612/529 774/336/535
f 762/353/544 774/332/535 771/611/533 759/616/545
f 759/619/545 771/606/533 772/609/530 760/620/547
f 761/359/543 760/623/547 772/604/530 773/328/529
f 797/328/529 796/604/530 775/605/531 779/331/532
f 795/606/533 781/607/534 775/608/531 796/609/530
f 798/332/535 778/333/536 781/610/534 795/611/533
f 798/336/535 797/612/529 779/613/532 778/339/536
f 778/340/536 779/341/532 775/342/531 781/343/534
f 780/344/537 777/345/538 776/346/539 782/347/540
f 788/348/541 787/614/542 785/615/543 786/351/544
f 788/352/541 786/353/544 783/616/545 789/617/546
f 789/618/546 783/619/545 784/620/547 790/621/548
f 787/356/542 790/622/548 784/623/547 785/359/543
f 791/624/549 794/625/550 790/622/548 787/356/542
f 793/626/551 789/618/546 790/621/548 794/627/550
f 792/628/552 788/352/541 789/617/546 793/629/551
f 792/630/552 791/631/549 787/614/542 788/348/541
f 782/364/540 776/632/539 791/631/549 792/630/552
f 782/362/540 792/628/552 793/629/551 780/633/537
f 780/634/537 793/626/551 794/627/550 777/635/538
f 776/360/539 777/636/538 794/625/550 791/624/549
f 786/351/544 785/615/543 797/612/529 798/336/535
f 786/353/544 798/332/535 795/611/533 783/616/545
f 783/619/545 795/606/533 796/609/530 784/620/547
f 785/359/543 784/623/547 796/604/530 797/328/529
f 821/328/529 820/604/530 799/605/531 803/331/532
f 819/606/533 805/607/534 799/608/531 820/609/530
f 822/332/535 802/333/536 805/610/534 819/611/533
f 822/336/535 821/612/529 803/613/532 802/339/536
f 802/340/536 803/341/532 799/342/531 805/343/534
f 804/344/537 801/345/538 800/346/539 806/347/540
f 812/348/541 811/614/542 809/615/543 810/351/544
f 812/352/541 810/353/544 807/616/545 813/617/546
f 813/618/546 807/619/545 808/620/547 814/621/548
f 811/356/542 814/622/548 808/623/547 809/359/543
f 815/624/549 818/625/550 814/622/548 811/356/542
f 817/626/551 813/618/546 814/621/548 818/627/550
f 816/628/552 812/352/541 813/617/546 817/629/551
f 816/630/552 815/631/549 811/614/542 812/348/541
f 806/364/540 800/632/539 815/631/549 816/630/552
f 806/362/540 816/628/552 817/629/551 804/633/537
f 804/634/537 817/626/551 818/627/550 801/635/538
f 800/360/539 801/636/538 818/625/550 815/624/549
f 810/351/544 809/615/543 821/612/529 822/336/535
f 810/353/544 822/332/535 819/611/533 807/616/545
f 807/619/545 819/606/533 820/609/530 808/620/547
f 809/359/543 808/623/547 820/604/530 821/328/529
f 845/328/529 844/604/530 823/605/531 827/331/532
f 843/606/533 829/607/534 823/608/531 844/609/530
f 846/332/535 826/333/536 829/610/534 843/611/533
f 846/336/535 845/612/529 827/613/532 826/339/536
f 826/340/536 827/341/532 823/342/531 829/343/534
f 828/344/537 825/345/538 824/346/539 830/347/540
f 836/348/541 835/614/542 833/615/543 834/351/544
f 836/352/541 834/353/544 831/616/545 837/617/546
f 837/618/546 831/619/545 832/620/547 838/621/548
f 835/356/542 838/622/548 832/623/547 833/359/543
f 839/624/549 842/625/550 838/622/548 835/356/542
f 841/626/551 837/618/546 838/621/548 842/627/550
f 840/628/552 836/352/541 837/617/546 841/629/551
f 840/630/552 839/631/549 835/614/542 836/348/541
f 830/364/540 824/632/539 839/631/549 840/630/552
f 830/362/540 840/628/552 841/629/551 828/633/537
f 828/634/537 841/626/551 842/627/550 825/635/538
f 824/360/539 825/636/538 842/625/550 839/624/549
f 834/351/544 833/615/543 845/612/529 846/336/535
f 834/353/544 846/332/535 843/611/533 831/616/545
f 831/619/545 843/606/533 844/609/530 832/620/547
f 833/359/543 832/623/547 844/604/530 845/328/529
f 869/328/529 868/604/530 847/605/553 851/331/554
f 867/606/533 853/607/555 847/608/553 868/609/530
f 870/332/535 850/333/556 853/610/555 867/611/533
f 870/336/535 869/612/529 851/613/554 850/339/556
f 850/340/556 851/341/554 847/342/553 853/343/555
f 852/344/537 849/345/538 848/346/539 854/347/540
f 860/348/541 859/614/542 857/615/557 858/351/558
f 860/352/541 858/353/558 855/616/559 861/617/546
f 861/618/546 855/619/559 856/620/560 862/621/548
f 859/356/542 862/622/548 856/623/560 857/359/557
f 863/624/549 866/625/550 862/622/548 859/356/542
f 865/626/551 861/618/546 862/621/548 866/627/550
f 864/628/552 860/352/541 861/617/546 865/629/551
f 864/630/552 863/631/549 859/614/542 860/348/541
f 854/364/540 848/632/539 863/631/549 864/630/552
f 854/362/540 864/628/552 865/629/551 852/633/537
f 852/634/537 865/626/551 866/627/550 849/635/538
f 848/360/539 849/636/538 866/625/550 863/624/549
f 858/351/558 857/615/557 869/612/529 870/336/535
f 858/353/558 870/332/535 867/611/533 855/616/559
f 855/619/559 867/606/533 868/609/530 856/620/560
f 857/359/557 856/623/560 868/604/530 869/328/529
f 893/328/529 892/604/530 871/605/553 875/331/554
f 891/606/533 877/607/555 871/608/553 892/609/530
f 894/332/535 874/333/556 877/610/555 891/611/533
f 894/336/535 893/612/529 875/613/554 874/339/556
f 874/340/556 875/341/554 871/342/553 877/343/555
f 876/344/537 873/345/538 872/346/539 878/347/540
f 884/348/541 883/614/542 881/615/557 882/351/558
f 884/352/541 882/353/558 879/616/559 885/617/546
f 885/618/546 879/619/559 880/620/560 886/621/548
f 883/356/542 886/622/548 880/623/560 881/359/557
f 887/624/549 890/625/550 886/622/548 883/356/542
f 889/626/551 885/618/546 886/621/548 890/627/550
f 888/628/552 884/352/541 885/617/546 889/629/551
f 888/630/552 887/631/549 883/614/542 884/348/541
f 878/364/540 872/632/539 887/631/549 888/630/552
f 878/362/540 888/628/552 889/629/551 876/633/537
f 876/634/537 889/626/551 890/627/550 873/635/538
f 872/360/539 873/636/538 890/625/550 887/624/549
f 882/351/558 881/615/557 893/612/529 894/336/535
f 882/353/558 894/332/535 891/611/533 879/616/559
f 879/619/559 891/606/533 892/609/530 880/620/560
f 881/359/557 880/623/560 892/604/530 893/328/529
f 917/328/529 916/604/530 895/605/553 899/331/554
f 915/606/533 901/607/555 895/608/553 916/609/530
f 918/332/535 898/333/556 901/610/555 915/611/533
f 918/336/535 917/612/529 899/613/554 898/339/556
f 898/340/556 899/341/554 895/342/553 901/343/555
f 900/344/537 897/345/538 896/346/539 902/347/540
f 908/348/541 907/614/542 905/615/557 906/351/558
f 908/352/541 906/353/558 903/616/559 909/617/546
f 909/618/546 903/619/559 904/620/560 910/621/548
f 907/356/542 910/622/548 904/623/560 905/359/557
f 911/624/549 914/625/550 910/622/548 907/356/542
f 913/626/551 909/618/546 910/621/548 914/627/550
f 912/628/552 908/352/541 909/617/546 913/629/551
f 912/630/552 911/631/549 907/614/542 908/348/541
f 902/364/540 896/632/539 911/631/549 912/630/552
f 902/362/540 912/628/552 913/629/551 900/633/537
f 900/634/537 913/626/551 914/627/550 897/635/538
f 896/360/539 897/636/538 914/625/550 911/624/549
f 906/351/558 905/615/557 917/612/529 918/336/535
f 906/353/558 918/332/535 915/611/533 903/616/559
f 903/619/559 915/606/533 916/609/530 904/620/560
f 905/359/557 904/623/560 916/604/530 917/328/529
f 921/637/561 933/638/562 934/639/563 922/640/564
f 919/641/565 931/642/566 933/638/562 921/637/561
f 922/643/564 934/644/563 932/645/567 920/646/568
f 920/646/568 932/645/567 931/647/566 919/648/565
f 923/538/569 926/539/570 924/540/571 925/541/40
f 942/649/224 945/650/386 925/651/40 924/652/571
f 945/653/386 939/654/1 923/655/569 925/656/40
f 946/657/223 926/658/570 923/659/569 939/660/1
f 927/538/370 929/541/38 928/540/571 930/539/570
f 950/649/224 928/652/571 929/651/38 953/650/385
f 953/653/385 929/656/38 927/655/370 947/654/2
f 954/657/223 947/660/2 927/659/370 930/658/570
f 933/638/562 937/661/572 938/662/573 934/639/563
f 931/642/566 935/663/574 937/661/572 933/638/562
f 934/644/563 938/664/573 936/665/575 932/645/567
f 932/645/567 936/665/575 935/666/574 931/647/566
f 943/530/576 940/531/11 941/532/387 944/533/577
f 944/649/577 941/650/387 945/651/386 942/652/224
f 941/653/387 940/654/11 939/655/1 945/656/386
f 943/657/576 946/658/223 939/659/1 940/660/11
f 951/530/576 952/533/577 949/532/36 948/531/60
f 952/649/577 950/652/224 953/651/385 949/650/36
f 949/653/36 953/656/385 947/655/2 948/654/60
f 951/657/576 948/660/60 947/659/2 954/658/223
f 1023/702/61 1025/703/61 1024/704/61
f 1034/705/584 1028/706/585 1029/707/586 1042/708/587
f 1028/709/585 1032/710/588 1033/711/589 1029/712/586
f 1043/713/590 1030/714/591 1031/715/592 1052/716/593
f 1030/717/591 1026/718/594 1027/719/595 1031/720/592
f 1053/721/596 1026/722/594 1030/714/591 1043/713/590
f 1052/723/593 1031/724/592 1027/725/595 1038/726/597
f 1033/727/589 1048/728/598 1042/708/587 1029/707/586
f 1048/728/598 1049/729/599 1041/730/600 1042/708/587
f 1049/729/599 1050/731/601 1040/732/602 1041/730/600
f 1050/731/601 1051/733/603 1039/734/604 1040/732/602
f 1051/733/603 1052/723/593 1038/726/597 1039/734/604
f 1028/735/585 1034/736/584 1047/737/605 1032/738/588
f 1034/736/584 1035/739/606 1046/740/607 1047/737/605
f 1035/739/606 1036/741/608 1045/742/609 1046/740/607
f 1036/741/608 1037/743/610 1044/744/611 1045/742/609
f 1037/743/610 1053/721/596 1043/713/590 1044/744/611
f 1032/738/588 1047/737/605 1048/745/598 1033/746/589
f 1047/737/605 1046/740/607 1049/747/599 1048/745/598
f 1046/740/607 1045/742/609 1050/748/601 1049/747/599
f 1045/742/609 1044/744/611 1051/749/603 1050/748/601
f 1044/744/611 1043/713/590 1052/716/593 1051/749/603
f 1026/750/594 1053/751/596 1038/726/597 1027/725/595
f 1053/751/596 1037/752/610 1039/734/604 1038/726/597
f 1037/752/610 1036/753/608 1040/732/602 1039/734/604
f 1036/753/608 1035/754/606 1041/730/600 1040/732/602
f 1035/754/606 1034/705/584 1042/708/587 1041/730/600
f 1062/755/612 1056/756/613 1057/757/614 1071/758/615
f 1056/759/613 1060/760/616 1061/761/617 1057/762/614
f 1072/763/618 1058/764/619 1059/765/620 1081/766/621
f 1058/767/619 1054/768/622 1055/769/623 1059/770/620
f 1066/771/624 1054/772/622 1058/773/619 1072/763/618
f 1081/774/621 1059/775/620 1055/776/623 1067/777/625
f 1061/778/617 1077/779/626 1071/758/615 1057/757/614
f 1077/779/626 1078/780/627 1070/781/628 1071/758/615
f 1078/780/627 1079/782/629 1069/783/630 1070/781/628
f 1079/782/629 1080/784/631 1068/785/632 1069/783/630
f 1080/784/631 1081/774/621 1067/777/625 1068/785/632
f 1056/786/613 1062/787/612 1076/788/633 1060/789/616
f 1062/787/612 1063/790/634 1075/791/635 1076/788/633
f 1063/790/634 1064/792/636 1074/793/637 1075/791/635
f 1064/792/636 1065/794/638 1073/795/639 1074/793/637
f 1065/794/638 1066/771/624 1072/763/618 1073/795/639
f 1060/789/616 1076/788/633 1077/796/626 1061/797/617
f 1076/788/633 1075/791/635 1078/798/627 1077/796/626
f 1075/791/635 1074/793/637 1079/799/629 1078/798/627
f 1074/793/637 1073/795/639 1080/800/631 1079/799/629
f 1073/795/639 1072/763/618 1081/766/621 1080/800/631
f 1054/801/622 1066/802/624 1067/777/625 1055/803/623
f 1066/802/624 1065/804/638 1068/785/632 1067/777/625
f 1065/804/638 1064/805/636 1069/783/630 1068/785/632
f 1064/805/636 1063/806/634 1070/781/628 1069/783/630
f 1063/806/634 1062/755/612 1071/758/615 1070/781/628
f 1086/807/640 1082/808/641 1083/809/642 1089/810/643
f 1082/811/641 1084/812/644 1085/813/645 1083/814/642
f 1085/815/645 1092/816/646 1089/810/643 1083/809/642
f 1092/817/646 1093/818/647 1088/819/648 1089/820/643
f 1082/821/641 1086/822/640 1091/823/649 1084/824/644
f 1086/822/640 1087/825/650 1090/826/651 1091/823/649
f 1084/824/644 1091/823/649 1092/827/646 1085/828/645
f 1091/823/649 1090/829/651 1093/830/647 1092/827/646
f 1087/831/650 1086/807/640 1089/810/643 1088/832/648
f 1098/530/576 1095/531/652 1096/532/35 1099/533/577
f 1094/538/58 1101/539/570 1097/540/571 1100/541/40
f 1099/833/577 1096/834/35 1100/835/40 1097/836/571
f 1096/542/35 1095/543/652 1094/544/58 1100/545/40
f 1098/584/576 1101/585/570 1094/586/58 1095/587/652
f 1106/530/576 1107/533/577 1104/532/241 1103/531/60
f 1102/538/59 1108/541/653 1105/540/571 1109/539/570
f 1107/546/577 1105/549/571 1108/548/653 1104/547/241
f 1104/542/241 1108/545/653 1102/544/59 1103/543/60
f 1106/584/576 1103/587/60 1102/586/59 1109/585/570
f 1116/837/1 1110/838/2 1111/839/370 1112/840/569
f 1113/841/40 1112/842/569 1111/843/370 1115/844/38
f 1117/845/386 1113/846/40 1115/847/38 1114/848/385
f 1116/192/1 1112/193/569 1113/194/40 1117/195/386
f 1111/200/370 1110/201/2 1114/202/385 1115/203/38
f 1160/702/384 1162/703/384 1161/704/384
f 1171/863/667 1165/864/668 1166/865/669 1179/866/670
f 1165/867/668 1169/868/671 1170/869/672 1166/870/669
f 1180/713/673 1167/714/674 1168/715/675 1189/716/676
f 1167/871/674 1163/872/677 1164/873/678 1168/874/675
f 1190/721/679 1163/722/677 1167/714/674 1180/713/673
f 1189/875/676 1168/876/675 1164/877/678 1175/878/680
f 1170/879/672 1185/880/681 1179/866/670 1166/865/669
f 1185/880/681 1186/881/682 1178/882/683 1179/866/670
f 1186/881/682 1187/883/684 1177/884/685 1178/882/683
f 1187/883/684 1188/885/686 1176/886/687 1177/884/685
f 1188/885/686 1189/875/676 1175/878/680 1176/886/687
f 1165/887/668 1171/736/667 1184/737/688 1169/888/671
f 1171/736/667 1172/739/689 1183/740/690 1184/737/688
f 1172/739/689 1173/741/691 1182/742/692 1183/740/690
f 1173/741/691 1174/743/693 1181/744/694 1182/742/692
f 1174/743/693 1190/721/679 1180/713/673 1181/744/694
f 1169/888/671 1184/737/688 1185/745/681 1170/889/672
f 1184/737/688 1183/740/690 1186/747/682 1185/745/681
f 1183/740/690 1182/742/692 1187/748/684 1186/747/682
f 1182/742/692 1181/744/694 1188/749/686 1187/748/684
f 1181/744/694 1180/713/673 1189/716/676 1188/749/686
f 1163/890/677 1190/891/679 1175/878/680 1164/877/678
f 1190/891/679 1174/892/693 1176/886/687 1175/878/680
f 1174/892/693 1173/893/691 1177/884/685 1176/886/687
f 1173/893/691 1172/894/689 1178/882/683 1177/884/685
f 1172/894/689 1171/863/667 1179/866/670 1178/882/683
f 1199/895/695 1193/896/696 1194/897/697 1208/898/698
f 1193/899/696 1197/900/699 1198/901/700 1194/902/697
f 1209/763/701 1195/903/702 1196/904/703 1218/766/704
f 1195/905/702 1191/906/705 1192/907/706 1196/908/703
f 1203/771/707 1191/909/705 1195/910/702 1209/763/701
f 1218/911/704 1196/912/703 1192/913/706 1204/914/708
f 1198/915/700 1214/916/709 1208/898/698 1194/897/697
f 1214/916/709 1215/917/710 1207/918/711 1208/898/698
f 1215/917/710 1216/919/712 1206/920/713 1207/918/711
f 1216/919/712 1217/921/714 1205/922/715 1206/920/713
f 1217/921/714 1218/911/704 1204/914/708 1205/922/715
f 1193/786/696 1199/787/695 1213/788/716 1197/789/699
f 1199/787/695 1200/790/717 1212/791/718 1213/788/716
f 1200/790/717 1201/792/719 1211/793/720 1212/791/718
f 1201/792/719 1202/794/721 1210/795/722 1211/793/720
f 1202/794/721 1203/771/707 1209/763/701 1210/795/722
f 1197/789/699 1213/788/716 1214/796/709 1198/797/700
f 1213/788/716 1212/791/718 1215/798/710 1214/796/709
f 1212/791/718 1211/793/720 1216/799/712 1215/798/710
f 1211/793/720 1210/795/722 1217/800/714 1216/799/712
f 1210/795/722 1209/763/701 1218/766/704 1217/800/714
f 1191/923/705 1203/924/707 1204/914/708 1192/925/706
f 1203/924/707 1202/926/721 1205/922/715 1204/914/708
f 1202/926/721 1201/927/719 1206/920/713 1205/922/715
f 1201/927/719 1200/928/717 1207/918/711 1206/920/713
f 1200/928/717 1199/895/695 1208/898/698 1207/918/711
f 1223/807/723 1219/808/724 1220/809/725 1226/810/726
f 1219/811/724 1221/812/727 1222/813/728 1220/814/725
f 1222/815/728 1229/816/729 1226/810/726 1220/809/725
f 1229/817/729 1230/818/730 1225/819/731 1226/820/726
f 1219/821/724 1223/822/723 1228/823/732 1221/824/727
f 1223/822/723 1224/825/733 1227/826/734 1228/823/732
f 1221/824/727 1228/823/732 1229/827/729 1222/828/728
f 1228/823/732 1227/829/734 1230/830/730 1229/827/729
f 1224/831/733 1223/807/723 1226/810/726 1225/832/731
f 1235/929/570 1232/930/59 1233/931/38 1236/932/571
f 1231/933/60 1238/934/576 1234/935/577 1237/936/36
f 1236/937/571 1233/938/38 1237/939/36 1234/940/577
f 1233/941/38 1232/942/59 1231/943/60 1237/944/36
f 1235/945/570 1238/946/576 1231/947/60 1232/948/59
f 1243/949/570 1244/950/571 1241/951/40 1240/952/569
f 1239/953/652 1245/954/35 1242/955/577 1246/956/576
f 1244/957/571 1242/958/577 1245/959/35 1241/960/40
f 1241/961/40 1245/962/35 1239/963/652 1240/964/569
f 1243/965/570 1240/966/569 1239/967/652 1246/968/576
f 1253/969/2 1247/970/1 1248/971/652 1249/972/369
f 1250/973/36 1249/974/369 1248/975/652 1252/976/35
f 1254/977/385 1250/978/36 1252/979/35 1251/980/386
f 1253/981/2 1249/982/369 1250/983/36 1254/984/385
f 1248/985/652 1247/986/1 1251/987/386 1252/988/35
f 1291/530/58 1288/531/59 1289/532/38 1292/533/40
f 1286/534/31 1293/535/31 1294/536/31 1285/537/31
f 1287/538/60 1296/539/11 1290/540/35 1295/541/36
f 1289/542/38 1288/543/59 1287/544/60 1295/545/36
f 1292/546/40 1289/547/38 1295/548/36 1290/549/35
f 1298/550/519 1299/551/520 1297/552/521 1301/553/522 1302/554/523 1300/555/524
f 1302/556/523 1308/557/395 1307/558/742 1300/559/524
f 1298/560/519 1306/561/526 1305/562/396 1299/563/520
f 1297/564/521 1304/565/527 1303/566/528 1301/567/522
f 1301/568/522 1303/569/528 1308/570/395 1302/571/523
f 1300/572/524 1307/573/742 1306/574/526 1298/575/519
f 1299/576/520 1305/577/396 1304/578/527 1297/579/521
f 1292/580/40 1290/581/35 1296/582/11 1291/583/58
f 1291/584/58 1296/585/11 1287/586/60 1288/587/59
f 1331/328/529 1330/604/530 1309/605/531 1313/331/532
f 1329/606/533 1315/607/534 1309/608/531 1330/609/530
f 1332/332/535 1312/333/536 1315/610/534 1329/611/533
f 1332/336/535 1331/612/529 1313/613/532 1312/339/536
f 1312/340/536 1313/341/532 1309/342/531 1315/343/534
f 1314/344/537 1311/345/538 1310/346/539 1316/347/540
f 1322/348/541 1321/614/542 1319/615/543 1320/351/544
f 1322/352/541 1320/353/544 1317/616/545 1323/617/546
f 1323/618/546 1317/619/545 1318/620/547 1324/621/548
f 1321/356/542 1324/622/548 1318/623/547 1319/359/543
f 1325/624/549 1328/625/550 1324/622/548 1321/356/542
f 1327/626/551 1323/618/546 1324/621/548 1328/627/550
f 1326/628/552 1322/352/541 1323/617/546 1327/629/551
f 1326/630/552 1325/631/549 1321/614/542 1322/348/541
f 1316/364/540 1310/632/539 1325/631/549 1326/630/552
f 1316/362/540 1326/628/552 1327/629/551 1314/633/537
f 1314/634/537 1327/626/551 1328/627/550 1311/635/538
f 1310/360/539 1311/636/538 1328/625/550 1325/624/549
f 1320/351/544 1319/615/543 1331/612/529 1332/336/535
f 1320/353/544 1332/332/535 1329/611/533 1317/616/545
f 1317/619/545 1329/606/533 1330/609/530 1318/620/547
f 1319/359/543 1318/623/547 1330/604/530 1331/328/529
usemtl Window
f 309/320/9 312/321/9 313/322/9 311/323/9 315/324/9 316/325/9 314/326/9 310/327/9
f 538/320/31 541/321/31 542/322/31 540/323/31 544/324/31 545/325/31 543/326/31 539/327/31
usemtl ROOFM
f 47/115/34 55/116/35 56/117/36 48/118/37
f 48/119/37 56/120/36 57/121/38 49/122/39
f 49/122/39 57/123/38 58/124/40 50/125/41
f 50/125/41 58/126/40 55/127/35 47/115/34
f 40/128/42 44/129/43 62/130/36 59/131/38
f 53/132/44 50/133/41 47/134/34 54/135/45
f 52/136/46 49/137/39 50/133/41 53/132/44
f 51/138/47 48/139/37 49/137/39 52/136/46
f 54/135/45 47/134/34 48/140/37 51/141/47
f 39/142/48 54/135/45 51/141/47 41/143/49
f 41/144/49 51/138/47 52/136/46 45/145/50
f 45/146/50 52/136/46 53/132/44 43/147/51
f 43/148/51 53/132/44 54/135/45 39/149/48
f 40/150/42 42/151/52 56/152/36 55/153/35
f 42/151/52 46/154/53 57/155/38 56/152/36
f 46/154/53 44/156/43 58/157/40 57/155/38
f 44/156/43 40/150/42 55/153/35 58/157/40
f 61/158/35 60/159/40 59/160/38 62/161/36
f 46/162/53 42/163/52 60/164/40 61/165/35
f 44/166/43 46/167/53 61/165/35 62/130/36
f 42/168/52 40/128/42 59/131/38 60/169/40
f 39/170/48 41/171/49 64/172/54 63/173/55
f 45/174/50 43/175/51 65/176/56 66/177/57
f 43/175/51 39/170/48 63/173/55 65/176/56
f 41/178/49 45/174/50 66/177/57 64/179/54
f 957/667/578 958/668/578 956/669/579 955/670/579
f 958/671/578 960/667/578 959/670/579 956/672/579
f 988/673/580 987/674/580 960/667/578 958/671/578
f 986/674/580 988/675/580 958/668/578 957/667/578
f 961/676/580 964/677/580 965/678/580 966/679/580 967/680/580 968/681/580 969/682/580 970/683/580 971/684/580 972/685/580 973/686/580 974/687/580 975/688/580 962/689/580 987/674/580 988/673/580
f 963/690/580 976/691/580 977/692/580 978/693/580 979/694/580 980/695/580 981/696/580 982/697/580 983/698/580 984/699/580 985/700/580 961/701/580 988/675/580 986/674/580
f 1020/674/581 995/667/582 994/668/582 1022/675/581
f 1022/673/581 994/671/582 992/667/582 1021/674/581
f 994/671/582 996/672/583 993/670/583 992/667/582
f 995/667/582 997/670/583 996/669/583 994/668/582
f 991/676/581 1022/673/581 1021/674/581 990/689/581 1009/688/581 1008/687/581 1007/686/581 1006/685/581 1005/684/581 1004/683/581 1003/682/581 1002/681/581 1001/680/581 1000/679/581 999/678/581 998/677/581
f 989/690/581 1020/674/581 1022/675/581 991/701/581 1019/700/581 1018/699/581 1017/698/581 1016/697/581 1015/696/581 1014/695/581 1013/694/581 1012/693/581 1011/692/581 1010/691/581
f 1121/667/654 1119/668/655 1118/669/656 1120/670/656
f 1136/674/657 1135/849/657 1119/668/655 1121/667/654
f 1123/850/658 1124/851/658 1125/852/658 1126/853/658 1127/854/658 1128/855/658 1129/856/658 1130/857/658 1131/858/658 1132/859/658 1133/860/658 1134/861/658 1122/862/658 1135/849/657 1136/674/657
f 1140/667/659 1139/670/660 1137/669/660 1138/668/661
f 1155/674/662 1140/667/659 1138/668/661 1154/849/662
f 1142/850/663 1155/674/662 1154/849/662 1141/862/663 1153/861/663 1152/860/663 1151/859/663 1150/858/663 1149/857/663 1148/856/663 1147/855/663 1146/854/663 1145/853/663 1144/852/663 1143/851/663
f 1159/668/664 1158/669/665 1156/670/665 1157/667/666
f 1267/675/735 1159/668/664 1157/667/666 1266/989/735
f 1256/990/736 1267/675/735 1266/989/735 1255/991/736 1257/992/736 1258/993/736 1259/994/736 1260/995/736 1261/996/736 1262/997/736 1263/859/736 1264/998/736 1265/999/736
f 1271/668/737 1269/667/738 1268/670/739 1270/669/739
f 1284/675/740 1283/989/740 1269/667/738 1271/668/737
f 1273/990/741 1282/999/741 1281/998/741 1280/859/741 1279/997/741 1278/996/741 1277/995/741 1276/994/741 1275/993/741 1274/992/741 1272/991/741 1283/989/740 1284/675/740
