# Blender 4.4.3
# www.blender.org
mtllib SquareHouseE.mtl
o RH5
v 1.335618 2.348516 2.364754
v 2.667357 2.348516 1.080631
v 1.335619 0.640317 2.364754
v 2.667357 0.640317 1.080631
v 2.666608 0.495506 0.977167
v 2.770726 0.495506 1.085145
v 1.331008 0.495506 2.473386
v 1.331008 0.645506 2.473386
v 2.666608 0.645506 0.977167
v 2.770726 0.645506 1.085145
v 1.226890 0.495506 2.365408
v 1.226890 0.645506 2.365408
v 1.851896 0.489309 2.001726
v 2.285781 0.489309 1.583354
v 2.013532 1.598854 1.845869
v 1.851896 1.321701 2.001726
v 1.881912 1.448402 1.971613
v 1.920999 1.513981 1.935048
v 2.285781 1.329984 1.583354
v 2.118020 1.598854 1.745116
v 2.244070 1.454827 1.623573
v 2.182704 1.553425 1.682746
v 1.898040 0.852867 1.957232
v 1.898040 0.956673 1.957232
v 1.972765 0.852867 1.885178
v 1.972765 0.956673 1.885178
v 1.967058 0.883975 1.983993
v 1.967058 0.925565 1.983993
v 1.996997 0.883975 1.955124
v 1.996997 0.925565 1.955124
v 2.004462 0.935936 1.947926
v 2.004462 0.873605 1.947926
v 1.959593 0.873605 1.991191
v 1.959593 0.935936 1.991191
v 2.002994 0.915747 1.975489
v 2.002994 0.893794 1.975489
v 1.987191 0.893794 1.990727
v 1.987191 0.915747 1.990727
v 1.979644 0.863236 1.907249
v 1.979644 0.946304 1.907249
v 1.919846 0.863236 1.964909
v 1.919846 0.946304 1.964909
v 1.971228 0.767874 1.943867
v 1.977971 0.773906 1.952004
v 1.976828 0.785970 1.953107
v 1.968941 0.792002 1.946072
v 1.962198 0.785970 1.937935
v 1.963342 0.773906 1.936832
v 1.985217 0.773081 1.930378
v 1.990855 0.778702 1.939580
v 1.987503 0.789944 1.942813
v 1.978513 0.795565 1.936843
v 1.972874 0.789944 1.927641
v 1.976226 0.778702 1.924409
v 1.997759 0.783140 1.918285
v 2.002407 0.787966 1.928442
v 1.997075 0.797620 1.933583
v 1.987094 0.802447 1.928568
v 1.982445 0.797620 1.918411
v 1.987778 0.787966 1.913270
v 2.007999 0.797365 1.908410
v 2.011839 0.801069 1.919347
v 2.004890 0.808477 1.926048
v 1.994101 0.812180 1.921812
v 1.990261 0.808477 1.910876
v 1.997210 0.801069 1.904175
v 2.015240 0.814788 1.901428
v 2.018509 0.817116 1.912916
v 2.010416 0.821773 1.920719
v 1.999055 0.824101 1.917035
v 1.995787 0.821773 1.905547
v 2.003879 0.817116 1.897744
v 2.018989 0.834221 1.897814
v 2.021961 0.835015 1.909587
v 2.013277 0.836603 1.917961
v 2.001620 0.837397 1.914562
v 1.998647 0.836603 1.902789
v 2.007332 0.835015 1.894415
v 2.018989 0.854339 1.897814
v 2.021961 0.853545 1.909587
v 2.013277 0.851956 1.917961
v 2.001620 0.851162 1.914562
v 1.998647 0.851956 1.902789
v 2.007332 0.853545 1.894415
v 2.015240 0.873772 1.901428
v 2.018509 0.871443 1.912916
v 2.010416 0.866787 1.920719
v 1.999055 0.864458 1.917035
v 1.995787 0.866787 1.905547
v 2.003879 0.871443 1.897744
v 2.007999 0.891194 1.908410
v 2.011839 0.887491 1.919347
v 2.004890 0.880083 1.926048
v 1.994101 0.876379 1.921812
v 1.990261 0.880083 1.910876
v 1.997210 0.887491 1.904175
v 1.997759 0.905420 1.918285
v 2.002407 0.900593 1.928442
v 1.997075 0.890939 1.933583
v 1.987094 0.886113 1.928568
v 1.982445 0.890939 1.918411
v 1.987778 0.900593 1.913270
v 1.985217 0.915479 1.930378
v 1.990855 0.909858 1.939580
v 1.987503 0.898616 1.942813
v 1.978513 0.892995 1.936843
v 1.972874 0.898616 1.927641
v 1.976226 0.909858 1.924409
v 1.971228 0.920686 1.943867
v 1.977971 0.914654 1.952004
v 1.976828 0.902590 1.953107
v 1.968941 0.896558 1.946072
v 1.962198 0.902590 1.937935
v 1.963342 0.914654 1.936832
v 1.956746 0.920686 1.957831
v 1.964632 0.914654 1.964866
v 1.965775 0.902590 1.963764
v 1.959032 0.896558 1.955626
v 1.951146 0.902590 1.948592
v 1.950003 0.914654 1.949694
v 1.942757 0.915479 1.971320
v 1.951748 0.909858 1.977290
v 1.955100 0.898616 1.974057
v 1.949461 0.892995 1.964855
v 1.940470 0.898616 1.958886
v 1.937118 0.909858 1.962118
v 1.930215 0.905420 1.983413
v 1.940196 0.900593 1.988429
v 1.945528 0.890939 1.983287
v 1.940880 0.886113 1.973130
v 1.930899 0.890939 1.968115
v 1.925567 0.900593 1.973257
v 1.919975 0.891194 1.993288
v 1.930764 0.887491 1.997523
v 1.937713 0.880083 1.990823
v 1.933873 0.876379 1.979886
v 1.923084 0.880083 1.975651
v 1.916135 0.887491 1.982352
v 1.912733 0.873772 2.000270
v 1.924094 0.871443 2.003954
v 1.932187 0.866787 1.996151
v 1.928919 0.864458 1.984663
v 1.917558 0.866787 1.980979
v 1.909465 0.871443 1.988783
v 1.908985 0.854339 2.003884
v 1.920642 0.853545 2.007283
v 1.929327 0.851957 1.998909
v 1.926354 0.851162 1.987136
v 1.914697 0.851957 1.983737
v 1.906013 0.853545 1.992111
v 1.908985 0.834221 2.003884
v 1.920642 0.835015 2.007283
v 1.929327 0.836603 1.998909
v 1.926354 0.837397 1.987136
v 1.914697 0.836603 1.983737
v 1.906013 0.835015 1.992111
v 1.912733 0.814788 2.000270
v 1.924094 0.817116 2.003954
v 1.932187 0.821773 1.996151
v 1.928919 0.824101 1.984663
v 1.917558 0.821773 1.980979
v 1.909465 0.817116 1.988783
v 1.919975 0.797365 1.993288
v 1.930764 0.801069 1.997523
v 1.937713 0.808477 1.990823
v 1.933873 0.812180 1.979886
v 1.923084 0.808477 1.975651
v 1.916135 0.801069 1.982352
v 1.930215 0.783140 1.983414
v 1.940196 0.787966 1.988429
v 1.945528 0.797620 1.983287
v 1.940880 0.802447 1.973130
v 1.930899 0.797620 1.968115
v 1.925567 0.787966 1.973257
v 1.942757 0.773081 1.971320
v 1.951748 0.778702 1.977290
v 1.955100 0.789944 1.974058
v 1.949461 0.795565 1.964856
v 1.940470 0.789944 1.958886
v 1.937118 0.778702 1.962118
v 1.956746 0.767874 1.957831
v 1.964632 0.773906 1.964866
v 1.965775 0.785970 1.963764
v 1.959032 0.792002 1.955626
v 1.951146 0.785970 1.948592
v 1.950003 0.773906 1.949694
v 1.886556 0.495506 2.001146
v 1.886556 1.359619 2.001146
v 1.792234 1.359619 1.903327
v 1.792234 0.495506 1.903327
v 1.809294 1.359619 2.075645
v 1.714972 1.359619 1.977826
v 1.809294 0.495506 2.075645
v 1.714972 0.495506 1.977826
v 1.752114 1.508786 1.942012
v 1.846436 1.508786 2.039832
v 1.912630 1.458616 1.976004
v 1.818308 1.458616 1.878184
v 1.829762 1.623113 1.867141
v 1.924083 1.623113 1.964960
v 1.972679 1.542949 1.918102
v 1.878357 1.542949 1.820283
v 1.914119 1.688756 1.785799
v 2.008441 1.688756 1.883618
v 2.035152 1.589732 1.857863
v 1.940830 1.589732 1.760043
v 1.990926 1.701196 1.711738
v 2.085248 1.701196 1.809558
v 2.085248 1.598498 1.809558
v 1.990926 1.598498 1.711738
v 2.283940 0.495506 1.617969
v 2.283940 1.359619 1.617969
v 2.189618 1.359619 1.520150
v 2.189618 0.495506 1.520150
v 2.361201 1.359619 1.543471
v 2.266879 1.359619 1.445651
v 2.361201 0.495506 1.543471
v 2.266879 0.495506 1.445651
v 2.229738 1.508786 1.481465
v 2.324060 1.508786 1.579284
v 2.257866 1.458616 1.643112
v 2.163544 1.458616 1.545292
v 2.152090 1.623113 1.556336
v 2.246412 1.623113 1.654155
v 2.197817 1.542949 1.701013
v 2.103495 1.542949 1.603194
v 2.067733 1.688756 1.637678
v 2.162055 1.688756 1.735497
v 2.135344 1.589732 1.761253
v 2.041022 1.589732 1.663433
v -0.119735 5.148405 -1.044768
v -0.022043 6.316645 -1.042990
v 0.175674 5.148405 -1.329615
v 0.173896 6.316645 -1.231923
v 0.165112 5.148405 -0.749359
v 0.166890 6.316645 -0.847052
v 0.460520 5.148405 -1.034206
v 0.362828 6.316645 -1.035984
v -0.141475 6.135515 -1.045164
v 0.176070 6.135515 -1.351355
v 0.482261 6.135515 -1.033810
v 0.164716 6.135515 -0.727619
v 0.174423 6.100211 -1.260897
v 0.391803 6.100211 -1.035457
v 0.166363 6.100211 -0.818077
v -0.051017 6.100211 -1.043517
v -0.141475 6.316645 -1.045164
v 0.176070 6.316645 -1.351355
v 0.482261 6.316645 -1.033810
v 0.164716 6.316645 -0.727619
v -0.022043 6.083292 -1.042990
v 0.173896 6.083292 -1.231923
v 0.362828 6.083292 -1.035984
v 0.166890 6.083292 -0.847052
v -0.141475 4.636452 -1.045164
v 0.176069 4.636452 -1.351355
v 0.164716 4.636452 -0.727619
v 0.482261 4.636452 -1.033810
v 0.596808 2.348786 1.668558
v 0.596808 0.640379 1.668558
v 1.187569 0.495506 2.389275
v 0.493449 0.495506 1.669417
v 0.493449 0.645507 1.669417
v 1.295548 0.645506 2.285157
v 0.601427 0.495506 1.565299
v 0.601427 0.645507 1.565299
v 1.191254 0.640379 2.285046
v 1.191255 2.348786 2.285046
v 1.187569 0.645506 2.389275
v 1.295548 0.495506 2.285157
v 0.628254 0.627360 1.726169
v 0.575174 0.729486 1.671121
v 0.577850 0.627360 1.668541
v 1.124375 2.359430 2.240686
v 1.187417 2.275751 2.306065
v 1.190093 2.359430 2.303484
v 1.199257 2.275728 2.294680
v 0.640094 0.627337 1.714784
v 0.589690 0.627337 1.657155
v 0.587014 0.729463 1.659736
v 1.136216 2.359407 2.229301
v 1.201933 2.359407 2.292099
v -0.786159 2.348516 0.234309
v 0.497964 2.348516 1.566047
v -0.786159 0.640317 0.234309
v 0.497964 0.640318 1.566048
v 0.601428 0.495506 1.565298
v 0.493449 0.495506 1.669416
v -0.894792 0.495506 0.229699
v -0.894792 0.645506 0.229699
v 0.601428 0.645506 1.565298
v 0.493449 0.645506 1.669416
v -0.786813 0.495506 0.125581
v -0.786813 0.645506 0.125581
v 0.011158 1.143932 1.111656
v -0.349816 1.143932 0.737296
v -0.059352 1.863955 1.038530
v 0.011159 1.759444 1.111655
v -0.009493 1.831274 1.090238
v -0.349816 1.759444 0.737296
v -0.279305 1.863955 0.810421
v -0.329164 1.831274 0.758714
v -0.377946 1.158626 0.639406
v -0.003079 1.151622 1.244733
v 0.100841 1.163347 1.144528
v -0.483264 1.068066 0.740958
v -0.483264 1.158626 0.740958
v 0.110872 1.075069 1.140564
v -0.377946 1.068066 0.639406
v 0.006952 1.063344 1.240769
v -0.141562 1.071705 0.897723
v -0.137211 1.147879 0.893527
v -0.233720 1.154986 0.986586
v -0.238072 1.078812 0.990782
v -0.261654 1.076541 0.770396
v -0.261654 1.150151 0.770396
v -0.356593 1.150151 0.861941
v -0.356593 1.076541 0.861941
v -0.113629 1.150151 1.113913
v -0.113629 1.076541 1.113913
v -0.018690 1.076541 1.022369
v -0.018690 1.150151 1.022369
v -0.385840 1.846097 0.636268
v 0.000844 1.842437 1.251593
v 0.102748 1.851268 1.153333
v -0.489430 1.758429 0.736155
v -0.489430 1.846097 0.736155
v 0.114330 1.763660 1.148000
v -0.385840 1.758429 0.636268
v 0.012426 1.754830 1.246260
v -0.145443 1.846534 0.901476
v -0.140190 1.923367 0.896410
v -0.233581 1.923988 0.986462
v -0.238400 1.851886 0.991110
v -0.267934 1.825210 0.771083
v -0.267934 1.900112 0.771083
v -0.358996 1.900112 0.858889
v -0.358996 1.825209 0.858889
v -0.110656 1.900112 1.116437
v -0.110656 1.825209 1.116437
v -0.019594 1.825210 1.028631
v -0.019594 1.900112 1.028631
v -0.349321 1.139772 0.680151
v -0.400848 1.805669 0.738413
v -0.355585 1.805669 0.682550
v -0.354812 1.139772 0.782379
v -0.403246 1.139772 0.732149
v -0.303285 1.808665 0.724117
v -0.300886 1.139772 0.730381
v -0.348547 1.808665 0.779981
v -0.305092 1.474452 0.734524
v -0.345179 1.474452 0.684357
v -0.399041 1.474452 0.728006
v -0.358954 1.474452 0.778173
v -0.299031 1.307112 0.730415
v -0.349287 1.307112 0.678296
v -0.405101 1.307112 0.732115
v -0.354846 1.307112 0.784234
v -0.405101 1.641792 0.732115
v -0.354846 1.641792 0.784234
v -0.299031 1.641792 0.730415
v -0.349287 1.641792 0.678296
v 0.028828 1.139772 1.067778
v -0.027022 1.805669 1.130984
v 0.021998 1.805669 1.070394
v 0.023175 1.139772 1.178924
v -0.029638 1.139772 1.124154
v 0.079025 1.808665 1.115718
v 0.081640 1.139772 1.122549
v 0.030005 1.808665 1.176309
v 0.080477 1.474452 1.121643
v 0.027922 1.474452 1.068941
v -0.028475 1.474452 1.125060
v 0.024081 1.474452 1.177761
v 0.083663 1.307112 1.122586
v 0.028865 1.307112 1.065756
v -0.031660 1.307112 1.124117
v 0.023138 1.307112 1.180947
v -0.026069 1.641792 1.124219
v 0.023240 1.641792 1.175356
v 0.078072 1.641792 1.122484
v 0.028763 1.641792 1.071347
v -0.205312 1.849680 0.927170
v -0.169984 1.147240 0.961696
v -0.207584 1.147240 0.922701
v -0.166085 1.852841 0.960764
v -0.206786 1.500286 0.923375
v -0.169548 1.500286 0.961070
v -0.208819 1.323763 0.922477
v -0.169805 1.323763 0.962938
v -0.205405 1.676810 0.923096
v -0.170299 1.676810 0.959504
v -0.155125 1.852841 0.945453
v -0.185625 1.147240 0.917366
v -0.186706 1.849680 0.919789
v -0.155939 1.147240 0.948153
v -0.148930 1.500286 0.940570
v -0.178369 1.500286 0.910964
v -0.148042 1.323763 0.941953
v -0.178944 1.323763 0.909905
v -0.177536 1.676810 0.911365
v -0.149996 1.676810 0.939927
v -0.348767 1.597262 0.766595
v -0.267527 1.595029 0.846735
v -0.346553 1.635564 0.761562
v -0.334981 1.594718 0.753302
v -0.253965 1.595029 0.833658
v -0.173345 1.594133 0.917745
v -0.187552 1.594465 0.931444
v -0.187075 1.633937 0.930983
v -0.267527 1.632709 0.846735
v -0.172868 1.633605 0.917284
v -0.253965 1.632709 0.833658
v -0.332767 1.633020 0.748269
v -0.348767 1.345065 0.766595
v -0.267527 1.342832 0.846735
v -0.346553 1.383366 0.761562
v -0.334981 1.342521 0.753302
v -0.253965 1.342832 0.833658
v -0.173345 1.341936 0.917745
v -0.187552 1.342268 0.931444
v -0.187075 1.381740 0.930983
v -0.267527 1.380512 0.846735
v -0.172868 1.381408 0.917284
v -0.253965 1.380512 0.833658
v -0.332767 1.380823 0.748269
v -0.011551 1.629790 1.116315
v -0.088681 1.632023 1.032212
v -0.006441 1.591489 1.114286
v 0.002235 1.632334 1.103022
v -0.075119 1.632023 1.019135
v -0.156217 1.632919 0.935509
v -0.170424 1.632587 0.949208
v -0.169946 1.593115 0.948747
v -0.088681 1.594343 1.032212
v -0.155739 1.593447 0.935048
v -0.075119 1.594343 1.019135
v 0.007345 1.594032 1.100993
v -0.011551 1.379063 1.116315
v -0.088681 1.381296 1.032212
v -0.006441 1.340761 1.114286
v -0.170424 1.381860 0.949208
v -0.169946 1.342388 0.948747
v -0.088681 1.343616 1.032212
v -0.155739 1.342720 0.935048
v -0.075119 1.343616 1.019135
v 0.007345 1.343305 1.100993
v -1.485554 2.348786 -0.491018
v -1.485554 0.640379 -0.491018
v -0.894792 0.495506 0.229699
v -1.588913 0.495506 -0.490159
v -1.588913 0.645506 -0.490159
v -0.786813 0.645506 0.125581
v -1.480935 0.495506 -0.594277
v -1.480935 0.645506 -0.594277
v -0.891107 0.640379 0.125470
v -0.891107 2.348786 0.125470
v -0.894792 0.645506 0.229699
v -0.786814 0.495506 0.125581
v -1.454108 0.627360 -0.433407
v -1.507188 0.729486 -0.488455
v -1.504512 0.627360 -0.491035
v -0.957987 2.359430 0.081110
v -0.894945 2.275751 0.146489
v -0.892269 2.359430 0.143908
v -0.883105 2.275728 0.135103
v -1.442268 0.627337 -0.444792
v -1.492671 0.627337 -0.502421
v -1.495347 0.729463 -0.499840
v -0.946146 2.359407 0.069725
v -0.880429 2.359407 0.132523
v -0.179079 2.348516 -1.860624
v -1.510818 2.348516 -0.576501
v -0.179079 0.640317 -1.860624
v -1.510818 0.640318 -0.576501
v -1.510068 0.495506 -0.473037
v -1.614186 0.495506 -0.581016
v -0.174468 0.495506 -1.969257
v -0.174468 0.645506 -1.969257
v -1.510068 0.645506 -0.473037
v -1.614186 0.645506 -0.581016
v -0.070350 0.495506 -1.861278
v -0.070350 0.645506 -1.861278
v -1.562127 0.495506 -0.527026
v -1.562127 0.645506 -0.527026
v -0.122409 0.495506 -1.915267
v -0.122409 0.645506 -1.915267
v 2.027104 2.348786 0.289402
v 2.027104 0.640379 0.289402
v 2.716257 0.495506 0.915245
v 2.022137 0.495506 0.195386
v 2.022137 0.645506 0.195386
v 2.608278 0.645506 1.019363
v 1.914158 0.495506 0.299504
v 1.914158 0.645506 0.299504
v 2.621550 0.640379 0.905890
v 2.621550 2.348786 0.905890
v 2.716257 0.645506 0.915245
v 2.608278 0.495506 1.019362
v 2.083532 0.627360 0.322923
v 2.030452 0.729486 0.267875
v 2.027776 0.627360 0.270456
v 2.579653 2.359430 0.837441
v 2.642694 2.275751 0.902820
v 2.640018 2.359430 0.905400
v 2.630885 2.275728 0.914238
v 2.071723 0.627337 0.334342
v 2.015967 0.627337 0.281874
v 2.018643 0.729463 0.279294
v 2.567844 2.359407 0.848859
v 2.628209 2.359407 0.916818
v -0.072155 2.348786 -1.853882
v -0.072155 0.640379 -1.853882
v 0.616999 0.495506 -1.228039
v -0.077121 0.495506 -1.947898
v -0.077121 0.645506 -1.947898
v 0.509020 0.645506 -1.123921
v -0.185100 0.495506 -1.843780
v -0.185100 0.645506 -1.843780
v 0.522292 0.640379 -1.237393
v 0.522292 2.348786 -1.237393
v 0.616999 0.645506 -1.228039
v 0.509020 0.495506 -1.123921
v -0.015727 0.627360 -1.820361
v -0.068806 0.729486 -1.875408
v -0.071482 0.627360 -1.872828
v 0.480395 2.359430 -1.305843
v 0.543436 2.275751 -1.240464
v 0.540760 2.359430 -1.237884
v 0.531627 2.275728 -1.229046
v -0.027535 0.627337 -1.808942
v -0.083291 0.627337 -1.861410
v -0.080615 0.729463 -1.863990
v 0.468586 2.359407 -1.294425
v 0.528951 2.359407 -1.226465
v 1.291228 4.201527 2.292834
v 2.622966 4.201527 1.008711
v 1.291228 2.493327 2.292835
v 2.622966 2.493328 1.008711
v 2.622217 2.348516 0.905247
v 2.726335 2.348516 1.013226
v 1.286617 2.348516 2.401467
v 1.286617 2.498517 2.401467
v 2.622217 2.498516 0.905247
v 2.726335 2.498517 1.013226
v 1.182499 2.348516 2.293489
v 1.182499 2.498517 2.293489
v 2.168574 2.996943 1.495517
v 1.794215 2.996943 1.856491
v 2.095449 3.716965 1.566027
v 2.168574 3.612454 1.495517
v 2.147156 3.684284 1.516169
v 1.794215 3.612454 1.856491
v 1.867340 3.716965 1.785981
v 1.815633 3.684284 1.835839
v 1.696325 3.011636 1.884622
v 2.301651 3.004632 1.509755
v 2.201447 3.016357 1.405834
v 1.797877 2.921076 1.989939
v 1.797877 3.011636 1.989939
v 2.197483 2.928080 1.395803
v 1.696325 2.921076 1.884622
v 2.297687 2.916355 1.499723
v 1.954642 2.924715 1.648238
v 1.950446 3.000890 1.643886
v 2.043505 3.007997 1.740396
v 2.047701 2.931822 1.744747
v 1.827315 2.929551 1.768329
v 1.827315 3.003161 1.768329
v 1.918859 3.003161 1.863268
v 1.918859 2.929551 1.863268
v 2.170832 3.003161 1.620304
v 2.170832 2.929551 1.620304
v 2.079288 2.929551 1.525365
v 2.079288 3.003161 1.525365
v 1.693187 3.699107 1.892515
v 2.308512 3.695447 1.505831
v 2.210252 3.704278 1.403927
v 1.793074 3.611439 1.996106
v 1.793074 3.699107 1.996106
v 2.204919 3.616670 1.392345
v 1.693187 3.611439 1.892515
v 2.303179 3.607840 1.494249
v 1.958395 3.699544 1.652118
v 1.953329 3.776377 1.646865
v 2.043381 3.776998 1.740256
v 2.048028 3.704896 1.745076
v 1.828002 3.678220 1.774610
v 1.828002 3.753122 1.774610
v 1.915807 3.753122 1.865671
v 1.915807 3.678220 1.865671
v 2.173356 3.753122 1.617331
v 2.173356 3.678220 1.617331
v 2.085550 3.678220 1.526270
v 2.085550 3.753122 1.526270
v 1.737070 2.992782 1.855996
v 1.795332 3.658679 1.907523
v 1.739468 3.658679 1.862260
v 1.839298 2.992782 1.861487
v 1.789067 2.992782 1.909922
v 1.781036 3.661675 1.809960
v 1.787300 2.992782 1.807562
v 1.836899 3.661675 1.855223
v 1.791443 3.327462 1.811767
v 1.741276 3.327462 1.851854
v 1.784925 3.327462 1.905716
v 1.835092 3.327462 1.865629
v 1.787334 3.160122 1.805707
v 1.735215 3.160122 1.855962
v 1.789034 3.160122 1.911777
v 1.841153 3.160122 1.861521
v 1.789034 3.494802 1.911777
v 1.841153 3.494802 1.861521
v 1.787334 3.494802 1.805707
v 1.735215 3.494802 1.855962
v 2.124697 2.992782 1.477847
v 2.187903 3.658679 1.533697
v 2.127313 3.658679 1.484678
v 2.235843 2.992782 1.483501
v 2.181072 2.992782 1.536313
v 2.172637 3.661675 1.427651
v 2.179468 2.992782 1.425035
v 2.233227 3.661675 1.476670
v 2.178561 3.327462 1.426198
v 2.125860 3.327462 1.478753
v 2.181979 3.327462 1.535150
v 2.234680 3.327462 1.482594
v 2.179504 3.160122 1.423012
v 2.122675 3.160122 1.477811
v 2.181036 3.160122 1.538335
v 2.237865 3.160122 1.483537
v 2.181138 3.494802 1.532745
v 2.232275 3.494802 1.483436
v 2.179403 3.494802 1.428603
v 2.128265 3.494802 1.477912
v 1.984088 3.702690 1.711987
v 2.018615 3.000250 1.676659
v 1.979620 3.000250 1.714259
v 2.017683 3.705851 1.672761
v 1.980294 3.353296 1.713461
v 2.017988 3.353296 1.676223
v 1.979396 3.176773 1.715494
v 2.019857 3.176773 1.676480
v 1.980015 3.529820 1.712081
v 2.016423 3.529820 1.676974
v 2.002372 3.705851 1.661801
v 1.974285 3.000250 1.692300
v 1.976707 3.702690 1.693381
v 2.005072 3.000250 1.662614
v 1.997489 3.353296 1.655605
v 1.967883 3.353296 1.685044
v 1.998872 3.176773 1.654717
v 1.966824 3.176773 1.685619
v 1.968284 3.529820 1.684212
v 1.996846 3.529820 1.656671
v 1.823514 3.450272 1.855443
v 1.903654 3.448040 1.774202
v 1.818481 3.488574 1.853229
v 1.810221 3.447729 1.841657
v 1.890577 3.448040 1.760640
v 1.974664 3.447144 1.680021
v 1.988363 3.447475 1.694228
v 1.987902 3.486947 1.693750
v 1.903654 3.485719 1.774202
v 1.974203 3.486615 1.679543
v 1.890577 3.485719 1.760640
v 1.805188 3.486030 1.839443
v 1.823514 3.198075 1.855443
v 1.903654 3.195842 1.774202
v 1.818481 3.236377 1.853229
v 1.810221 3.195531 1.841657
v 1.890577 3.195842 1.760640
v 1.974664 3.194946 1.680021
v 1.988363 3.195278 1.694228
v 1.987902 3.234750 1.693750
v 1.903654 3.233522 1.774202
v 1.974203 3.234418 1.679543
v 1.890577 3.233522 1.760640
v 1.805188 3.233833 1.839443
v 2.173234 3.482800 1.518226
v 2.089131 3.485033 1.595357
v 2.171205 3.444499 1.513116
v 2.159941 3.485344 1.504440
v 2.076054 3.485033 1.581795
v 1.992428 3.485929 1.662892
v 2.006127 3.485597 1.677099
v 2.005666 3.446126 1.676621
v 2.089131 3.447353 1.595356
v 1.991967 3.446457 1.662414
v 2.076054 3.447353 1.581795
v 2.157912 3.447042 1.499330
v 2.173234 3.232073 1.518226
v 2.089131 3.234306 1.595357
v 2.171205 3.193772 1.513116
v 2.006127 3.234870 1.677099
v 2.005666 3.195398 1.676621
v 2.089131 3.196626 1.595356
v 1.991967 3.195730 1.662414
v 2.076054 3.196626 1.581795
v 2.157912 3.196315 1.499330
v 0.596808 4.198375 1.668558
v 0.596808 2.489968 1.668558
v 1.187569 2.345096 2.389275
v 0.493449 2.345096 1.669417
v 0.493449 2.495096 1.669417
v 1.295548 2.495095 2.285157
v 0.601427 2.345096 1.565299
v 0.601427 2.495096 1.565299
v 1.191254 2.489969 2.285046
v 1.191255 4.198375 2.285046
v 1.187569 2.495095 2.389275
v 1.295548 2.345096 2.285157
v 0.628254 2.476949 1.726169
v 0.575174 2.579076 1.671121
v 0.577850 2.476949 1.668541
v 1.124375 4.209020 2.240686
v 1.187417 4.125341 2.306065
v 1.190093 4.209020 2.303484
v 1.199257 4.125318 2.294680
v 0.640094 2.476926 1.714783
v 0.589691 2.476926 1.657155
v 0.587015 2.579052 1.659735
v 1.136216 4.208996 2.229301
v 1.201933 4.208996 2.292099
v -0.786159 4.198106 0.234309
v 0.497964 4.198106 1.566047
v -0.786159 2.489907 0.234309
v 0.497964 2.489907 1.566048
v 0.601428 2.345096 1.565298
v 0.493450 2.345096 1.669416
v -0.894792 2.345096 0.229699
v -0.894792 2.495096 0.229699
v 0.601428 2.495095 1.565298
v 0.493450 2.495095 1.669416
v -0.786813 2.345096 0.125580
v -0.786813 2.495095 0.125581
v 0.011159 2.993522 1.111655
v -0.349816 2.993522 0.737296
v -0.059352 3.713544 1.038530
v 0.011159 3.609034 1.111655
v -0.009493 3.680863 1.090238
v -0.349816 3.609034 0.737296
v -0.279305 3.713544 0.810421
v -0.329164 3.680863 0.758714
v -0.377946 3.008215 0.639406
v -0.003079 3.001211 1.244733
v 0.100841 3.012936 1.144528
v -0.483264 2.917655 0.740958
v -0.483264 3.008215 0.740958
v 0.110872 2.924659 1.140564
v -0.377946 2.917655 0.639406
v 0.006952 2.912934 1.240769
v -0.141562 2.921294 0.897723
v -0.137211 2.997469 0.893527
v -0.233720 3.004576 0.986586
v -0.238072 2.928401 0.990782
v -0.261654 2.926130 0.770396
v -0.261654 2.999740 0.770396
v -0.356593 2.999740 0.861941
v -0.356593 2.926130 0.861941
v -0.113629 2.999740 1.113913
v -0.113629 2.926130 1.113913
v -0.018690 2.926130 1.022369
v -0.018690 2.999740 1.022368
v -0.385840 3.695686 0.636268
v 0.000844 3.692026 1.251593
v 0.102748 3.700857 1.153333
v -0.489430 3.608018 0.736155
v -0.489430 3.695687 0.736155
v 0.114330 3.613250 1.148000
v -0.385840 3.608019 0.636268
v 0.012426 3.604419 1.246260
v -0.145443 3.696123 0.901476
v -0.140190 3.772957 0.896410
v -0.233581 3.773577 0.986462
v -0.238400 3.701475 0.991110
v -0.267934 3.674799 0.771083
v -0.267934 3.749701 0.771083
v -0.358996 3.749701 0.858889
v -0.358996 3.674799 0.858889
v -0.110656 3.749701 1.116437
v -0.110656 3.674799 1.116437
v -0.019594 3.674799 1.028631
v -0.019594 3.749701 1.028631
v -0.349321 2.989361 0.680151
v -0.400848 3.655258 0.738413
v -0.355585 3.655258 0.682550
v -0.354812 2.989361 0.782379
v -0.403246 2.989361 0.732149
v -0.303285 3.658255 0.724117
v -0.300886 2.989361 0.730381
v -0.348547 3.658255 0.779980
v -0.305092 3.324041 0.734524
v -0.345179 3.324041 0.684357
v -0.399041 3.324041 0.728006
v -0.358954 3.324041 0.778173
v -0.299031 3.156701 0.730415
v -0.349287 3.156701 0.678296
v -0.405101 3.156701 0.732115
v -0.354846 3.156701 0.784234
v -0.405101 3.491381 0.732115
v -0.354846 3.491381 0.784234
v -0.299031 3.491381 0.730415
v -0.349287 3.491381 0.678296
v 0.028828 2.989361 1.067778
v -0.027022 3.655258 1.130984
v 0.021998 3.655258 1.070394
v 0.023175 2.989361 1.178924
v -0.029638 2.989361 1.124154
v 0.079025 3.658255 1.115718
v 0.081640 2.989361 1.122549
v 0.030005 3.658255 1.176309
v 0.080477 3.324041 1.121643
v 0.027922 3.324041 1.068941
v -0.028475 3.324041 1.125060
v 0.024081 3.324041 1.177761
v 0.083663 3.156701 1.122586
v 0.028865 3.156701 1.065756
v -0.031660 3.156701 1.124117
v 0.023138 3.156701 1.180947
v -0.026069 3.491381 1.124219
v 0.023240 3.491381 1.175356
v 0.078072 3.491381 1.122484
v 0.028763 3.491381 1.071346
v -0.205312 3.699269 0.927169
v -0.169984 2.996829 0.961696
v -0.207584 2.996829 0.922701
v -0.166085 3.702430 0.960764
v -0.206786 3.349875 0.923375
v -0.169548 3.349875 0.961069
v -0.208819 3.173352 0.922477
v -0.169805 3.173352 0.962938
v -0.205405 3.526399 0.923096
v -0.170299 3.526399 0.959504
v -0.155125 3.702430 0.945453
v -0.185625 2.996829 0.917366
v -0.186706 3.699269 0.919789
v -0.155939 2.996829 0.948153
v -0.148930 3.349875 0.940570
v -0.178369 3.349875 0.910964
v -0.148042 3.173352 0.941953
v -0.178944 3.173352 0.909905
v -0.177536 3.526399 0.911365
v -0.149996 3.526399 0.939927
v -0.348767 3.446851 0.766595
v -0.267527 3.444619 0.846735
v -0.346553 3.485153 0.761562
v -0.334981 3.444308 0.753302
v -0.253965 3.444619 0.833658
v -0.173345 3.443723 0.917745
v -0.187552 3.444055 0.931444
v -0.187075 3.483526 0.930983
v -0.267527 3.482298 0.846735
v -0.172868 3.483195 0.917284
v -0.253965 3.482298 0.833658
v -0.332767 3.482610 0.748269
v -0.348767 3.194654 0.766595
v -0.267527 3.192421 0.846735
v -0.346553 3.232956 0.761562
v -0.334981 3.192111 0.753302
v -0.253965 3.192421 0.833658
v -0.173345 3.191525 0.917745
v -0.187552 3.191857 0.931444
v -0.187075 3.231329 0.930983
v -0.267527 3.230101 0.846735
v -0.172868 3.230997 0.917284
v -0.253965 3.230101 0.833658
v -0.332767 3.230412 0.748269
v -0.011551 3.479380 1.116315
v -0.088681 3.481612 1.032212
v -0.006441 3.441078 1.114286
v 0.002235 3.481923 1.103022
v -0.075119 3.481612 1.019135
v -0.156217 3.482508 0.935509
v -0.170424 3.482177 0.949208
v -0.169946 3.442705 0.948747
v -0.088681 3.443933 1.032212
v -0.155739 3.443037 0.935048
v -0.075119 3.443933 1.019135
v 0.007345 3.443622 1.100993
v -0.011551 3.228652 1.116315
v -0.088681 3.230885 1.032212
v -0.006441 3.190351 1.114286
v -0.170424 3.231449 0.949208
v -0.169946 3.191977 0.948747
v -0.088681 3.193205 1.032212
v -0.155739 3.192309 0.935048
v -0.075119 3.193205 1.019135
v 0.007345 3.192894 1.100993
v -1.485554 4.198375 -0.491018
v -1.485554 2.489968 -0.491018
v -0.894792 2.345096 0.229699
v -1.588913 2.345096 -0.490159
v -1.588913 2.495096 -0.490159
v -0.786813 2.495095 0.125581
v -1.480935 2.345096 -0.594277
v -1.480935 2.495096 -0.594277
v -0.891107 2.489969 0.125470
v -0.891107 4.198375 0.125470
v -0.894792 2.495095 0.229699
v -0.786814 2.345096 0.125581
v -1.454108 2.476949 -0.433407
v -1.507188 2.579076 -0.488455
v -1.504512 2.476949 -0.491035
v -0.957987 4.209020 0.081110
v -0.894945 4.125341 0.146489
v -0.892269 4.209020 0.143908
v -0.883105 4.125318 0.135103
v -1.442268 2.476926 -0.444792
v -1.492671 2.476926 -0.502421
v -1.495347 2.579052 -0.499840
v -0.946146 4.208996 0.069725
v -0.880429 4.208996 0.132523
v -0.179078 4.198106 -1.860624
v -1.510817 4.198106 -0.576501
v -0.179079 2.489907 -1.860624
v -1.510818 2.489907 -0.576501
v -1.510068 2.345096 -0.473037
v -1.614186 2.345096 -0.581016
v -0.174468 2.345096 -1.969257
v -0.174468 2.495096 -1.969257
v -1.510068 2.495095 -0.473037
v -1.614186 2.495095 -0.581016
v -0.070350 2.345096 -1.861278
v -0.070350 2.495095 -1.861278
v -1.562127 2.345096 -0.527026
v -1.562127 2.495095 -0.527026
v -0.122409 2.345096 -1.915267
v -0.122409 2.495096 -1.915267
v 2.612898 4.198375 0.916103
v 2.612898 2.489968 0.916103
v 2.022136 2.345096 0.195386
v 2.716257 2.345096 0.915244
v 2.716257 2.495096 0.915244
v 1.914158 2.495095 0.299504
v 2.608279 2.345096 1.019362
v 2.608279 2.495096 1.019362
v 2.018452 2.489969 0.299614
v 2.018451 4.198375 0.299615
v 2.022137 2.495095 0.195386
v 1.914158 2.345096 0.299504
v 2.581452 2.476949 0.858492
v 2.634532 2.579076 0.913540
v 2.631856 2.476949 0.916120
v 2.085331 4.209020 0.343974
v 2.022290 4.125341 0.278596
v 2.019614 4.209020 0.281176
v 2.010449 4.125318 0.289981
v 2.569612 2.476926 0.869877
v 2.620015 2.476926 0.927506
v 2.622691 2.579052 0.924925
v 2.073490 4.208996 0.355360
v 2.007773 4.208996 0.292562
v 1.906306 4.198106 0.197716
v 0.622183 4.198106 -1.134023
v 1.906306 2.489907 0.197716
v 0.622183 2.489907 -1.134023
v 0.518719 2.345096 -1.133273
v 0.626698 2.345096 -1.237391
v 2.014939 2.345096 0.202327
v 2.014939 2.495096 0.202326
v 0.518719 2.495095 -1.133273
v 0.626698 2.495095 -1.237391
v 1.906960 2.345096 0.306445
v 1.906960 2.495095 0.306444
v 1.108988 2.993522 -0.679631
v 1.469963 2.993522 -0.305271
v 1.179499 3.713544 -0.606506
v 1.108988 3.609034 -0.679631
v 1.129640 3.680863 -0.658213
v 1.469963 3.609034 -0.305271
v 1.399452 3.713544 -0.378397
v 1.449311 3.680863 -0.326689
v 1.498093 3.008215 -0.207381
v 1.123226 3.001211 -0.812708
v 1.019306 3.012936 -0.712503
v 1.603411 2.917655 -0.308933
v 1.603411 3.008215 -0.308933
v 1.009275 2.924659 -0.708539
v 1.498093 2.917655 -0.207381
v 1.113195 2.912934 -0.808744
v 1.261709 2.921294 -0.465698
v 1.257358 2.997469 -0.461502
v 1.353867 3.004576 -0.554561
v 1.358219 2.928401 -0.558757
v 1.381800 2.926130 -0.338371
v 1.381800 2.999740 -0.338371
v 1.476740 2.999740 -0.429916
v 1.476740 2.926130 -0.429916
v 1.233776 2.999740 -0.681888
v 1.233776 2.926130 -0.681888
v 1.138837 2.926130 -0.590344
v 1.138837 2.999740 -0.590344
v 1.505987 3.695686 -0.204243
v 1.119303 3.692026 -0.819568
v 1.017399 3.700857 -0.721308
v 1.609577 3.608018 -0.304130
v 1.609577 3.695687 -0.304130
v 1.005817 3.613250 -0.715975
v 1.505987 3.608019 -0.204243
v 1.107721 3.604419 -0.814235
v 1.265590 3.696123 -0.469451
v 1.260337 3.772957 -0.464385
v 1.353728 3.773577 -0.554437
v 1.358547 3.701475 -0.559085
v 1.388081 3.674799 -0.339058
v 1.388081 3.749701 -0.339058
v 1.479143 3.749701 -0.426864
v 1.479143 3.674799 -0.426864
v 1.230803 3.749701 -0.684412
v 1.230803 3.674799 -0.684412
v 1.139741 3.674799 -0.596606
v 1.139741 3.749701 -0.596606
v 1.469468 2.989361 -0.248126
v 1.520995 3.655258 -0.306388
v 1.475732 3.655258 -0.250525
v 1.474959 2.989361 -0.350354
v 1.523393 2.989361 -0.300123
v 1.423432 3.658255 -0.292092
v 1.421033 2.989361 -0.298357
v 1.468694 3.658255 -0.347955
v 1.425239 3.324041 -0.302499
v 1.465325 3.324041 -0.252332
v 1.519188 3.324041 -0.295981
v 1.479101 3.324041 -0.346148
v 1.419178 3.156701 -0.298390
v 1.469434 3.156701 -0.246271
v 1.525248 3.156701 -0.300090
v 1.474993 3.156701 -0.352209
v 1.525248 3.491381 -0.300090
v 1.474993 3.491381 -0.352209
v 1.419178 3.491381 -0.298390
v 1.469434 3.491381 -0.246271
v 1.091319 2.989361 -0.635754
v 1.147169 3.655258 -0.698959
v 1.098149 3.655258 -0.638369
v 1.096972 2.989361 -0.746899
v 1.149785 2.989361 -0.692129
v 1.041122 3.658255 -0.683694
v 1.038507 2.989361 -0.690524
v 1.090142 3.658255 -0.744284
v 1.039670 3.324041 -0.689618
v 1.092225 3.324041 -0.636917
v 1.148621 3.324041 -0.693035
v 1.096066 3.324041 -0.745736
v 1.036484 3.156701 -0.690561
v 1.091282 3.156701 -0.633731
v 1.151807 3.156701 -0.692092
v 1.097009 3.156701 -0.748922
v 1.146216 3.491381 -0.692194
v 1.096907 3.491381 -0.743331
v 1.042075 3.491381 -0.690459
v 1.091384 3.491381 -0.639322
v 1.325459 3.699269 -0.495145
v 1.290131 2.996829 -0.529671
v 1.327731 2.996829 -0.490676
v 1.286232 3.702430 -0.528739
v 1.326932 3.349875 -0.491350
v 1.289695 3.349875 -0.529045
v 1.328966 3.173352 -0.490453
v 1.289952 3.173352 -0.530913
v 1.325552 3.526399 -0.491071
v 1.290446 3.526399 -0.527479
v 1.275272 3.702430 -0.513428
v 1.305772 2.996829 -0.485341
v 1.306852 3.699269 -0.487764
v 1.276086 2.996829 -0.516128
v 1.269077 3.349875 -0.508545
v 1.298516 3.349875 -0.478939
v 1.268189 3.173352 -0.509928
v 1.299091 3.173352 -0.477880
v 1.297683 3.526399 -0.479340
v 1.270143 3.526399 -0.507902
v 1.468914 3.446851 -0.334570
v 1.387674 3.444619 -0.414710
v 1.466700 3.485153 -0.329537
v 1.455128 3.444308 -0.321277
v 1.374112 3.444619 -0.401633
v 1.293492 3.443723 -0.485720
v 1.307699 3.444055 -0.499419
v 1.307221 3.483526 -0.498959
v 1.387674 3.482298 -0.414710
v 1.293014 3.483195 -0.485259
v 1.374112 3.482298 -0.401633
v 1.452914 3.482610 -0.316244
v 1.468914 3.194654 -0.334570
v 1.387674 3.192421 -0.414710
v 1.466700 3.232956 -0.329537
v 1.455128 3.192111 -0.321277
v 1.374112 3.192421 -0.401633
v 1.293492 3.191525 -0.485720
v 1.307699 3.191857 -0.499419
v 1.307221 3.231329 -0.498959
v 1.387674 3.230101 -0.414710
v 1.293014 3.230997 -0.485259
v 1.374112 3.230101 -0.401633
v 1.452914 3.230412 -0.316244
v 1.131698 3.479380 -0.684290
v 1.208828 3.481612 -0.600187
v 1.126588 3.441078 -0.682261
v 1.117912 3.481923 -0.670997
v 1.195266 3.481612 -0.587110
v 1.276363 3.482508 -0.503484
v 1.290570 3.482177 -0.517183
v 1.290093 3.442705 -0.516722
v 1.208828 3.443933 -0.600187
v 1.275886 3.443037 -0.503023
v 1.195266 3.443933 -0.587110
v 1.112802 3.443622 -0.668968
v 1.131698 3.228652 -0.684290
v 1.208828 3.230885 -0.600187
v 1.126588 3.190351 -0.682261
v 1.290571 3.231449 -0.517183
v 1.290093 3.191977 -0.516722
v 1.208828 3.193205 -0.600187
v 1.275886 3.192309 -0.503023
v 1.195266 3.193205 -0.587110
v 1.112802 3.192894 -0.668968
v 0.513640 4.198375 -1.227181
v 0.513640 2.489968 -1.227181
v -0.077122 2.345096 -1.947898
v 0.616999 2.345096 -1.228039
v 0.616999 2.495096 -1.228039
v -0.185101 2.495095 -1.843780
v 0.509021 2.345096 -1.123921
v 0.509021 2.495096 -1.123921
v -0.080807 2.489969 -1.843669
v -0.080807 4.198375 -1.843669
v -0.077122 2.495095 -1.947898
v -0.185100 2.345096 -1.843780
v 0.482194 2.476949 -1.284792
v 0.535274 2.579076 -1.229744
v 0.532598 2.476949 -1.227164
v -0.013927 4.209020 -1.799309
v -0.076968 4.125341 -1.864688
v -0.079645 4.209020 -1.862108
v -0.088809 4.125318 -1.853303
v 0.470353 2.476926 -1.273407
v 0.520757 2.476926 -1.215778
v 0.523433 2.579052 -1.218359
v -0.025768 4.208996 -1.787924
v -0.091485 4.208996 -1.850722
v 1.960644 2.337697 0.231788
v 3.089852 1.646572 -0.857046
v 1.960644 0.640317 0.231788
v 3.089852 0.640317 -0.857046
v 3.121444 0.495506 -0.987864
v 3.221733 0.495506 -0.883856
v 1.961171 0.495506 0.331635
v 1.961171 0.645506 0.331635
v 3.121444 0.645506 -0.987864
v 3.221733 0.645506 -0.883856
v 1.860882 0.495506 0.227628
v 1.860882 0.645506 0.227628
v 0.622367 2.337697 -1.156113
v 1.751574 1.646572 -2.244946
v 0.622367 0.640317 -1.156113
v 1.751574 0.640317 -2.244946
v 1.883456 0.495506 -2.271757
v 1.783167 0.495506 -2.375764
v 0.522605 0.495506 -1.160273
v 0.522605 0.645506 -1.160273
v 1.883456 0.645506 -2.271757
v 1.783167 0.645506 -2.375764
v 0.622894 0.495506 -1.056265
v 0.622894 0.645506 -1.056265
v 3.148029 0.495506 -0.941047
v 3.059282 0.645506 -0.855474
v 3.148029 0.645506 -0.941047
v 3.059283 0.495506 -0.855474
v 2.505774 0.495506 -1.607117
v 1.791528 0.495506 -2.347848
v 1.791528 0.645507 -2.347848
v 2.417028 0.645506 -1.521544
v 1.702781 0.495506 -2.262275
v 1.702781 0.645507 -2.262275
v 2.505774 0.645506 -1.607117
v 2.417028 0.495506 -1.521544
v 3.126029 1.668676 -0.919834
v 1.790995 1.668676 -2.304372
v 3.126029 0.637360 -0.919834
v 1.790995 0.637361 -2.304372
v 3.118369 0.594242 -0.960710
v 3.112839 0.594242 -0.811029
v 3.190495 0.594242 -0.885909
v 3.040713 0.594242 -0.885829
v 3.118369 1.105343 -0.960710
v 3.118370 1.631999 -0.960710
v 3.190496 1.631999 -0.885909
v 3.112839 1.105343 -0.811029
v 3.040713 1.631999 -0.885830
v 3.112839 1.631999 -0.811029
v 3.190495 1.105343 -0.885909
v 3.040712 1.105343 -0.885829
v 1.782351 0.594242 -2.346268
v 1.776820 0.594242 -2.196587
v 1.854477 0.594242 -2.271467
v 1.704694 0.594242 -2.271388
v 1.782351 1.105343 -2.346268
v 1.782351 1.631999 -2.346268
v 1.854477 1.631999 -2.271467
v 1.776820 1.105343 -2.196587
v 1.704694 1.631999 -2.271388
v 1.776821 1.631999 -2.196587
v 1.854477 1.105343 -2.271467
v 1.704694 1.105343 -2.271388
v 1.896823 1.694943 -2.507841
v 2.018669 1.688968 -2.378057
v 0.602084 2.466519 -1.218934
v 0.710427 2.446499 -1.118638
v 1.843112 1.523312 -2.464614
v 1.964958 1.517337 -2.334830
v 0.550757 2.323632 -1.190293
v 0.659100 2.303612 -1.089998
v 0.794586 2.321165 -1.420651
v 0.994601 2.207337 -1.603101
v 1.181949 2.089908 -1.806068
v 1.404069 1.968137 -2.005736
v 1.610766 1.819386 -2.215502
v 1.706884 1.834705 -2.124757
v 1.496396 1.968112 -1.909990
v 1.284028 2.102823 -1.710126
v 1.079123 2.207337 -1.515444
v 0.889471 2.321162 -1.322158
v 1.585245 1.691854 -2.168628
v 1.367137 1.839829 -1.970124
v 1.154826 1.953939 -1.760494
v 0.954588 2.068326 -1.564519
v 0.756623 2.189352 -1.384045
v 0.851507 2.189349 -1.285552
v 1.039064 2.068322 -1.476817
v 1.256905 1.966855 -1.664552
v 1.459464 1.839804 -1.874379
v 1.681363 1.707172 -2.077883
v 1.846404 1.645191 -2.329157
v 3.178475 1.648404 -0.937458
v 2.511982 1.647085 -1.632867
v 2.566547 2.032809 -0.347409
v 1.978823 2.370682 0.219301
v 1.897954 2.032809 -1.040793
v 1.229362 2.032809 -1.734177
v 1.310230 2.370682 -0.474083
v 0.641638 2.370682 -1.167467
v 2.536401 1.648776 -1.602155
v 2.588540 1.639712 -1.576959
v 2.619183 1.648805 -1.516211
v 2.686405 1.642557 -1.466403
v 2.722523 1.649974 -1.405313
v 2.816361 1.646305 -1.319686
v 2.856099 1.653773 -1.254683
v 2.918320 1.637202 -1.242947
v 2.957831 1.648118 -1.167195
v 3.024338 1.650557 -1.090450
v 3.074194 1.642007 -1.065986
v 3.143003 1.647957 -0.975669
v 1.896216 1.649626 -2.263371
v 1.954128 1.636427 -2.245360
v 2.047022 1.648669 -2.110019
v 2.092714 1.641794 -2.084537
v 2.220161 1.650330 -1.925171
v 2.287289 1.641058 -1.885092
v 2.334677 1.646765 -1.817765
v 2.399861 1.648810 -1.743649
v 2.456291 1.634866 -1.729551
v 2.487018 1.645305 -1.664428
v 1.773315 1.691105 -2.258682
v 3.110500 1.691105 -0.871914
v 2.441908 1.691105 -1.565298
v 3.238879 1.670136 -1.102001
v 3.342174 1.666315 -0.992703
v 1.923107 2.445584 0.151072
v 2.031370 2.466505 0.251284
v 3.194392 1.525162 -1.064555
v 3.297687 1.521342 -0.955257
v 1.897265 2.303627 0.206143
v 2.005528 2.324547 0.306355
v 2.134839 2.321165 -0.030703
v 2.337006 2.200607 -0.207038
v 2.545153 2.096141 -0.399506
v 2.744495 1.966454 -0.615956
v 2.951782 1.812017 -0.826290
v 3.047900 1.827318 -0.735546
v 2.836823 1.966429 -0.520210
v 2.622105 2.075666 -0.307892
v 2.413344 2.200607 -0.127869
v 2.229723 2.321162 0.067790
v 2.926247 1.684618 -0.779402
v 2.707558 1.838202 -0.580338
v 2.497255 1.981097 -0.382831
v 2.300868 2.075056 -0.172192
v 2.096875 2.189352 0.005903
v 2.191759 2.189349 0.104397
v 2.377164 2.075052 -0.092983
v 2.574206 1.960621 -0.291217
v 2.799885 1.838177 -0.484593
v 3.022366 1.699918 -0.688659
v 3.023807 1.745564 -0.788320
v 1.686622 1.745564 -2.175088
v 2.355215 1.745564 -1.481704
v 2.311340 0.758605 -1.808109
v 2.672315 0.758605 -1.433749
v 2.381851 1.478627 -1.734984
v 2.311340 1.374117 -1.808109
v 2.331992 1.445946 -1.786691
v 2.672315 1.374117 -1.433749
v 2.601804 1.478627 -1.506875
v 2.651663 1.445946 -1.455167
v 2.700445 0.773298 -1.335859
v 2.325578 0.766294 -1.941186
v 2.221658 0.778019 -1.840981
v 2.805762 0.682738 -1.437411
v 2.805762 0.773298 -1.437411
v 2.211627 0.689742 -1.837017
v 2.700445 0.682738 -1.335859
v 2.315547 0.678017 -1.937222
v 2.464061 0.686377 -1.594176
v 2.459710 0.762552 -1.589980
v 2.556219 0.769659 -1.683039
v 2.560571 0.693484 -1.687235
v 2.584152 0.691213 -1.466849
v 2.584152 0.764823 -1.466849
v 2.679092 0.764823 -1.558394
v 2.679092 0.691213 -1.558394
v 2.436128 0.764823 -1.810367
v 2.436128 0.691213 -1.810367
v 2.341189 0.691213 -1.718822
v 2.341189 0.764823 -1.718822
v 2.708338 1.460769 -1.332721
v 2.321655 1.457109 -1.948046
v 2.219751 1.465940 -1.849786
v 2.811929 1.373101 -1.432608
v 2.811929 1.460770 -1.432608
v 2.208169 1.378332 -1.844453
v 2.708338 1.373102 -1.332721
v 2.310073 1.369502 -1.942713
v 2.467942 1.461206 -1.597929
v 2.462689 1.538040 -1.592864
v 2.556079 1.538660 -1.682915
v 2.560899 1.466558 -1.687563
v 2.590433 1.439882 -1.467536
v 2.590433 1.514784 -1.467536
v 2.681495 1.514784 -1.555342
v 2.681495 1.439882 -1.555342
v 2.433155 1.514784 -1.812890
v 2.433155 1.439882 -1.812890
v 2.342093 1.439882 -1.725084
v 2.342093 1.514784 -1.725084
v 2.671820 0.754444 -1.376604
v 2.723346 1.420341 -1.434866
v 2.678084 1.420341 -1.379003
v 2.677311 0.754444 -1.478832
v 2.725745 0.754444 -1.428602
v 2.625784 1.423338 -1.420570
v 2.623385 0.754444 -1.426835
v 2.671046 1.423338 -1.476434
v 2.627591 1.089124 -1.430977
v 2.667677 1.089124 -1.380810
v 2.721539 1.089124 -1.424459
v 2.681453 1.089124 -1.474627
v 2.621530 0.921784 -1.426868
v 2.671786 0.921784 -1.374749
v 2.727600 0.921784 -1.428568
v 2.677344 0.921784 -1.480687
v 2.727600 1.256464 -1.428568
v 2.677344 1.256464 -1.480687
v 2.621530 1.256464 -1.426868
v 2.671786 1.256464 -1.374749
v 2.293671 0.754444 -1.764232
v 2.349521 1.420341 -1.827437
v 2.300501 1.420341 -1.766847
v 2.299324 0.754444 -1.875377
v 2.352136 0.754444 -1.820607
v 2.243474 1.423338 -1.812172
v 2.240859 0.754444 -1.819002
v 2.292494 1.423338 -1.872762
v 2.242022 1.089124 -1.818096
v 2.294577 1.089124 -1.765395
v 2.350973 1.089124 -1.821513
v 2.298418 1.089124 -1.874214
v 2.238836 0.921784 -1.819039
v 2.293634 0.921784 -1.762209
v 2.354159 0.921784 -1.820570
v 2.299361 0.921784 -1.877400
v 2.348568 1.256464 -1.820672
v 2.299259 1.256464 -1.871809
v 2.244427 1.256464 -1.818937
v 2.293736 1.256464 -1.767800
v 2.527811 1.464352 -1.623623
v 2.492482 0.761912 -1.658149
v 2.530083 0.761912 -1.619154
v 2.488584 1.467513 -1.657218
v 2.529285 1.114959 -1.619829
v 2.492046 1.114959 -1.657523
v 2.531318 0.938435 -1.618931
v 2.492304 0.938435 -1.659391
v 2.527904 1.291482 -1.619549
v 2.492798 1.291482 -1.655957
v 2.477624 1.467513 -1.641906
v 2.508123 0.761912 -1.613819
v 2.509204 1.464352 -1.616242
v 2.478437 0.761912 -1.644606
v 2.471429 1.114959 -1.637023
v 2.500868 1.114959 -1.607418
v 2.470541 0.938435 -1.638407
v 2.501443 0.938435 -1.606359
v 2.500036 1.291482 -1.607819
v 2.472495 1.291482 -1.636380
v 2.671266 1.211934 -1.463048
v 2.590026 1.209702 -1.543188
v 2.669052 1.250236 -1.458015
v 2.657480 1.209391 -1.449755
v 2.576464 1.209702 -1.530111
v 2.495844 1.208806 -1.614198
v 2.510051 1.209138 -1.627897
v 2.509573 1.248609 -1.627437
v 2.590026 1.247381 -1.543188
v 2.495366 1.248278 -1.613738
v 2.576464 1.247381 -1.530111
v 2.655266 1.247692 -1.444722
v 2.671266 0.959737 -1.463048
v 2.590026 0.957505 -1.543188
v 2.669052 0.998039 -1.458015
v 2.657480 0.957194 -1.449755
v 2.576464 0.957505 -1.530111
v 2.495844 0.956608 -1.614198
v 2.510051 0.956940 -1.627897
v 2.509573 0.996412 -1.627437
v 2.590026 0.995184 -1.543188
v 2.495366 0.996080 -1.613738
v 2.576464 0.995184 -1.530111
v 2.655266 0.995495 -1.444722
v 2.334049 1.244463 -1.812768
v 2.411180 1.246695 -1.728666
v 2.328940 1.206161 -1.810739
v 2.320264 1.247006 -1.799476
v 2.397618 1.246695 -1.715589
v 2.478715 1.247591 -1.631962
v 2.492923 1.247259 -1.645661
v 2.492445 1.207788 -1.645200
v 2.411180 1.209016 -1.728666
v 2.478238 1.208120 -1.631501
v 2.397618 1.209016 -1.715589
v 2.315154 1.208705 -1.797446
v 2.334049 0.993735 -1.812768
v 2.411180 0.995968 -1.728666
v 2.328940 0.955434 -1.810739
v 2.492923 0.996532 -1.645661
v 2.492445 0.957060 -1.645200
v 2.411180 0.958288 -1.728666
v 2.478238 0.957392 -1.631501
v 2.397618 0.958288 -1.715589
v 2.315154 0.957977 -1.797446
v 3.182342 1.557781 -0.890198
v 3.108851 1.659872 -0.819334
v 3.182342 1.659872 -0.890198
v 3.108851 1.557781 -0.819334
v 2.536039 1.557781 -1.560466
v 1.852136 1.557781 -2.269728
v 1.852136 1.659872 -2.269728
v 2.462548 1.659872 -1.489602
v 1.778645 1.557781 -2.198864
v 1.778645 1.659872 -2.198864
v 2.536039 1.659872 -1.560466
v 2.462548 1.557781 -1.489602
v 1.241688 -0.004494 2.380754
v 1.961547 0.495506 1.686634
v 1.241688 0.495506 2.380754
v 1.961547 -0.004494 1.686634
v 2.681406 -0.004494 0.992513
v 2.681406 0.495506 0.992513
v -0.116894 -0.004494 -1.909548
v -0.836753 0.495506 -1.215427
v -0.116894 0.495506 -1.909547
v -0.836753 -0.004494 -1.215427
v -1.556612 -0.004494 -0.521307
v -1.556611 0.495506 -0.521306
v -0.109292 -0.004494 0.979680
v 0.584829 0.495506 1.699538
v -0.109292 0.495506 0.979680
v 0.584828 -0.004494 1.699538
v 1.278949 -0.004494 2.419397
v 1.278949 0.495506 2.419397
v -1.497533 -0.004494 -0.460038
v -0.803413 0.495506 0.259821
v -1.497533 0.495506 -0.460038
v -0.803413 -0.004494 0.259821
v -0.109292 -0.004494 0.979680
v -0.109292 0.495506 0.979680
v 0.636305 -0.004494 -1.128420
v -0.057816 -0.004494 -1.848279
v -0.057816 0.495506 -1.848279
v 0.636305 0.495506 -1.128420
v 2.718667 -0.004494 1.031156
v 2.024546 -0.004494 0.311297
v 2.024546 0.495506 0.311297
v 2.718666 0.495506 1.031156
v 0.589908 -0.004494 -1.176537
v 1.309767 -0.004494 -1.870657
v 0.589908 0.495506 -1.176537
v 1.309767 0.495506 -1.870657
v 1.777627 0.495506 -2.321789
v 3.165868 -0.004494 -0.882071
v 2.471747 -0.004494 -1.601931
v 2.471747 0.495506 -1.601930
v 3.165868 0.495506 -0.882071
v 1.777628 -0.004494 -2.321789
v 1.969798 -0.004494 0.254520
v 1.969798 0.495506 0.254520
v 2.689657 -0.004494 -0.439600
v 2.689657 0.495506 -0.439600
v 3.157517 -0.004494 -0.890732
v 3.157517 0.495506 -0.890732
v 1.233383 2.500000 2.463334
v 1.082198 0.000000 2.339489
v 1.232794 0.000000 2.495671
v 1.237790 2.500000 2.221230
v 1.114534 2.500000 2.340078
v 1.388975 0.000000 2.345074
v 1.356639 2.500000 2.344485
v 1.238378 0.000000 2.188893
v 1.348705 1.250000 2.344341
v 1.233527 1.250000 2.455400
v 1.122468 1.250000 2.340223
v 1.237645 1.250000 2.229164
v 1.108192 0.625000 2.332745
v 1.232495 0.625000 2.212887
v 1.359437 0.625000 2.344537
v 1.235134 0.625000 2.464395
v 1.104173 0.312500 2.339890
v 1.237978 0.312500 2.210869
v 1.366999 0.312500 2.344674
v 1.233194 0.312500 2.473695
v 1.337255 1.875000 2.344132
v 1.233736 1.875000 2.443951
v 1.133918 1.875000 2.340431
v 1.237437 1.875000 2.240613
v 0.544134 2.500000 1.748527
v 0.392949 0.000000 1.624683
v 0.543545 0.000000 1.780864
v 0.548541 2.500000 1.506423
v 0.425285 2.500000 1.625272
v 0.699726 0.000000 1.630268
v 0.667390 2.500000 1.629679
v 0.549129 0.000000 1.474087
v 0.659455 1.250000 1.629535
v 0.544278 1.250000 1.740594
v 0.433219 1.250000 1.625416
v 0.548396 1.250000 1.514357
v 0.418943 0.625000 1.617939
v 0.543246 0.625000 1.498080
v 0.670188 0.625000 1.629730
v 0.545885 0.625000 1.749588
v 0.414924 0.312500 1.625083
v 0.548729 0.312500 1.496062
v 0.677750 0.312500 1.629868
v 0.543945 0.312500 1.758889
v 0.648006 1.875000 1.629326
v 0.544487 1.875000 1.729144
v 0.444669 1.875000 1.625625
v 0.548188 1.875000 1.525807
v -0.840378 2.500000 0.312678
v -0.991563 0.000000 0.188833
v -0.840967 0.000000 0.345014
v -0.835971 2.500000 0.070573
v -0.959227 2.500000 0.189422
v -0.684786 0.000000 0.194418
v -0.717123 2.500000 0.193829
v -0.835383 0.000000 0.038237
v -0.725057 1.250000 0.193685
v -0.840234 1.250000 0.304744
v -0.951293 1.250000 0.189566
v -0.836116 1.250000 0.078507
v -0.965569 0.625000 0.182089
v -0.841266 0.625000 0.062230
v -0.714324 0.625000 0.193880
v -0.838627 0.625000 0.313738
v -0.969588 0.312500 0.189233
v -0.835783 0.312500 0.060212
v -0.706762 0.312500 0.194018
v -0.840567 0.312500 0.323039
v -0.736506 1.875000 0.193476
v -0.840025 1.875000 0.293294
v -0.939844 1.875000 0.189775
v -0.836324 1.875000 0.089957
v -1.536395 2.500000 -0.409147
v -1.687580 0.000000 -0.532991
v -1.536983 0.000000 -0.376811
v -1.531988 2.500000 -0.651251
v -1.655243 2.500000 -0.532403
v -1.380803 0.000000 -0.527407
v -1.413139 2.500000 -0.527996
v -1.531399 0.000000 -0.683588
v -1.421073 1.250000 -0.528140
v -1.536250 1.250000 -0.417081
v -1.647310 1.250000 -0.532259
v -1.532132 1.250000 -0.643318
v -1.661586 0.625000 -0.539736
v -1.537283 0.625000 -0.659595
v -1.410341 0.625000 -0.527945
v -1.534643 0.625000 -0.408087
v -1.665604 0.312500 -0.532592
v -1.531799 0.312500 -0.661613
v -1.402778 0.312500 -0.527807
v -1.536583 0.312500 -0.398786
v -1.432523 1.875000 -0.528349
v -1.536042 1.875000 -0.428531
v -1.635860 1.875000 -0.532050
v -1.532341 1.875000 -0.631868
v 2.655736 2.500000 1.091836
v 2.504551 -0.000000 0.967992
v 2.655147 -0.000000 1.124173
v 2.660143 2.500000 0.849732
v 2.536887 2.500000 0.968581
v 2.811327 -0.000000 0.973577
v 2.778991 2.500000 0.972988
v 2.660731 -0.000000 0.817396
v 2.771057 1.250000 0.972843
v 2.655880 1.250000 1.083903
v 2.544821 1.250000 0.968725
v 2.659998 1.250000 0.857666
v 2.530545 0.625000 0.961248
v 2.654848 0.625000 0.841389
v 2.781790 0.625000 0.973039
v 2.657487 0.625000 1.092897
v 2.526526 0.312500 0.968392
v 2.660331 0.312500 0.839371
v 2.789352 0.312500 0.973177
v 2.655547 0.312500 1.102198
v 2.759608 1.875000 0.972635
v 2.656089 1.875000 1.072453
v 2.556270 1.875000 0.968934
v 2.659790 1.875000 0.869115
v 1.963157 2.500000 0.373576
v 1.811971 -0.000000 0.249732
v 1.962568 -0.000000 0.405913
v 1.967563 2.500000 0.131472
v 1.844308 2.500000 0.250321
v 2.118748 -0.000000 0.255316
v 2.086412 2.500000 0.254727
v 1.968152 -0.000000 0.099136
v 2.078478 1.250000 0.254583
v 1.963301 1.250000 0.365643
v 1.852242 1.250000 0.250465
v 1.967419 1.250000 0.139406
v 1.837966 0.625000 0.242987
v 1.962268 0.625000 0.123129
v 2.089211 0.625000 0.254779
v 1.964908 0.625000 0.374637
v 1.833947 0.312500 0.250132
v 1.967752 0.312500 0.121111
v 2.096773 0.312500 0.254916
v 1.962968 0.312500 0.383937
v 2.076385 1.875000 0.254545
v 1.963339 1.875000 0.363549
v 1.854335 1.875000 0.250503
v 1.967381 1.875000 0.141499
v 0.580220 2.500000 -1.060641
v 0.429034 -0.000000 -1.184485
v 0.579631 -0.000000 -1.028304
v 0.584626 2.500000 -1.302745
v 0.461371 2.500000 -1.183896
v 0.735811 -0.000000 -1.178900
v 0.703475 2.500000 -1.179489
v 0.585215 -0.000000 -1.335081
v 0.695541 1.250000 -1.179633
v 0.580364 1.250000 -1.068574
v 0.469304 1.250000 -1.183752
v 0.584481 1.250000 -1.294811
v 0.455029 0.625000 -1.191229
v 0.579331 0.625000 -1.311088
v 0.706273 0.625000 -1.179438
v 0.581971 0.625000 -1.059580
v 0.451009 0.312500 -1.184085
v 0.584815 0.312500 -1.313106
v 0.713836 0.312500 -1.179300
v 0.580031 0.312500 -1.050279
v 0.693448 1.875000 -1.179672
v 0.580402 1.875000 -1.070668
v 0.471398 1.875000 -1.183713
v 0.584444 1.875000 -1.292717
v -0.120916 2.500000 -1.787774
v -0.272101 -0.000000 -1.911618
v -0.121505 -0.000000 -1.755437
v -0.116509 2.500000 -2.029878
v -0.239764 2.500000 -1.911029
v 0.034676 -0.000000 -1.906033
v 0.002340 2.500000 -1.906622
v -0.115920 -0.000000 -2.062214
v -0.005594 1.250000 -1.906767
v -0.120771 1.250000 -1.795707
v -0.231831 1.250000 -1.910885
v -0.116653 1.250000 -2.021944
v -0.246107 0.625000 -1.918362
v -0.121804 0.625000 -2.038221
v 0.005138 0.625000 -1.906571
v -0.119164 0.625000 -1.786713
v -0.250125 0.312500 -1.911218
v -0.116320 0.312500 -2.040239
v 0.012701 0.312500 -1.906434
v -0.121105 0.312500 -1.777412
v -0.007688 1.875000 -1.906805
v -0.120733 1.875000 -1.797801
v -0.229737 1.875000 -1.910846
v -0.116691 1.875000 -2.019850
v 1.244113 4.343688 2.447915
v 1.133053 2.489969 2.332737
v 1.244112 2.489969 2.447915
v 1.248231 4.343688 2.221678
v 1.133053 4.343688 2.332737
v 1.359290 2.489969 2.336856
v 1.359290 4.343688 2.336855
v 1.248230 2.489969 2.221678
v 1.968544 4.343688 0.370313
v 1.857485 2.489969 0.255136
v 1.968544 2.489969 0.370313
v 1.972662 4.343688 0.144076
v 1.857485 4.343688 0.255136
v 2.083721 2.489969 0.259254
v 2.083721 4.343688 0.259254
v 1.972662 2.489969 0.144076
v 0.555034 4.343688 1.733284
v 0.443974 2.489969 1.618107
v 0.555033 2.489969 1.733285
v 0.559152 4.343688 1.507048
v 0.443974 4.343688 1.618107
v 0.670210 2.489969 1.622225
v 0.670211 4.343688 1.622225
v 0.559152 2.489969 1.507048
v 0.578608 4.343688 -1.071163
v 0.467548 2.489969 -1.186340
v 0.578607 2.489969 -1.071162
v 0.582726 4.343688 -1.297399
v 0.467548 4.343688 -1.186340
v 0.693785 2.489969 -1.182221
v 0.693785 4.343688 -1.182222
v 0.582726 2.489969 -1.297399
v -0.834903 4.343688 0.291809
v -0.945962 2.489969 0.176631
v -0.834903 2.489969 0.291809
v -0.830785 4.343688 0.065572
v -0.945962 4.343688 0.176632
v -0.719726 2.489969 0.180750
v -0.719726 4.343688 0.180750
v -0.830785 2.489969 0.065572
v -0.120388 4.343688 -1.796077
v -0.231447 2.489969 -1.911254
v -0.120389 2.489969 -1.796077
v -0.116270 4.343688 -2.022313
v -0.231447 4.343688 -1.911254
v -0.005211 2.489969 -1.907136
v -0.005211 4.343688 -1.907136
v -0.116270 2.489969 -2.022313
v -1.533899 4.343688 -0.433106
v -1.644958 2.489969 -0.548283
v -1.533899 2.489969 -0.433105
v -1.529781 4.343688 -0.659342
v -1.644958 4.343688 -0.548283
v -1.418722 2.489969 -0.544165
v -1.418721 4.343688 -0.544165
v -1.529781 2.489969 -0.659342
v 2.663331 4.343688 0.857174
v 2.774390 2.489969 0.972351
v 2.663331 2.489969 0.857174
v 2.659213 4.343688 1.083410
v 2.774390 4.343688 0.972351
v 2.548154 2.489969 0.968233
v 2.548154 4.343688 0.968233
v 2.659213 2.489969 1.083410
v 1.285308 -0.006831 2.413265
v 1.428842 -0.006831 2.274863
v 1.851399 -0.006831 2.713089
v 1.707865 -0.006831 2.851490
v 1.851399 0.132471 2.713089
v 1.428842 0.132471 2.274863
v 1.284202 0.132471 2.414331
v 1.706759 0.132471 2.852557
v 2.702322 -0.006831 1.871832
v 2.290137 -0.006831 1.444363
v 2.290137 0.132471 1.444363
v 2.712694 0.132471 1.882589
v 1.765032 -0.006831 1.950694
v 1.765032 0.132471 1.950694
v 2.187588 -0.006831 2.388919
v 2.738351 0.487914 1.885474
v 2.301991 0.487914 1.432934
v 1.765032 0.505228 1.950694
v 2.196175 0.505228 2.397824
v 2.187588 0.132471 2.388919
v 1.578213 -0.006831 2.130833
v 1.578213 0.132471 2.130833
v 2.000770 -0.006831 2.569058
v 2.187588 0.396855 2.388919
v 1.765032 0.396855 1.950694
v 1.591287 0.385866 2.118226
v 2.013844 0.385866 2.556452
v 2.000770 0.132471 2.569058
v 2.000770 0.261272 2.569058
v 1.578213 0.261273 2.130833
v 1.428842 0.279783 2.274863
v 1.847314 0.279783 2.708853
v 2.285329 0.250852 1.448999
v 2.707886 0.250852 1.887225
v 1.765032 0.261273 1.950694
v 2.187588 0.261272 2.388919
v 2.712694 0.396854 1.882589
v 2.290137 0.396855 1.444363
v 2.192643 0.495560 2.337945
v 2.192643 0.795273 2.337945
v 2.230545 0.795273 2.301397
v 2.230545 0.495560 2.301397
v 2.219350 0.495560 2.365643
v 2.257253 0.495560 2.329096
v 2.257253 0.795273 2.329096
v 2.219350 0.795273 2.365643
v 2.661627 0.795273 1.939179
v 2.699530 0.795273 1.902632
v 2.699530 0.484528 1.902632
v 2.661627 0.484528 1.939179
v 2.672822 0.484528 1.874934
v 2.672822 0.795273 1.874934
v 2.634920 0.795273 1.911481
v 2.634920 0.484528 1.911481
v 1.583388 0.344205 2.920969
v 1.549185 0.446699 2.953949
v 1.712110 0.567013 2.802720
v 1.720998 0.474782 2.794150
v 1.618223 0.344205 2.957095
v 1.749965 0.474782 2.824191
v 1.741077 0.567013 2.832761
v 1.584020 0.446699 2.990075
v 2.685714 0.733063 1.858056
v 2.685714 0.846034 1.858056
v 2.720548 0.846034 1.894183
v 2.720548 0.733063 1.894183
v 2.199596 0.856650 2.331209
v 2.230016 0.856650 2.362757
v 2.199596 0.757995 2.331209
v 2.230016 0.757995 2.362757
v 1.923989 0.751508 2.594753
v 1.956617 0.751508 2.628591
v 1.944688 0.649676 2.574794
v 1.977316 0.649676 2.608632
v 1.981570 0.361593 2.514454
v 1.981570 0.694229 2.514454
v 2.023636 0.694229 2.473892
v 2.023636 0.361593 2.473892
v 2.011211 0.361593 2.545195
v 2.053277 0.361593 2.504632
v 2.053277 0.694229 2.504632
v 2.011211 0.694229 2.545195
v 1.828816 0.235594 2.661747
v 1.828816 0.624670 2.661747
v 1.870882 0.624670 2.621184
v 1.870882 0.235594 2.621184
v 1.858457 0.235594 2.692487
v 1.900523 0.235594 2.651925
v 1.900523 0.624670 2.651925
v 1.858457 0.624670 2.692487
v 1.677559 0.121172 2.807595
v 1.677559 0.510249 2.807595
v 1.719625 0.510249 2.767033
v 1.719625 0.121172 2.767033
v 1.707201 0.121172 2.838336
v 1.749267 0.121172 2.797774
v 1.749267 0.510249 2.797774
v 1.707201 0.510249 2.838336
v 2.764434 0.733063 1.866233
v 2.764434 0.846034 1.866233
v 2.728308 0.846034 1.901067
v 2.728308 0.733063 1.901067
v 2.291281 0.856650 1.380116
v 2.259733 0.856650 1.410536
v 2.291281 0.757995 1.380116
v 2.259733 0.757995 1.410536
v 1.204499 5.679949 1.016336
v 1.343991 5.679949 0.881831
v 1.204499 5.492569 1.016336
v 1.343991 5.492569 0.881831
v 0.503093 4.201001 1.692664
v 0.611071 4.351001 1.588546
v 0.503093 4.351001 1.692664
v 0.611071 4.201001 1.588546
v 2.053004 4.201001 0.198169
v 1.945026 4.351001 0.302287
v 2.053004 4.351001 0.198168
v 1.945026 4.201001 0.302286
v 0.515278 5.679948 0.291752
v 0.654770 5.679949 0.157248
v 0.515278 5.493330 0.291752
v 0.654770 5.493330 0.157248
v -0.183743 5.679949 -0.423382
v -0.044251 5.679949 -0.557886
v -0.183743 5.492569 -0.423382
v -0.044251 5.492569 -0.557886
v -0.191028 4.201001 0.972805
v -0.885149 4.201001 0.252946
v -0.885149 4.351001 0.252946
v -0.083049 4.351001 0.868687
v -0.777170 4.201001 0.148828
v -0.777170 4.351001 0.148828
v -0.191028 4.351001 0.972805
v -0.083049 4.201001 0.868687
v 1.358884 4.201001 -0.521691
v 0.664763 4.201001 -1.241550
v 0.664763 4.351001 -1.241550
v 1.250905 4.351001 -0.417572
v 0.556784 4.201001 -1.137431
v 0.556785 4.351001 -1.137432
v 1.358884 4.351001 -0.521691
v 1.250905 4.201001 -0.417572
v -0.113997 5.528235 -0.490634
v 0.580124 5.528235 0.229225
v -0.558517 4.896239 -0.062007
v 0.135604 4.896239 0.657851
v 1.274245 5.528235 0.949083
v 0.829724 4.896239 1.377710
v -0.355952 4.150637 1.131831
v 0.339726 4.152998 1.850189
v -1.052306 4.147248 0.414127
v -0.325810 4.153664 1.159096
v -0.297354 4.137441 1.210011
v -0.239785 4.153716 1.248243
v -0.187695 4.142532 1.317019
v -0.129187 4.155809 1.360180
v -0.042159 4.149241 1.459100
v 0.020249 4.162607 1.506188
v 0.037907 4.132949 1.563632
v 0.109847 4.152486 1.612462
v 0.185804 4.156852 1.685474
v 0.213342 4.141548 1.734226
v 0.301633 4.152198 1.811739
v -0.988031 4.155185 0.470313
v -0.965294 4.131562 0.525061
v -0.834176 4.153473 0.632132
v -0.806215 4.141168 0.677366
v -0.649723 4.156445 0.819503
v -0.606295 4.139850 0.886437
v -0.540932 4.150065 0.940746
v -0.467467 4.153725 1.012107
v -0.448381 4.128767 1.064829
v -0.386911 4.147451 1.103927
v -0.998130 4.229424 0.361888
v 0.390111 4.229424 1.801605
v -0.304009 4.229424 1.081746
v 0.824313 4.147248 -1.395395
v 2.208763 4.152998 0.047978
v 1.516199 4.150637 -0.673382
v 1.718765 4.896239 0.520457
v 1.274245 5.528235 0.949083
v 1.024644 4.896239 -0.199402
v 0.330523 4.896239 -0.919261
v 0.580124 5.528235 0.229225
v -0.113997 5.528235 -0.490634
v 1.542349 4.153664 -0.642268
v 1.592195 4.137441 -0.611979
v 1.628306 4.153716 -0.553056
v 1.695141 4.142532 -0.498498
v 1.736144 4.155809 -0.438457
v 1.831831 4.149241 -0.347887
v 1.876617 4.162607 -0.283806
v 1.933380 4.132949 -0.264069
v 1.979559 4.152486 -0.190400
v 2.049759 4.156852 -0.111837
v 2.097477 4.141548 -0.082542
v 2.171726 4.152198 0.008511
v 0.878123 4.155185 -1.329118
v 0.932007 4.131562 -1.304403
v 1.034235 4.153473 -1.169475
v 1.078421 4.141168 -1.139886
v 1.214769 4.156445 -0.978326
v 1.280078 4.139850 -0.932491
v 1.331973 4.150065 -0.865194
v 1.400612 4.153725 -0.789181
v 1.452605 4.128767 -0.768189
v 1.489440 4.147451 -0.705337
v 0.770137 4.229424 -1.343156
v 2.158378 4.229424 0.096562
v 1.464257 4.229424 -0.623297
v 1.180358 4.352609 2.392858
v 1.955602 5.602609 1.645332
v 2.728054 4.352609 0.900499
v 1.877822 5.747835 1.665884
v 1.971977 5.747835 1.763530
v 0.943083 4.169077 2.576631
v 1.055692 4.154692 2.668715
v 1.952623 5.660644 1.593758
v 2.046778 5.660644 1.691404
v 1.001527 4.082845 2.489187
v 1.114136 4.068460 2.581271
v 1.193397 4.573962 2.322950
v 1.342253 4.820461 2.201964
v 1.475982 5.036994 2.035944
v 1.618268 5.265972 1.915934
v 1.840788 5.507762 1.898837
v 1.712647 5.265972 2.013812
v 1.566816 5.047670 2.148521
v 1.416762 4.820461 2.279235
v 1.290438 4.573962 2.423590
v 1.805307 5.429105 1.726998
v 1.693248 5.178574 1.843636
v 1.566987 4.944382 1.971290
v 1.412367 4.738734 2.134357
v 1.278554 4.474699 2.240837
v 1.375595 4.474699 2.341477
v 1.486875 4.738734 2.211628
v 1.657821 4.955058 2.083868
v 1.787626 5.178574 1.941513
v 1.914510 5.411364 1.809719
v 1.739681 5.516104 1.808310
v 2.932695 4.166578 0.610116
v 3.039465 4.159126 0.733639
v 1.942302 5.750759 1.548424
v 2.060866 5.765244 1.646515
v 2.834746 4.061783 0.688458
v 2.941516 4.054332 0.811982
v 1.873622 5.652470 1.645952
v 1.992186 5.666955 1.744043
v 2.088385 5.509516 1.430804
v 2.227160 5.274745 1.319891
v 2.375654 5.050769 1.181672
v 2.507401 4.805461 1.029476
v 2.643848 4.556858 0.887048
v 2.748176 4.567554 0.976880
v 2.603251 4.805462 1.128881
v 2.449507 5.036592 1.282605
v 2.302830 5.274745 1.398367
v 2.186898 5.509542 1.533053
v 2.579806 4.468743 0.971917
v 2.431253 4.716700 1.102902
v 2.292010 4.971115 1.231688
v 2.155991 5.191720 1.388515
v 2.010108 5.418237 1.506282
v 2.108622 5.418263 1.608531
v 2.231625 5.191743 1.467026
v 2.365863 4.956938 1.332620
v 2.527103 4.716700 1.202306
v 2.684133 4.479440 1.061749
v 1.967863 5.988444 1.837779
v 2.146875 5.988444 1.665168
v 1.967863 5.750473 1.837779
v 2.146875 5.750473 1.665168
v 1.643756 5.789481 1.449598
v 1.204498 5.679949 1.016337
v 1.343990 5.679949 0.881832
v 1.770747 5.789481 1.327148
v 1.204498 5.492570 1.016337
v 1.644473 5.610622 1.449977
v 1.771099 5.610622 1.327878
v 1.343990 5.492570 0.881832
v 1.197197 4.201125 2.412539
v 0.503076 4.201125 1.692680
v 0.503076 4.351125 1.692680
v 1.305176 4.351125 2.308421
v 0.611055 4.201125 1.588562
v 0.611055 4.351125 1.588562
v 1.197197 4.351125 2.412539
v 1.305176 4.201125 2.308421
v 2.747108 4.201125 0.918043
v 2.052988 4.201125 0.198184
v 2.052988 4.351125 0.198184
v 2.639130 4.351125 1.022161
v 1.945009 4.201125 0.302302
v 1.945009 4.351125 0.302302
v 2.747108 4.351125 0.918043
v 2.639130 4.201125 1.022161
v 2.576719 4.202608 0.959654
v 2.680837 4.202608 1.067632
v 1.349099 4.202608 2.351756
v 1.349099 4.352608 2.351756
v 2.576719 4.352608 0.959654
v 2.680837 4.352608 1.067632
v 1.244981 4.202608 2.243777
v 1.244981 4.352608 2.243777
v 1.968364 5.710987 1.668943
v 1.516443 4.926695 2.104707
v 1.274244 5.528236 0.949084
v 0.829724 4.896240 1.377711
v 1.028104 4.146330 2.575584
v 0.340550 4.154249 1.849395
v 0.407292 4.155396 1.920398
v 0.422572 4.130797 1.967052
v 0.559198 4.158481 2.074074
v 0.586402 4.144605 2.119664
v 0.687603 4.158481 2.207241
v 0.739948 4.156929 2.263469
v 0.771521 4.124683 2.336597
v 0.873402 4.153852 2.405725
v 0.918144 4.158438 2.446383
v 0.940666 4.123584 2.513391
v 0.995480 4.150832 2.536113
v 1.084197 4.235966 2.521498
v 0.390076 4.229372 1.801639
v 1.968364 5.710987 1.668943
v 2.420286 4.926695 1.233179
v 1.274244 5.528236 0.949084
v 1.718764 4.896240 0.520458
v 2.908624 4.146330 0.762301
v 2.207938 4.154249 0.048774
v 2.276465 4.155396 0.118056
v 2.322532 4.130797 0.135023
v 2.424511 4.158481 0.275453
v 2.469081 4.144605 0.304299
v 2.552917 4.158481 0.408621
v 2.607203 4.156929 0.462977
v 2.679133 4.124683 0.497191
v 2.744508 4.153852 0.601519
v 2.783510 4.158438 0.647711
v 2.849654 4.123584 0.672658
v 2.870366 4.150832 0.728262
v 2.852532 4.235966 0.816388
v 2.158411 4.229372 0.096530
v -0.808118 5.710987 -1.210492
v -1.260040 4.926695 -0.774729
v -0.113998 5.528236 -0.490633
v -0.558518 4.896240 -0.062007
v -0.020111 4.352609 -1.934407
v -0.795356 5.602609 -1.186882
v -1.567808 4.352609 -0.442049
v -0.717576 5.747835 -1.207434
v -0.811730 5.747835 -1.305079
v 0.204094 4.190217 -2.104935
v 0.092298 4.176582 -2.197467
v -0.792377 5.660644 -1.135307
v -0.886531 5.660644 -1.232953
v 0.144255 4.103304 -2.017770
v 0.032460 4.089670 -2.110301
v -0.033150 4.573962 -1.864499
v -0.182007 4.820461 -1.743513
v -0.315736 5.036994 -1.577493
v -0.458022 5.265972 -1.457484
v -0.680542 5.507762 -1.440387
v -0.552400 5.265972 -1.555362
v -0.406569 5.047670 -1.690070
v -0.256515 4.820461 -1.820784
v -0.130192 4.573962 -1.965139
v -0.645061 5.429105 -1.268548
v -0.533001 5.178574 -1.385185
v -0.406740 4.944382 -1.512840
v -0.252120 4.738734 -1.675907
v -0.118308 4.474699 -1.782387
v -0.215349 4.474699 -1.883027
v -0.326628 4.738734 -1.753178
v -0.497575 4.955058 -1.625417
v -0.627380 5.178574 -1.483063
v -0.754263 5.411364 -1.351268
v -0.579435 5.516104 -1.349860
v -1.754626 4.190660 -0.168753
v -1.861246 4.184328 -0.290198
v -0.782055 5.750759 -1.089974
v -0.900620 5.765244 -1.188065
v -1.658768 4.086895 -0.247499
v -1.765388 4.080563 -0.368943
v -0.713376 5.652470 -1.187501
v -0.831940 5.666955 -1.285593
v -0.928139 5.509516 -0.972354
v -1.066913 5.274745 -0.861440
v -1.215408 5.050769 -0.723222
v -1.347155 4.805461 -0.571026
v -1.483602 4.556858 -0.428597
v -1.587930 4.567554 -0.518429
v -1.443005 4.805462 -0.670430
v -1.289261 5.036592 -0.824155
v -1.142584 5.274745 -0.939916
v -1.026652 5.509542 -1.074602
v -1.419560 4.468743 -0.513467
v -1.271007 4.716700 -0.644451
v -1.131764 4.971115 -0.773237
v -0.995745 5.191720 -0.930064
v -0.849862 5.418237 -1.047832
v -0.948375 5.418263 -1.150080
v -1.071378 5.191743 -1.008576
v -1.205617 4.956938 -0.874170
v -1.366857 4.716700 -0.743855
v -1.523887 4.479440 -0.603298
v -0.807617 5.988444 -1.379328
v -0.986628 5.988444 -1.206717
v -0.807617 5.750473 -1.379328
v -0.986628 5.750473 -1.206717
v -0.483510 5.789481 -0.991148
v -0.044252 5.679949 -0.557886
v -0.183744 5.679949 -0.423382
v -0.610501 5.789481 -0.868698
v -0.044252 5.492570 -0.557886
v -0.484227 5.610622 -0.991526
v -0.610853 5.610622 -0.869428
v -0.183744 5.492570 -0.423382
v -0.036950 4.201125 -1.954088
v 0.657170 4.201125 -1.234229
v 0.657170 4.351125 -1.234229
v -0.144929 4.351125 -1.849970
v 0.549192 4.201125 -1.130111
v 0.549192 4.351125 -1.130111
v -0.036950 4.351125 -1.954088
v -0.144929 4.201125 -1.849970
v -1.586862 4.201125 -0.459593
v -0.892742 4.201125 0.260266
v -0.892742 4.351125 0.260266
v -1.478884 4.351125 -0.563711
v -0.784763 4.201125 0.156148
v -0.784763 4.351125 0.156149
v -1.586862 4.351125 -0.459593
v -1.478884 4.201125 -0.563711
v -1.416473 4.202608 -0.501203
v -1.520591 4.202608 -0.609182
v -0.188852 4.202608 -1.893305
v -0.188852 4.352608 -1.893305
v -1.416473 4.352608 -0.501203
v -1.520591 4.352608 -0.609182
v -0.084734 4.202608 -1.785326
v -0.084734 4.352608 -1.785326
v -1.733165 4.170640 -0.318520
v -1.051466 4.148525 0.413316
v -1.665713 4.166459 -0.243328
v -1.659974 4.136878 -0.200329
v -1.520246 4.157615 -0.081392
v -1.473430 4.143734 -0.015456
v -1.347940 4.164946 0.088122
v -1.307720 4.146074 0.153469
v -1.161455 4.160445 0.287159
v -1.138359 4.131866 0.346903
v -1.076373 4.148802 0.389032
v -1.698381 4.226226 -0.352060
v -0.998967 4.228156 0.362695
v -0.808118 5.710987 -1.210492
v -0.356196 4.926695 -1.646256
v -0.113998 5.528236 -0.490633
v 0.330522 4.896240 -0.919260
v 0.116929 4.170640 -2.102465
v 0.823470 4.148525 -1.394583
v 0.189616 4.166459 -2.032320
v 0.232377 4.136878 -2.025020
v 0.346151 4.157615 -1.881057
v 0.410339 4.143734 -1.831872
v 0.509282 4.164946 -1.702695
v 0.573121 4.146074 -1.660124
v 0.701400 4.160445 -1.509090
v 0.760264 4.131866 -1.483835
v 0.800109 4.148802 -1.420357
v 0.082145 4.226226 -2.068924
v 0.770972 4.228156 -1.343961
vn 0.6941 -0.0000 0.7199
vn -0.0000 -1.0000 -0.0000
vn -0.0000 1.0000 -0.0000
vn -0.7199 -0.0000 0.6941
vn -0.6941 -0.0000 -0.7199
vn 0.7199 -0.0000 -0.6941
vn 0.6940 0.0001 0.7200
vn 0.8537 -0.0000 -0.5208
vn -0.3172 -0.0000 0.9484
vn -0.3321 -0.0000 0.9433
vn 0.1510 -0.9760 0.1566
vn 0.3113 0.8938 0.3229
vn 0.3210 -0.8866 0.3329
vn 0.3210 0.8866 0.3329
vn 0.9593 -0.0000 -0.2825
vn 0.1510 0.9760 0.1566
vn 0.3113 -0.8938 0.3229
vn -0.5516 -0.0000 0.8341
vn 0.9547 -0.0000 -0.2975
vn 0.4426 -0.4896 0.7512
vn 0.7424 0.4319 0.5122
vn 0.8185 0.3709 0.4388
vn 0.3564 -0.4204 0.8344
vn -0.0940 0.9914 0.0906
vn 0.5388 0.5254 0.6585
vn 0.6384 0.5254 0.5624
vn 0.0940 0.9914 -0.0906
vn -0.6575 0.4635 -0.5940
vn -0.5697 0.4635 -0.6787
vn 0.4087 0.3709 0.8339
vn -0.4382 0.7934 0.4226
vn -0.2755 0.9239 0.2656
vn 0.4848 0.4319 0.7605
vn -0.6384 -0.5254 -0.5624
vn -0.5388 -0.5254 -0.6585
vn 0.0940 -0.9914 -0.0906
vn -0.0940 -0.9914 0.0906
vn 0.4848 -0.4319 0.7605
vn 0.5697 -0.4635 0.6787
vn -0.2755 -0.9239 0.2656
vn 0.6575 -0.4635 0.5940
vn -0.6575 -0.4635 -0.5940
vn -0.7424 -0.4319 -0.5122
vn 0.5697 0.4635 0.6787
vn 0.4426 0.4896 0.7512
vn -0.7424 0.4319 -0.5122
vn 0.5711 -0.6088 -0.5507
vn 0.8913 -0.3226 0.3186
vn 0.8209 -0.4204 0.3865
vn 0.4382 -0.7934 -0.4226
vn -0.3564 -0.4204 -0.8344
vn 0.2755 -0.9239 -0.2656
vn -0.4426 -0.4896 -0.7512
vn -0.7346 0.4896 -0.4697
vn -0.6384 0.5254 -0.5624
vn -0.5697 -0.4635 -0.6787
vn -0.4848 -0.4319 -0.7605
vn 0.7424 -0.4319 0.5122
vn -0.8806 0.2846 -0.3789
vn -0.2860 -0.3226 -0.9023
vn -0.8185 0.3709 -0.4388
vn 0.3564 0.4204 0.8344
vn 0.9411 -0.2028 0.2706
vn 0.3027 0.1789 0.9361
vn 0.3466 0.2846 0.8938
vn 0.8185 -0.3709 0.4388
vn 0.9245 -0.1789 0.3366
vn 0.6651 -0.3827 -0.6413
vn 0.8806 -0.2846 0.3789
vn -0.3027 -0.1789 -0.9361
vn -0.3466 -0.2846 -0.8938
vn -0.5711 0.6088 0.5507
vn 0.2860 0.3226 0.9023
vn 0.9669 -0.0692 0.2458
vn 0.2800 0.0610 0.9581
vn -0.9411 0.2028 -0.2706
vn -0.8913 0.3226 -0.3186
vn -0.6651 0.3827 0.6413
vn -0.8209 0.4204 -0.3865
vn -0.4087 -0.3709 -0.8339
vn 0.2362 0.2028 0.9503
vn 0.9669 0.0692 0.2458
vn 0.2800 -0.0610 0.9581
vn 0.9472 0.0610 0.3146
vn 0.7137 0.1305 -0.6882
vn 0.7137 -0.1305 -0.6882
vn 0.9473 -0.0610 0.3146
vn -0.2800 0.0610 -0.9581
vn -0.2800 -0.0610 -0.9581
vn -0.7137 0.1305 0.6882
vn 0.2104 0.0692 0.9752
vn 0.9411 0.2028 0.2706
vn 0.3027 -0.1789 0.9361
vn -0.9669 -0.0692 -0.2458
vn -0.9669 0.0692 -0.2458
vn -0.7137 -0.1305 0.6882
vn 0.2104 -0.0692 0.9752
vn 0.8913 0.3226 0.3186
vn 0.3466 -0.2846 0.8938
vn 0.8806 0.2846 0.3789
vn 0.5711 0.6088 -0.5507
vn 0.6651 0.3827 -0.6413
vn 0.9245 0.1789 0.3366
vn -0.3466 0.2846 -0.8938
vn -0.3027 0.1789 -0.9361
vn -0.6651 -0.3827 0.6413
vn 0.2362 -0.2028 0.9503
vn 0.8209 0.4204 0.3865
vn 0.4087 -0.3709 0.8339
vn -0.8913 -0.3226 -0.3186
vn -0.9411 -0.2028 -0.2706
vn -0.5711 -0.6088 0.5507
vn 0.2860 -0.3226 0.9023
vn 0.7346 0.4896 0.4697
vn 0.2755 0.9239 -0.2656
vn -0.4848 0.4319 -0.7605
vn -0.4087 0.3709 -0.8339
vn 0.4382 0.7934 -0.4226
vn -0.4382 -0.7934 0.4226
vn -0.7346 -0.4896 -0.4697
vn -0.8209 -0.4204 -0.3865
vn -0.5388 0.5254 -0.6585
vn 0.7346 -0.4896 0.4697
vn 0.6384 -0.5254 0.5624
vn -0.9245 0.1789 -0.3366
vn -0.4426 0.4896 -0.7512
vn 0.5388 -0.5254 0.6585
vn 0.6575 0.4635 0.5940
vn -0.2362 -0.2028 -0.9503
vn -0.9473 0.0610 -0.3146
vn -0.2104 -0.0692 -0.9752
vn -0.9473 -0.0610 -0.3146
vn -0.2104 0.0692 -0.9752
vn -0.9245 -0.1789 -0.3366
vn -0.2362 0.2028 -0.9503
vn -0.8806 -0.2846 -0.3789
vn -0.2860 0.3226 -0.9023
vn -0.8185 -0.3709 -0.4388
vn -0.3564 0.4204 -0.8344
vn -0.7099 0.1657 0.6845
vn -0.0598 0.1228 0.9906
vn -0.0010 0.3880 0.9217
vn -0.6157 0.5181 0.5937
vn 0.8164 -0.5774 0.0149
vn -0.0149 -0.5774 0.8164
vn -0.5090 -0.7071 0.4908
vn 0.5090 -0.7071 -0.4908
vn 0.7088 -0.1745 -0.6835
vn 0.9896 -0.1157 0.0857
vn 0.9226 -0.3492 0.1638
vn 0.6078 -0.5357 -0.5861
vn 0.4314 -0.8005 -0.4160
vn 0.8042 -0.5368 0.2551
vn 0.2195 -0.9524 -0.2117
vn 0.6661 -0.6290 0.4007
vn 0.1414 0.5820 0.8008
vn -0.4428 0.7884 0.4270
vn 0.2964 0.7100 0.6388
vn -0.2219 0.9513 0.2140
vn 0.5111 -0.6766 0.5301
vn 0.4734 0.7314 0.4909
vn 0.7099 0.1657 -0.6845
vn 0.6157 0.5181 -0.5937
vn 0.9211 0.3880 0.0325
vn 0.9922 0.1228 -0.0237
vn -0.7088 -0.1745 0.6835
vn 0.0496 -0.1157 0.9920
vn 0.1301 -0.3492 0.9280
vn 0.2257 -0.5368 0.8130
vn -0.4314 -0.8005 0.4160
vn -0.6078 -0.5357 0.5861
vn 0.3762 -0.6290 0.6803
vn -0.2195 -0.9524 0.2117
vn 0.4428 0.7884 -0.4270
vn 0.7951 0.5820 0.1704
vn 0.2219 0.9513 -0.2140
vn 0.6276 0.7100 0.3194
vn -0.3478 -0.8755 0.3354
vn 0.3354 -0.8755 0.3478
vn 0.3478 -0.8755 -0.3354
vn -0.3354 -0.8755 -0.3478
vn -0.6932 0.0510 -0.7189
vn 0.7189 0.0510 -0.6932
vn 0.6932 0.0510 0.7189
vn -0.7189 0.0510 0.6932
vn -0.6938 0.0300 -0.7195
vn 0.6938 0.0300 0.7195
vn -0.7195 0.0300 0.6938
vn 0.7195 0.0300 -0.6938
vn -0.7200 0.0001 0.6940
vn 0.0010 1.0000 -0.0010
vn -0.6931 0.0001 -0.7208
vn 0.6223 -0.4391 0.6481
vn 0.6931 0.0001 0.7208
vn -0.6231 0.4367 -0.6489
vn -0.0011 -1.0000 0.0009
vn -0.4854 0.7135 0.5052
vn 0.0238 0.9997 0.0055
vn -0.4857 0.7143 -0.5038
vn -0.8073 0.5901 0.0091
vn -0.4962 -0.6983 0.5159
vn -0.8073 -0.5901 0.0091
vn -0.4857 -0.7143 -0.5038
vn 0.0050 -0.9997 0.0241
vn 0.5175 -0.6973 0.4960
vn 0.4522 0.7280 0.5153
vn -0.0837 0.5597 0.8245
vn 0.0108 -0.6127 0.7902
vn -0.5226 -0.7107 0.4709
vn -0.5290 0.7023 0.4764
vn -0.4853 0.7385 0.4680
vn -0.5314 -0.6746 0.5124
vn -0.0192 -0.9996 0.0185
vn -0.0064 -0.9998 -0.0191
vn -0.0180 0.9998 -0.0077
vn 0.0192 0.9996 -0.0185
vn -0.5874 0.7220 0.3655
vn -0.1456 0.9775 -0.1527
vn -0.5618 0.5872 -0.5827
vn -0.8774 0.4789 -0.0297
vn -0.3991 -0.6566 0.6400
vn -0.7341 -0.6759 0.0649
vn -0.4078 -0.8092 -0.4229
vn 0.1625 -0.9695 0.1832
vn 0.4220 -0.8131 0.4009
vn 0.5387 0.6028 0.5886
vn -0.0573 0.4501 0.8911
vn -0.0387 -0.6935 0.7194
vn -0.6446 -0.6735 0.3619
vn -0.3960 0.7121 0.5797
vn -0.4749 0.7515 0.4579
vn -0.5544 -0.6378 0.5346
vn -0.0151 -0.9998 0.0145
vn -0.1652 -0.9698 -0.1797
vn 0.1359 0.9774 0.1618
vn 0.0017 1.0000 -0.0017
vn -0.9994 0.0117 -0.0335
vn -0.6793 0.0084 -0.7338
vn -0.6941 -0.0078 -0.7198
vn -0.9998 -0.0111 -0.0182
vn -0.0334 0.0117 0.9994
vn -0.0182 -0.0111 0.9998
vn 0.6941 -0.0078 0.7198
vn 0.6795 0.0082 0.7336
vn -0.0113 -0.0053 0.9999
vn -0.9999 -0.0052 -0.0117
vn -0.9973 -0.0000 -0.0729
vn -0.0729 -0.0000 0.9973
vn 0.6643 -0.0000 0.7475
vn 0.7013 -0.0035 0.7129
vn -0.7003 -0.0039 -0.7139
vn -0.6643 -0.0000 -0.7475
vn -0.9969 0.0242 0.0747
vn -0.7353 0.0172 -0.6776
vn 0.0752 0.0239 0.9969
vn 0.7353 0.0169 0.6776
vn -0.9999 0.0035 -0.0155
vn -0.6969 0.0024 -0.7172
vn -0.6941 -0.0085 -0.7198
vn -0.9998 -0.0121 -0.0182
vn -0.0155 0.0035 0.9999
vn -0.0182 -0.0121 0.9998
vn 0.6941 -0.0085 0.7198
vn 0.6969 0.0025 0.7172
vn 0.0080 0.0034 1.0000
vn -1.0000 0.0033 0.0077
vn -0.9998 0.0167 -0.0077
vn -0.0077 0.0167 0.9998
vn 0.6997 0.0118 0.7143
vn 0.7191 0.0024 0.6949
vn -0.7188 0.0024 -0.6952
vn -0.6997 0.0118 -0.7143
vn -0.9970 -0.0077 0.0774
vn -0.7376 -0.0054 -0.6752
vn 0.0778 -0.0076 0.9969
vn 0.7376 -0.0053 0.6752
vn -0.0149 0.0016 0.9999
vn -0.9767 -0.0023 -0.2144
vn -0.9722 -0.0183 -0.2335
vn -0.0187 -0.0070 0.9998
vn 0.0089 -0.0002 1.0000
vn -0.9807 0.0129 -0.1952
vn -0.9811 0.0099 -0.1935
vn -0.0101 0.0097 0.9999
vn 0.0731 -0.0099 0.9973
vn -0.9899 0.0185 -0.1409
vn 0.7223 -0.0013 0.6916
vn 0.7447 -0.0109 0.6673
vn -0.3802 0.0234 -0.9246
vn -0.3874 0.0129 -0.9218
vn -0.3941 0.0054 -0.9191
vn -0.3610 -0.0036 -0.9325
vn 0.6969 0.0012 0.7172
vn 0.6996 0.0080 0.7145
vn 0.6941 -0.0058 0.7198
vn -0.3265 -0.0155 -0.9451
vn -0.5573 -0.6349 0.5351
vn -0.0528 -0.9977 0.0415
vn -0.0316 -0.9993 0.0213
vn -0.5281 -0.6858 0.5009
vn -0.4470 0.7730 0.4502
vn -0.4931 0.7279 0.4765
vn -0.0106 -0.9999 0.0014
vn -0.5211 -0.6997 0.4887
vn -0.5120 0.7143 0.4771
vn -0.0001 0.9999 -0.0125
vn 0.0294 0.9993 -0.0241
vn 0.0585 0.9977 -0.0356
vn -0.5281 -0.6857 0.5009
vn -0.5550 0.6349 0.5374
vn -0.0434 0.9977 0.0513
vn -0.0225 0.9993 0.0308
vn -0.5198 0.6858 0.5095
vn -0.4662 -0.7730 0.4304
vn -0.4941 -0.7279 0.4754
vn -0.0018 0.9999 0.0105
vn -0.5073 0.6997 0.5030
vn -0.4954 -0.7143 0.4942
vn 0.0125 -0.9999 0.0006
vn 0.0252 -0.9993 -0.0285
vn 0.0377 -0.9977 -0.0571
vn -0.7211 -0.0669 0.6896
vn -0.7181 -0.0375 0.6949
vn -0.7145 -0.0086 0.6996
vn 0.7197 0.0001 -0.6942
vn -0.0011 1.0000 0.0009
vn -0.6951 0.0001 -0.7189
vn 0.6250 -0.4391 0.6455
vn 0.6951 0.0001 0.7189
vn -0.6258 0.4367 -0.6463
vn 0.0010 -1.0000 -0.0010
vn 0.5052 0.7135 0.4854
vn 0.0055 0.9997 -0.0238
vn -0.5038 0.7143 0.4857
vn 0.0091 0.5901 0.8073
vn 0.5159 -0.6983 0.4962
vn 0.0091 -0.5901 0.8073
vn -0.5038 -0.7143 0.4857
vn 0.0241 -0.9997 -0.0049
vn 0.4960 -0.6973 -0.5175
vn 0.5153 0.7280 -0.4522
vn 0.8245 0.5597 0.0837
vn 0.7902 -0.6127 -0.0108
vn 0.4709 -0.7107 0.5226
vn 0.4764 0.7023 0.5290
vn 0.4680 0.7385 0.4853
vn 0.5124 -0.6746 0.5314
vn 0.0185 -0.9996 0.0192
vn -0.0191 -0.9998 0.0064
vn -0.0077 0.9998 0.0180
vn -0.0185 0.9996 -0.0192
vn 0.3655 0.7220 0.5874
vn -0.1527 0.9775 0.1456
vn -0.5827 0.5872 0.5618
vn -0.0297 0.4789 0.8774
vn 0.6400 -0.6566 0.3991
vn 0.0649 -0.6759 0.7341
vn -0.4229 -0.8092 0.4078
vn 0.1832 -0.9695 -0.1625
vn 0.4009 -0.8131 -0.4220
vn 0.5886 0.6028 -0.5387
vn 0.8911 0.4501 0.0573
vn 0.7194 -0.6935 0.0387
vn 0.3619 -0.6735 0.6446
vn 0.5797 0.7121 0.3960
vn 0.4579 0.7515 0.4749
vn 0.5346 -0.6378 0.5544
vn 0.0145 -0.9998 0.0151
vn -0.1797 -0.9698 0.1652
vn 0.1618 0.9774 -0.1359
vn -0.0017 1.0000 -0.0017
vn -0.0335 0.0117 0.9994
vn -0.7338 0.0084 0.6793
vn -0.7198 -0.0078 0.6941
vn 0.9994 0.0117 0.0334
vn 0.9998 -0.0111 0.0182
vn 0.7198 -0.0078 -0.6941
vn 0.7336 0.0082 -0.6795
vn 0.9999 -0.0053 0.0113
vn -0.0117 -0.0052 0.9999
vn 0.9973 -0.0000 0.0729
vn 0.7475 -0.0000 -0.6643
vn 0.7129 -0.0035 -0.7013
vn -0.7139 -0.0039 0.7003
vn -0.7475 -0.0000 0.6643
vn 0.0747 0.0242 0.9969
vn -0.6776 0.0172 0.7353
vn 0.9969 0.0239 -0.0752
vn 0.6776 0.0169 -0.7353
vn -0.7172 0.0024 0.6969
vn -0.7198 -0.0085 0.6941
vn 0.9999 0.0035 0.0155
vn 0.9998 -0.0121 0.0182
vn 0.7198 -0.0085 -0.6941
vn 0.7172 0.0025 -0.6969
vn 1.0000 0.0034 -0.0080
vn 0.0077 0.0033 1.0000
vn 0.9998 0.0167 0.0077
vn 0.7143 0.0118 -0.6997
vn 0.6949 0.0024 -0.7191
vn -0.6952 0.0024 0.7188
vn -0.7143 0.0118 0.6997
vn 0.0774 -0.0077 0.9970
vn -0.6752 -0.0054 0.7376
vn 0.9969 -0.0076 -0.0778
vn 0.6752 -0.0053 -0.7376
vn 0.9999 0.0016 0.0149
vn -0.2144 -0.0023 0.9767
vn -0.2335 -0.0183 0.9722
vn 0.9998 -0.0070 0.0187
vn 1.0000 -0.0002 -0.0089
vn -0.1952 0.0129 0.9807
vn -0.1935 0.0099 0.9811
vn 0.9999 0.0097 0.0101
vn 0.9973 -0.0099 -0.0731
vn -0.1409 0.0185 0.9899
vn 0.6916 -0.0013 -0.7223
vn 0.6673 -0.0109 -0.7447
vn -0.9246 0.0234 0.3802
vn -0.9218 0.0129 0.3874
vn -0.9191 0.0054 0.3941
vn -0.9325 -0.0036 0.3610
vn 0.7172 0.0012 -0.6969
vn 0.7145 0.0080 -0.6996
vn 0.7198 -0.0058 -0.6941
vn -0.9451 -0.0155 0.3265
vn 0.5351 -0.6349 0.5573
vn 0.0415 -0.9977 0.0528
vn 0.0213 -0.9993 0.0316
vn 0.5009 -0.6858 0.5281
vn 0.4502 0.7730 0.4470
vn 0.4765 0.7279 0.4931
vn 0.0014 -0.9999 0.0106
vn 0.4887 -0.6997 0.5211
vn 0.4771 0.7143 0.5120
vn -0.0125 0.9999 0.0001
vn -0.0241 0.9993 -0.0294
vn -0.0356 0.9977 -0.0585
vn 0.5374 0.6349 0.5550
vn 0.0513 0.9977 0.0434
vn 0.0308 0.9993 0.0225
vn 0.5095 0.6857 0.5198
vn 0.4304 -0.7730 0.4662
vn 0.4754 -0.7279 0.4941
vn 0.0105 0.9999 0.0018
vn 0.5030 0.6997 0.5073
vn 0.4942 -0.7143 0.4954
vn 0.0006 -0.9999 -0.0125
vn -0.0285 -0.9993 -0.0252
vn -0.0571 -0.9977 -0.0377
vn 0.6896 -0.0669 0.7211
vn 0.6949 -0.0375 0.7181
vn 0.6996 -0.0086 0.7145
vn 0.0049 -0.9997 0.0241
vn -0.5875 0.7220 0.3655
vn 0.7200 0.0001 -0.6940
vn -0.0010 1.0000 0.0010
vn -0.6223 -0.4391 -0.6481
vn 0.6231 0.4367 0.6489
vn 0.0011 -1.0000 -0.0009
vn 0.4854 0.7135 -0.5052
vn -0.0238 0.9997 -0.0055
vn 0.4857 0.7143 0.5038
vn 0.8073 0.5901 -0.0091
vn 0.4962 -0.6983 -0.5159
vn 0.8073 -0.5901 -0.0091
vn 0.4857 -0.7143 0.5038
vn -0.0049 -0.9997 -0.0241
vn -0.5175 -0.6973 -0.4960
vn -0.4522 0.7280 -0.5153
vn 0.0837 0.5597 -0.8245
vn -0.0108 -0.6127 -0.7902
vn 0.5226 -0.7107 -0.4709
vn 0.5290 0.7023 -0.4764
vn 0.4853 0.7385 -0.4680
vn 0.5314 -0.6746 -0.5124
vn 0.0192 -0.9996 -0.0185
vn 0.0064 -0.9998 0.0191
vn 0.0180 0.9998 0.0077
vn -0.0192 0.9996 0.0185
vn 0.5875 0.7220 -0.3655
vn 0.1456 0.9775 0.1527
vn 0.5618 0.5872 0.5827
vn 0.8774 0.4789 0.0297
vn 0.3991 -0.6566 -0.6400
vn 0.7341 -0.6759 -0.0649
vn 0.4078 -0.8092 0.4229
vn -0.1625 -0.9696 -0.1832
vn -0.4220 -0.8131 -0.4009
vn -0.5387 0.6028 -0.5886
vn 0.0573 0.4501 -0.8911
vn 0.0387 -0.6935 -0.7194
vn 0.6446 -0.6735 -0.3619
vn 0.3960 0.7121 -0.5797
vn 0.4749 0.7515 -0.4579
vn 0.5544 -0.6378 -0.5346
vn 0.0151 -0.9998 -0.0145
vn 0.1652 -0.9698 0.1797
vn -0.1359 0.9774 -0.1618
vn -0.0017 1.0000 0.0017
vn 0.9994 0.0117 0.0335
vn 0.6793 0.0084 0.7338
vn 0.0334 0.0117 -0.9994
vn 0.0182 -0.0111 -0.9998
vn -0.6795 0.0082 -0.7336
vn 0.0113 -0.0053 -0.9999
vn 0.9999 -0.0052 0.0117
vn 0.0729 -0.0000 -0.9973
vn -0.7013 -0.0035 -0.7129
vn 0.7002 -0.0039 0.7139
vn 0.9969 0.0242 -0.0747
vn 0.7353 0.0172 0.6776
vn -0.0752 0.0239 -0.9969
vn -0.7353 0.0169 -0.6776
vn 0.6969 0.0024 0.7172
vn 0.0155 0.0035 -0.9999
vn 0.0182 -0.0121 -0.9998
vn -0.6969 0.0025 -0.7172
vn -0.0080 0.0034 -1.0000
vn 1.0000 0.0033 -0.0077
vn 0.0077 0.0167 -0.9998
vn -0.7191 0.0024 -0.6949
vn 0.7188 0.0024 0.6952
vn 0.9970 -0.0077 -0.0774
vn 0.7376 -0.0054 0.6752
vn -0.0778 -0.0076 -0.9969
vn -0.7376 -0.0053 -0.6752
vn 0.0149 0.0016 -0.9999
vn 0.9767 -0.0023 0.2144
vn 0.9722 -0.0183 0.2335
vn 0.0187 -0.0070 -0.9998
vn -0.0089 -0.0002 -1.0000
vn 0.9807 0.0129 0.1952
vn 0.9811 0.0099 0.1935
vn 0.0101 0.0097 -0.9999
vn -0.0731 -0.0099 -0.9973
vn 0.9899 0.0185 0.1409
vn -0.7223 -0.0013 -0.6916
vn -0.7447 -0.0109 -0.6673
vn 0.3802 0.0234 0.9246
vn 0.3874 0.0129 0.9218
vn 0.3941 0.0054 0.9191
vn 0.3610 -0.0036 0.9325
vn -0.6969 0.0012 -0.7172
vn -0.6996 0.0080 -0.7145
vn -0.6941 -0.0058 -0.7198
vn 0.3265 -0.0155 0.9451
vn 0.5573 -0.6349 -0.5351
vn 0.0528 -0.9977 -0.0415
vn 0.0316 -0.9993 -0.0213
vn 0.5281 -0.6858 -0.5009
vn 0.4470 0.7730 -0.4502
vn 0.4931 0.7279 -0.4765
vn 0.0106 -0.9999 -0.0014
vn 0.5211 -0.6997 -0.4887
vn 0.5120 0.7143 -0.4771
vn 0.0001 0.9999 0.0125
vn -0.0294 0.9993 0.0241
vn -0.0585 0.9977 0.0356
vn 0.5550 0.6349 -0.5374
vn 0.0434 0.9977 -0.0513
vn 0.0225 0.9993 -0.0308
vn 0.5198 0.6858 -0.5095
vn 0.4662 -0.7730 -0.4304
vn 0.4941 -0.7279 -0.4754
vn 0.0018 0.9999 -0.0105
vn 0.5073 0.6997 -0.5030
vn 0.4954 -0.7143 -0.4942
vn -0.0125 -0.9999 -0.0006
vn -0.0252 -0.9993 0.0285
vn -0.0377 -0.9977 0.0571
vn 0.7211 -0.0669 -0.6896
vn 0.7181 -0.0375 -0.6949
vn 0.7145 -0.0086 -0.6996
vn -0.2740 0.6427 -0.7155
vn -0.5754 0.8053 -0.1431
vn 0.2604 0.7105 0.6537
vn 0.7268 0.6163 0.3033
vn -0.9602 -0.2551 0.1135
vn -0.1218 -0.3661 0.9226
vn -0.6962 -0.6778 -0.2364
vn -0.1952 -0.7607 -0.6190
vn 0.6280 -0.7440 0.2281
vn 0.2982 -0.5980 0.7440
vn 0.1057 0.3379 -0.9352
vn 0.9311 0.3532 -0.0911
vn -0.3655 0.6125 -0.7009
vn 0.6512 0.6973 0.2996
vn 0.2852 -0.6688 0.6866
vn 0.2936 -0.6520 0.6991
vn 0.6744 0.6710 0.3083
vn 0.3500 -0.6036 0.7163
vn 0.6614 0.6957 0.2803
vn 0.3218 -0.6173 0.7179
vn 0.6899 0.6720 0.2693
vn -0.7026 -0.6310 -0.3290
vn -0.3080 0.6470 -0.6975
vn -0.6766 -0.6755 -0.2931
vn -0.3449 0.6107 -0.7128
vn -0.6645 -0.6905 -0.2857
vn -0.3011 0.6198 -0.7247
vn -0.6830 -0.6704 -0.2899
vn 0.2966 0.9112 -0.2860
vn 0.2753 0.9240 -0.2654
vn -0.2838 0.6056 -0.7434
vn -0.6647 0.7083 -0.2376
vn 0.1694 0.8111 0.5598
vn 0.7178 0.6413 0.2711
vn -0.9201 -0.3592 0.1563
vn -0.0802 -0.2506 0.9648
vn -0.6857 -0.6862 -0.2428
vn -0.1753 -0.7677 -0.6163
vn 0.6397 -0.7382 0.2144
vn 0.3107 -0.6019 0.7356
vn 0.1145 0.3130 -0.9428
vn 0.9333 0.3409 -0.1132
vn -0.3469 0.5976 -0.7228
vn 0.6725 0.6869 0.2757
vn 0.3232 -0.6396 0.6974
vn 0.2749 -0.6927 0.6668
vn 0.7063 0.6271 0.3285
vn 0.2195 -0.7110 0.6681
vn 0.7017 0.5851 0.4066
vn 0.2713 -0.6372 0.7214
vn 0.6952 0.6468 0.3136
vn -0.6706 -0.6737 -0.3104
vn -0.2585 0.6701 -0.6957
vn -0.6769 -0.6502 -0.3450
vn -0.2325 0.7270 -0.6461
vn -0.7240 -0.5653 -0.3953
vn -0.2758 0.6598 -0.6990
vn -0.7163 -0.6267 -0.3068
vn -0.0050 -0.9997 -0.0241
vn -0.1625 -0.9695 -0.1832
vn 0.6446 -0.6735 -0.3620
vn -0.7197 -0.0219 0.6940
vn 0.6940 -0.0219 0.7197
vn 0.7197 -0.0219 -0.6940
vn -0.6940 -0.0219 -0.7197
vn -0.6939 0.0245 -0.7196
vn -0.6940 0.0187 -0.7197
vn -0.6940 0.0188 -0.7197
vn 0.7198 0.0146 -0.6940
vn 0.7198 0.0125 -0.6941
vn 0.7198 0.0147 -0.6940
vn 0.6940 0.0147 0.7198
vn 0.6941 0.0125 0.7198
vn -0.7198 0.0081 0.6941
vn -0.7198 0.0105 0.6941
vn -0.7196 0.0251 0.6939
vn 0.6940 0.0171 0.7198
vn 0.7198 0.0171 -0.6940
vn -0.6941 -0.0075 -0.7198
vn -0.6933 0.0497 -0.7190
vn 0.7190 0.0497 -0.6933
vn 0.6933 0.0497 0.7190
vn -0.7190 0.0497 0.6933
vn -0.6941 0.0130 -0.7198
vn 0.7198 0.0130 -0.6941
vn 0.6941 0.0130 0.7198
vn -0.7198 0.0130 0.6941
vn -0.7199 -0.0045 0.6941
vn -0.7198 -0.0113 0.6941
vn 0.6941 -0.0045 0.7199
vn 0.6941 -0.0113 0.7198
vn 0.7199 -0.0045 -0.6941
vn 0.7198 -0.0113 -0.6941
vn -0.6941 -0.0045 -0.7199
vn -0.6941 -0.0113 -0.7198
vn 0.7198 0.0073 -0.6941
vn 0.6941 0.0073 0.7198
vn -0.7198 0.0053 0.6941
vn -0.6941 0.0024 -0.7199
vn -0.4908 -0.7071 -0.5090
vn 0.4908 -0.7071 0.5090
vn -0.0120 -0.5802 0.8144
vn -0.8143 -0.5802 -0.0177
vn -0.8449 0.3015 -0.4419
vn -0.8185 0.5744 -0.0120
vn -0.0178 0.5744 0.8184
vn 0.4131 0.3077 0.8571
vn 0.8090 -0.5876 -0.0169
vn 0.0149 -0.5774 -0.8164
vn 0.0268 0.0201 -0.9994
vn 0.9997 0.0010 0.0238
vn 0.4883 -0.7144 0.5012
vn 0.0631 0.5196 -0.8521
vn -0.8111 0.5846 -0.0183
vn 0.0125 0.5372 0.8434
vn 0.8722 0.4883 0.0268
vn 0.6959 -0.0134 0.7180
vn -0.8519 0.3023 -0.4276
vn -0.7989 0.5996 -0.0465
vn 0.0174 0.5996 0.8001
vn 0.3798 0.2565 0.8888
vn 0.6917 0.0053 0.7221
vn -0.8197 0.3454 -0.4570
vn -0.7959 0.6048 -0.0283
vn -0.0165 0.6120 0.7907
vn 0.4227 0.3462 0.8375
vn 0.0016 0.0037 -1.0000
vn 0.9994 0.0037 0.0348
vn 0.9898 -0.1423 0.0086
vn -0.0068 -0.0775 -0.9970
vn -0.8164 0.5774 -0.0149
vn 0.0149 0.5774 -0.8164
vn -0.8164 -0.5774 -0.0149
vn 0.8164 0.5774 0.0149
vn -0.0149 0.5774 0.8164
vn -0.9998 -0.0000 -0.0182
vn -0.0182 -0.0000 0.9998
vn 0.0182 -0.0000 -0.9998
vn 0.9998 -0.0000 0.0182
vn -0.9601 0.2569 0.1106
vn -0.7468 0.6087 -0.2678
vn -0.2255 -0.5894 -0.7757
vn -0.5497 -0.7917 -0.2666
vn 0.7670 -0.5894 0.2536
vn 0.2405 0.6087 0.7561
vn -0.1455 0.2569 0.9554
vn 0.2465 -0.7917 0.5590
vn 0.0153 0.5722 -0.8200
vn 0.8200 0.5722 0.0146
vn 0.8082 -0.5886 0.0222
vn 0.0073 -0.5886 -0.8084
vn 0.4014 0.7315 0.5511
vn -0.5362 0.7315 -0.4212
vn -0.4551 -0.6605 -0.5971
vn 0.5802 -0.6605 0.4766
vn 0.2576 0.6734 0.6929
vn -0.6831 0.6734 -0.2826
vn -0.3176 -0.6263 -0.7120
vn 0.6999 -0.6263 0.3433
vn 0.8200 0.5722 0.0153
vn -0.0146 0.5722 0.8200
vn -0.0222 -0.5886 0.8082
vn 0.8084 -0.5886 0.0073
vn -0.5003 0.7116 0.4933
vn 0.5112 0.7116 -0.4820
vn 0.4939 -0.6994 -0.5166
vn -0.5342 -0.6994 0.4748
vn -0.5137 -0.7057 0.4879
vn -0.5080 -0.7085 0.4899
vn 0.5102 -0.7054 -0.4920
vn 0.5107 -0.7088 -0.4866
vn -0.5135 0.7056 0.4884
vn -0.5079 0.7086 0.4898
vn 0.5101 0.7056 -0.4919
vn 0.5112 0.7086 -0.4863
vn -0.5063 -0.7057 0.4956
vn 0.5048 -0.7088 -0.4927
vn -0.5068 0.7056 0.4953
vn 0.5046 0.7086 -0.4932
vn -0.5149 0.6989 0.4965
vn -0.5309 0.6754 0.5119
vn 0.5309 0.6754 -0.5119
vn 0.5149 0.6989 -0.4965
vn -0.8741 0.4704 -0.1210
vn -0.9759 -0.0393 0.2146
vn -0.1169 -0.1015 0.9879
vn 0.1458 0.4395 0.8863
vn -0.4275 -0.7744 -0.4664
vn 0.4304 -0.8463 0.3140
vn -0.1762 -0.3766 -0.9095
vn 0.1394 0.0993 -0.9852
vn 0.9793 0.0772 -0.1872
vn 0.8881 -0.4583 0.0361
vn -0.4511 0.8260 -0.3379
vn 0.3699 0.8012 0.4705
vn -0.8898 0.4538 -0.0485
vn 0.1234 0.4038 0.9065
vn 0.8963 -0.4385 0.0657
vn 0.8864 -0.4307 0.1695
vn 0.0525 0.4791 0.8762
vn 0.8641 -0.4556 0.2138
vn 0.0495 0.4854 0.8729
vn 0.8971 -0.4299 0.1019
vn 0.1010 0.4295 0.8974
vn -0.0912 -0.4084 -0.9082
vn -0.8805 0.4573 -0.1247
vn -0.0971 -0.4546 -0.8854
vn -0.8860 0.4096 -0.2174
vn -0.0500 -0.5266 -0.8486
vn -0.8946 0.4247 -0.1388
vn -0.0787 -0.4279 -0.9004
vn -0.1008 0.3807 -0.9192
vn -0.3970 0.7714 -0.4973
vn 0.4665 0.8415 0.2724
vn 0.9107 0.4042 0.0845
vn -0.9762 0.0487 0.2113
vn -0.1020 0.1211 0.9874
vn -0.8713 -0.4844 -0.0783
vn -0.4509 -0.8084 -0.3783
vn 0.3622 -0.8077 0.4653
vn 0.1428 -0.4340 0.8895
vn 0.1812 -0.0396 -0.9826
vn 0.9882 -0.0368 -0.1486
vn -0.1733 0.4497 -0.8762
vn 0.8581 0.5023 0.1064
vn 0.1303 -0.4511 0.8829
vn 0.0615 -0.4863 0.8716
vn 0.8959 0.4194 0.1463
vn 0.0006 -0.4853 0.8744
vn 0.8747 0.4191 0.2435
vn 0.0869 -0.4478 0.8899
vn 0.8753 0.4608 0.1467
vn -0.8733 -0.4734 -0.1148
vn -0.0550 0.4503 -0.8912
vn -0.8766 -0.4563 -0.1530
vn -0.0182 0.5195 -0.8543
vn -0.8953 -0.3834 -0.2270
vn -0.0996 0.4686 -0.8778
vn -0.8879 -0.4400 -0.1344
vn -0.6627 0.6644 0.3455
vn -0.1023 0.6784 0.7275
vn 0.7308 0.6784 -0.0757
vn 0.3661 0.6610 -0.6550
vn -0.0148 -0.4865 0.8735
vn 0.8735 -0.4865 0.0170
vn 0.5992 -0.7076 -0.3745
vn 0.5750 -0.7367 -0.3558
vn 0.4567 0.6576 -0.5992
vn -0.3874 -0.7090 0.5892
vn -0.6076 0.6538 0.4509
vn -0.3697 -0.7307 0.5739
vn -0.5905 0.6585 0.4665
vn -0.5483 0.6656 0.5062
vn -0.5366 0.6696 0.5136
vn 0.4877 0.6585 -0.5731
vn 0.5259 0.6656 -0.5295
vn 0.5327 0.6696 -0.5175
vn -0.4877 0.6585 0.5731
vn 0.8744 0.4694 0.1229
vn 0.9766 -0.0403 -0.2114
vn 0.1201 -0.1003 -0.9877
vn -0.1439 0.4405 -0.8861
vn 0.4247 -0.7764 0.4657
vn -0.4314 -0.8447 -0.3169
vn 0.1762 -0.3766 0.9095
vn -0.1394 0.0993 0.9852
vn -0.9793 0.0772 0.1873
vn -0.8881 -0.4583 -0.0361
vn 0.4511 0.8260 0.3379
vn -0.3699 0.8012 -0.4705
vn 0.8898 0.4538 0.0485
vn -0.1234 0.4038 -0.9065
vn -0.8966 -0.4377 -0.0676
vn -0.8864 -0.4307 -0.1695
vn -0.0525 0.4791 -0.8762
vn -0.8641 -0.4556 -0.2138
vn -0.0495 0.4854 -0.8729
vn -0.8971 -0.4299 -0.1019
vn -0.1010 0.4295 -0.8974
vn 0.0893 -0.4095 0.9079
vn 0.8805 0.4573 0.1247
vn 0.0971 -0.4546 0.8854
vn 0.8860 0.4096 0.2174
vn 0.0500 -0.5266 0.8486
vn 0.8946 0.4247 0.1388
vn 0.0787 -0.4279 0.9004
vn 0.1008 0.3807 0.9192
vn 0.3970 0.7714 0.4973
vn -0.4665 0.8415 -0.2724
vn -0.9107 0.4042 -0.0845
vn 0.9762 0.0487 -0.2113
vn 0.1020 0.1211 -0.9874
vn 0.8708 -0.4858 0.0758
vn 0.4504 -0.8107 0.3740
vn -0.3665 -0.8054 -0.4658
vn -0.1454 -0.4326 -0.8898
vn -0.1772 -0.0418 0.9833
vn -0.9877 -0.0347 0.1527
vn 0.1758 0.4481 0.8765
vn -0.8577 0.5036 -0.1037
vn -0.1302 -0.4511 -0.8829
vn -0.0615 -0.4863 -0.8716
vn -0.8959 0.4194 -0.1463
vn -0.0006 -0.4853 -0.8744
vn -0.8747 0.4191 -0.2435
vn -0.0869 -0.4478 -0.8899
vn -0.8753 0.4608 -0.1467
vn 0.8733 -0.4734 0.1148
vn 0.0550 0.4503 0.8912
vn 0.8766 -0.4563 0.1530
vn 0.0182 0.5195 0.8543
vn 0.8953 -0.3834 0.2270
vn 0.0996 0.4686 0.8778
vn 0.8879 -0.4400 0.1344
vn 0.6627 0.6644 -0.3455
vn 0.1023 0.6784 -0.7275
vn -0.7308 0.6784 0.0757
vn -0.3661 0.6610 0.6550
vn 0.0148 -0.4865 -0.8735
vn -0.8735 -0.4865 -0.0170
vn -0.5992 -0.7076 0.3745
vn -0.5750 -0.7367 0.3558
vn -0.4567 0.6576 0.5992
vn 0.3874 -0.7090 -0.5892
vn 0.6076 0.6538 -0.4509
vn 0.3697 -0.7307 -0.5739
vn -0.5260 0.6656 0.5295
vn -0.5313 0.6715 0.5165
vn 0.5905 0.6585 -0.4665
vn 0.5483 0.6656 -0.5063
vn 0.5355 0.6715 -0.5122
vt 0.938572 0.564151
vt 0.998214 0.564151
vt 0.998214 0.996208
vt 0.938572 0.996208
vt 0.876803 0.115061
vt 0.876803 0.569543
vt 0.939540 0.569543
vt 0.939540 0.115061
vt 0.876803 0.019286
vt 0.939540 0.019286
vt 0.939540 0.473768
vt 0.876803 0.473768
vt 0.997840 0.340557
vt 0.997840 0.287396
vt 0.944679 0.287396
vt 0.944679 0.340557
vt 0.883789 0.872070
vt 0.883789 0.127930
vt 0.939453 0.127930
vt 0.939453 0.872070
vt 0.940882 0.471795
vt 0.940882 0.528205
vt 0.997291 0.528205
vt 0.997291 0.471795
vt -0.000000 0.498047
vt 0.500000 0.498047
vt 0.500000 0.998047
vt -0.000000 0.998047
vt 0.735352 0.001953
vt 0.876953 0.001953
vt 0.876953 0.165039
vt 0.863281 0.191406
vt 0.843750 0.211914
vt 0.822266 0.221680
vt 0.788086 0.221680
vt 0.759766 0.204102
vt 0.754068 0.194986
vt 0.735352 0.163086
vt 0.374023 0.330078
vt 0.374023 0.333984
vt 0.371094 0.333984
vt 0.371094 0.330078
vt 0.369141 0.333984
vt 0.369141 0.330078
vt 0.369141 0.332031
vt 0.366211 0.330078
vt 0.366211 0.333984
vt 0.364258 0.334961
vt 0.364258 0.329102
vt 0.372070 0.327148
vt 0.367188 0.330078
vt 0.367188 0.327148
vt 0.372070 0.336914
vt 0.367188 0.336914
vt 0.367188 0.333984
vt 0.371094 0.332031
vt 0.375977 0.329102
vt 0.375977 0.334961
vt 0.378906 0.333984
vt 0.375977 0.332031
vt 0.375977 0.333984
vt 0.383789 0.333984
vt 0.383789 0.332031
vt 0.380859 0.327148
vt 0.380859 0.329102
vt 0.378906 0.329102
vt 0.378906 0.327148
vt 0.380859 0.333984
vt 0.380859 0.334961
vt 0.378906 0.330078
vt 0.380859 0.330078
vt 0.380859 0.332031
vt 0.378906 0.332031
vt 0.383789 0.334961
vt 0.383789 0.329102
vt 0.383789 0.327148
vt 0.375977 0.330078
vt 0.376953 0.332031
vt 0.376953 0.333984
vt 0.376953 0.334961
vt 0.376953 0.327148
vt 0.376953 0.329102
vt 0.375977 0.327148
vt 0.381836 0.333984
vt 0.376953 0.330078
vt 0.378906 0.334961
vt 0.383789 0.330078
vt 0.381836 0.329102
vt 0.381836 0.330078
vt 0.381836 0.332031
vt 0.381836 0.334961
vt 0.381836 0.327148
vt 0.882812 0.552734
vt 0.939453 0.552734
vt 0.939453 0.606445
vt 0.882812 0.606445
vt 0.935811 0.164965
vt 0.935811 0.210035
vt 0.878605 0.210035
vt 0.878605 0.164965
vt 0.882812 0.202148
vt 0.939453 0.202148
vt 0.940430 0.560547
vt 0.880859 0.560547
vt 0.880859 0.171875
vt 0.940430 0.171875
vt 0.945312 0.532227
vt 0.945312 0.109375
vt 0.997070 0.109375
vt 0.997070 0.532227
vt 0.880859 0.621094
vt 0.940430 0.621094
vt 0.940430 0.681641
vt 0.880859 0.681641
vt 0.997070 0.597656
vt 0.945312 0.597656
vt 0.940430 0.734375
vt 0.880859 0.734375
vt 0.939453 0.662109
vt 0.882812 0.662109
vt 0.997070 0.664062
vt 0.945312 0.664062
vt 0.939453 0.708984
vt 0.882812 0.708984
vt 0.997070 0.721680
vt 0.945312 0.721680
vt 0.997070 0.765625
vt 0.945312 0.765625
vt 0.940430 0.775391
vt 0.880859 0.775391
vt 0.939453 0.745117
vt 0.882812 0.745117
vt 0.945312 0.999023
vt 0.945312 0.933594
vt 0.997070 0.933594
vt 0.997070 0.999023
vt 0.945312 0.867188
vt 0.997070 0.867188
vt 0.945312 0.809570
vt 0.997070 0.809570
vt 0.626953 0.004883
vt 0.626953 0.073712
vt 0.508789 0.073712
vt 0.508789 0.004883
vt 0.980469 0.004883
vt 0.980469 0.073712
vt 0.862305 0.073712
vt 0.862305 0.004883
vt 0.862305 0.073712
vt 0.744141 0.073712
vt 0.744141 0.004883
vt 0.744141 0.073712
vt 0.626953 0.073712
vt 0.873047 0.132444
vt 0.752930 0.132444
vt 0.752930 0.029297
vt 0.873047 0.029297
vt 0.745117 0.127930
vt 0.745117 0.090820
vt 0.862305 0.090820
vt 0.862305 0.127930
vt 0.626953 0.127930
vt 0.626953 0.090820
vt 0.508789 0.127930
vt 0.508789 0.090820
vt 0.980469 0.090820
vt 0.980469 0.127930
vt 0.866419 0.490818
vt 0.976354 0.490818
vt 0.512903 0.490818
vt 0.622839 0.490818
vt 0.631067 0.490818
vt 0.741003 0.490818
vt 0.749198 0.490818
vt 0.858224 0.490818
vt 0.958984 0.122070
vt 0.958984 0.046875
vt 0.983398 0.023438
vt 0.983398 0.145508
vt 0.883789 0.046875
vt 0.860352 0.023438
vt 0.883789 0.122070
vt 0.860352 0.145508
vt 0.852539 0.492188
vt 0.852539 0.349609
vt 0.994141 0.349609
vt 0.994141 0.492188
vt 0.632812 0.132444
vt 0.511719 0.132444
vt 0.511719 0.029297
vt 0.632812 0.029297
vt 0.752930 0.132444
vt 0.632813 0.132444
vt 0.994141 0.132444
vt 0.994141 0.029297
vt 0.861328 0.355469
vt 0.979492 0.355469
vt 0.979492 0.496094
vt 0.861328 0.496094
vt 0.625000 0.355469
vt 0.743164 0.355469
vt 0.743164 0.496094
vt 0.625000 0.496094
vt 0.506836 0.355469
vt 0.506836 0.496094
vt 0.997840 0.551383
vt 0.997840 0.498223
vt 0.944679 0.498223
vt 0.944679 0.551383
vt 0.500000 0.500000
vt 0.750000 0.500000
vt 0.750000 1.000000
vt 0.500000 1.000000
vt 0.940882 0.682622
vt 0.940882 0.739031
vt 0.997291 0.739031
vt 0.997291 0.682622
vt 0.938572 0.774978
vt 0.998214 0.774978
vt 0.998214 0.991006
vt 0.938572 0.991006
vt 0.876803 0.230113
vt 0.939540 0.230113
vt 0.939540 0.457354
vt 0.876803 0.457354
vt 0.944063 0.134098
vt 0.963460 0.111793
vt 0.992581 0.119632
vt 0.992580 0.575498
vt 0.976072 0.591760
vt 0.944063 0.583351
vt 0.976085 0.591751
vt 0.976098 0.591749
vt 0.944088 0.583338
vt 0.944076 0.583340
vt 0.944086 0.134103
vt 0.944099 0.134100
vt 0.963495 0.111794
vt 0.963482 0.111797
vt 0.992612 0.119633
vt 0.992625 0.119630
vt 0.992624 0.575496
vt 0.992611 0.575498
vt 0.992601 0.575502
vt 0.992614 0.575500
vt 0.976106 0.591764
vt 0.976093 0.591766
vt 0.944093 0.583350
vt 0.944105 0.583348
vt 0.944109 0.134096
vt 0.944096 0.134098
vt 0.963472 0.111781
vt 0.963485 0.111778
vt 0.992606 0.119619
vt 0.992593 0.119621
vt 0.882812 0.307617
vt 0.882812 0.692383
vt 0.940430 0.692383
vt 0.940430 0.307617
vt 0.876803 0.325888
vt 0.876803 0.553129
vt 0.939540 0.553129
vt 0.939540 0.325888
vt 0.000000 0.000000
vt 0.856880 0.000000
vt 0.958081 0.057212
vt 1.000000 0.195334
vt 1.000000 0.804666
vt 0.958081 0.942788
vt 0.856880 1.000000
vt 0.000000 1.000000
vt 0.940358 0.627304
vt 0.999023 0.626953
vt 0.999023 0.783203
vt 0.940358 0.783554
vt 0.940358 0.730562
vt 0.940358 0.886812
vt 0.999023 0.886719
vt 0.999023 0.730469
vt 0.940358 0.828829
vt 0.999023 0.829102
vt 0.999023 0.985352
vt 0.940358 0.985079
vt 0.876248 0.923766
vt 0.876248 0.865687
vt 0.934327 0.865687
vt 0.934327 0.923766
vt 0.939996 0.400470
vt 0.939996 0.337457
vt 0.876983 0.337457
vt 0.876983 0.400470
vt 0.940358 0.516329
vt 0.999023 0.516602
vt 0.999023 0.672852
vt 0.940358 0.672579
vt 0.940358 0.418062
vt 0.940358 0.574312
vt 0.999023 0.574219
vt 0.999023 0.417969
vt 0.940358 0.314804
vt 0.999023 0.314453
vt 0.999023 0.470703
vt 0.940358 0.471054
vt 0.940358 0.158554
vt 0.999023 0.158203
vt 0.940358 0.261812
vt 0.999023 0.261719
vt 0.940358 0.360079
vt 0.999023 0.360352
vt 0.998047 0.626953
vt 0.998047 0.783203
vt 0.998047 0.886719
vt 0.998047 0.730469
vt 0.879883 0.745117
vt 0.939453 0.901367
vt 0.879883 0.901367
vt 0.880859 0.923828
vt 0.880859 0.865234
vt 0.940539 0.865687
vt 0.940539 0.923766
vt 0.942529 0.397088
vt 0.942529 0.341424
vt 0.880859 0.340820
vt 0.880859 0.396484
vt 0.879883 0.432617
vt 0.939453 0.432617
vt 0.934540 0.588867
vt 0.879883 0.588867
vt 0.998047 0.574219
vt 0.998047 0.417969
vt 0.998047 0.314453
vt 0.998047 0.470703
vt 0.940134 0.471054
vt 0.998047 0.158203
vt 0.998047 0.261719
vt 0.879883 0.276367
vt 0.939453 0.276367
vt 0.944336 0.599609
vt 0.995624 0.599609
vt 0.995662 0.723633
vt 0.944336 0.723633
vt 0.944336 0.681641
vt 0.944336 0.805664
vt 0.995662 0.805664
vt 0.995624 0.681641
vt 0.944336 0.759766
vt 0.992188 0.759766
vt 0.992188 0.883789
vt 0.944336 0.883789
vt 0.944336 0.511719
vt 0.992188 0.511719
vt 0.992188 0.635742
vt 0.944336 0.635742
vt 0.944336 0.433594
vt 0.944336 0.557617
vt 0.995857 0.557623
vt 0.995720 0.433597
vt 0.944336 0.352539
vt 0.995721 0.352536
vt 0.995858 0.475580
vt 0.944336 0.475586
vt 0.995720 0.681638
vt 0.995857 0.557612
vt 0.995858 0.475592
vt 0.995721 0.599612
vt 0.944336 0.228516
vt 0.995761 0.228510
vt 0.995677 0.352536
vt 0.944336 0.309570
vt 0.995676 0.433597
vt 0.995763 0.309576
vt 0.944336 0.387695
vt 0.992188 0.387695
vt 0.950195 0.433594
vt 0.994956 0.433594
vt 0.994982 0.541016
vt 0.950195 0.541016
vt 0.950195 0.575195
vt 0.950195 0.683594
vt 0.994981 0.683594
vt 0.994956 0.575195
vt 0.950195 0.372070
vt 0.992188 0.372070
vt 0.992188 0.480469
vt 0.950195 0.480469
vt 0.950195 0.155273
vt 0.992188 0.155273
vt 0.992188 0.263672
vt 0.950195 0.263672
vt 0.950195 0.358398
vt 0.950195 0.466797
vt 0.995132 0.466797
vt 0.995171 0.358399
vt 0.950195 0.217773
vt 0.995171 0.217773
vt 0.995132 0.326172
vt 0.950195 0.326172
vt 0.994978 0.575196
vt 0.995020 0.466797
vt 0.995020 0.326171
vt 0.994978 0.433594
vt 0.950195 0.109375
vt 0.995173 0.109377
vt 0.995194 0.217774
vt 0.950195 0.251953
vt 0.995194 0.358398
vt 0.995173 0.251952
vt 0.950195 0.048828
vt 0.992188 0.048828
vt 0.911133 0.186523
vt 0.888672 0.186523
vt 0.890625 0.070312
vt 0.911133 0.070312
vt 0.913086 0.420898
vt 0.893555 0.420898
vt 0.891602 0.303711
vt 0.912109 0.303711
vt 0.914062 0.537109
vt 0.893555 0.535156
vt 0.922852 0.420898
vt 0.923828 0.537109
vt 0.992188 0.535156
vt 0.982422 0.535156
vt 0.980469 0.420898
vt 0.990234 0.420898
vt 0.992188 0.303711
vt 0.981933 0.303223
vt 0.983398 0.186523
vt 0.994141 0.186523
vt 0.921875 0.186523
vt 0.922363 0.303223
vt 0.921875 0.070312
vt 0.981934 0.070312
vt 0.992188 0.070312
vt 0.992188 0.840820
vt 0.982422 0.840820
vt 0.980469 0.726562
vt 0.990234 0.726562
vt 0.914062 0.842773
vt 0.893555 0.840820
vt 0.893555 0.726562
vt 0.913086 0.726562
vt 0.981445 0.608398
vt 0.992188 0.609375
vt 0.891602 0.609375
vt 0.912109 0.609375
vt 0.922852 0.608398
vt 0.922852 0.726562
vt 0.923828 0.842773
vt 0.992188 0.986328
vt 0.982422 0.986328
vt 0.980469 0.872070
vt 0.990234 0.872070
vt 0.914062 0.988281
vt 0.893555 0.986328
vt 0.893555 0.872070
vt 0.913086 0.872070
vt 0.981445 0.753906
vt 0.992188 0.754883
vt 0.891602 0.754883
vt 0.912109 0.754883
vt 0.922852 0.753906
vt 0.922852 0.872070
vt 0.923828 0.988281
vt 0.911133 0.642578
vt 0.890625 0.640625
vt 0.890625 0.526367
vt 0.910156 0.526367
vt 0.888672 0.409180
vt 0.909180 0.409180
vt 0.919922 0.408203
vt 0.919922 0.526367
vt 0.920898 0.642578
vt 0.908171 0.115061
vt 0.908171 0.569543
vt 0.908171 0.019286
vt 0.908171 0.473768
vt 0.997840 0.313976
vt 0.944679 0.313976
vt 0.940882 0.500000
vt 0.997291 0.500000
vt 0.943359 0.852539
vt 0.943359 0.147461
vt 0.997070 0.147461
vt 0.997070 0.852539
vt 0.944065 0.134098
vt 0.944065 0.583351
vt 0.976074 0.591760
vt 0.992581 0.575498
vt 0.992582 0.119632
vt 0.963461 0.111792
vt 0.976082 0.591755
vt 0.944072 0.583344
vt 0.944085 0.583341
vt 0.976094 0.591753
vt 0.944079 0.134101
vt 0.963475 0.111795
vt 0.963488 0.111792
vt 0.944092 0.134099
vt 0.992601 0.119633
vt 0.992601 0.575498
vt 0.992613 0.575495
vt 0.992615 0.119630
vt 0.992595 0.575501
vt 0.976087 0.591764
vt 0.976099 0.591762
vt 0.992607 0.575498
vt 0.944083 0.583351
vt 0.944085 0.134098
vt 0.944098 0.134096
vt 0.944095 0.583348
vt 0.963469 0.111785
vt 0.992589 0.119625
vt 0.992602 0.119623
vt 0.963482 0.111782
vt 0.944336 0.020508
vt 0.944336 0.404297
vt 0.998047 0.404297
vt 0.998047 0.020508
vt 0.883789 0.185547
vt 0.939453 0.185547
vt 0.939453 0.594727
vt 0.883789 0.594727
vt 0.997840 0.328446
vt 0.997840 0.275286
vt 0.944679 0.275286
vt 0.944679 0.328446
vt 0.944336 0.149414
vt 0.998047 0.149414
vt 0.998047 0.535156
vt 0.944336 0.535156
vt 0.882812 0.051758
vt 0.882812 0.441406
vt 0.936523 0.441406
vt 0.936523 0.051758
vt 0.997840 0.357608
vt 0.944679 0.357608
vt 0.944679 0.304447
vt 0.997840 0.304447
vt 0.940882 0.489888
vt 0.997291 0.489888
vt 0.997291 0.546298
vt 0.940882 0.546298
vt 0.940882 0.687645
vt 0.997292 0.687645
vt 0.997291 0.734008
vt 0.940882 0.734008
vt 0.882389 0.003975
vt 0.882389 0.247484
vt 0.933953 0.247484
vt 0.933953 0.003975
vt 0.938572 0.489261
vt 0.938572 0.720754
vt 0.998214 0.720755
vt 0.998214 0.489261
vt 0.882390 0.025341
vt 0.933953 0.025341
vt 0.933953 0.268850
vt 0.882389 0.268850
vt 0.997840 0.546649
vt 0.944679 0.546649
vt 0.944679 0.502957
vt 0.997840 0.502957
vt 0.882390 -0.031589
vt 0.882389 0.231216
vt 0.933953 0.231216
vt 0.933953 -0.031589
vt 0.938572 0.455451
vt 0.938572 0.705289
vt 0.998214 0.705289
vt 0.998214 0.455451
vt 0.882389 -0.010224
vt 0.933953 -0.010224
vt 0.933953 0.252582
vt 0.882389 0.252582
vt 0.876803 0.003975
vt 0.876802 0.231216
vt 0.939540 0.231216
vt 0.939540 0.003975
vt 0.876803 0.025341
vt 0.939540 0.025341
vt 0.939540 0.252582
vt 0.876802 0.252582
vt 0.883789 0.230469
vt 0.939453 0.230469
vt 0.939453 0.496094
vt 0.939453 0.769531
vt 0.883789 0.769531
vt 0.883789 0.496094
vt 0.939453 0.851562
vt 0.942383 0.985352
vt 0.998047 0.977539
vt 0.995117 0.851562
vt 0.997070 0.068359
vt 0.998047 0.019531
vt 0.948242 0.018555
vt 0.948242 0.067383
vt 0.995117 0.256836
vt 0.998047 0.100586
vt 0.944336 0.100586
vt 0.944336 0.256836
vt 0.949161 0.093513
vt 0.995390 0.094945
vt 0.996076 0.047914
vt 0.949847 0.047165
vt 0.997981 0.246597
vt 0.998685 0.083035
vt 0.941187 0.082904
vt 0.939804 0.246599
vt 0.997987 0.353451
vt 0.998569 0.189932
vt 0.941158 0.189829
vt 0.939843 0.353454
vt 0.996094 0.978516
vt 0.996772 0.852201
vt 0.938564 0.852202
vt 0.938477 0.979492
vt 0.997568 0.851826
vt 0.997576 0.722994
vt 0.939307 0.722994
vt 0.939316 0.851826
vt 0.998331 0.722014
vt 0.998334 0.597239
vt 0.940084 0.597246
vt 0.940064 0.722004
vt 0.998389 0.597968
vt 0.998402 0.476683
vt 0.940162 0.476677
vt 0.940117 0.597973
vt 0.998562 0.476532
vt 0.998562 0.354337
vt 0.940304 0.354337
vt 0.940305 0.476532
vt 0.998047 0.875977
vt 0.999023 0.743164
vt 0.941095 0.743010
vt 0.939453 0.875977
vt 0.998511 0.742397
vt 0.998519 0.613565
vt 0.940256 0.613565
vt 0.940265 0.742397
vt 0.997739 0.614545
vt 0.997717 0.489781
vt 0.939471 0.489774
vt 0.939474 0.614550
vt 0.997701 0.489092
vt 0.997656 0.367795
vt 0.939414 0.367800
vt 0.939427 0.489086
vt 0.997496 0.368018
vt 0.997497 0.245823
vt 0.939240 0.245823
vt 0.939239 0.368018
vt 0.997070 0.857422
vt 0.996094 0.730469
vt 0.943359 0.730469
vt 0.943359 0.850586
vt 0.994141 0.607422
vt 0.942383 0.607422
vt 0.942383 0.730469
vt 0.996094 0.489258
vt 0.942383 0.489258
vt 0.996094 0.373047
vt 0.943359 0.373047
vt 0.943359 0.489258
vt 0.996094 0.256836
vt 0.942383 0.256836
vt 0.942383 0.373047
vt 0.942383 0.190430
vt 0.940430 0.354492
vt 0.994141 0.354492
vt 0.991211 0.190430
vt 0.940430 0.476562
vt 0.996094 0.476562
vt 0.996094 0.354492
vt 0.939453 0.597656
vt 0.995117 0.597656
vt 0.995117 0.476562
vt 0.941406 0.722656
vt 0.996094 0.722656
vt 0.996094 0.597656
vt 0.996094 0.851562
vt 0.250000 0.083207
vt 0.250000 0.250000
vt 0.499023 0.250000
vt 0.499023 0.083207
vt 0.000977 0.083207
vt 0.000977 0.250000
vt 0.250000 0.083207
vt 0.000977 0.499023
vt 0.250000 0.499023
vt 0.499023 0.499023
vt 0.000977 0.014996
vt 0.000977 0.039828
vt 0.250000 0.039828
vt 0.250000 0.015740
vt 0.236523 0.015488
vt 0.207367 0.012131
vt 0.193867 0.016955
vt 0.167650 0.015579
vt 0.146461 0.009421
vt 0.133112 0.018769
vt 0.113883 0.014556
vt 0.081108 0.016626
vt 0.063257 0.012442
vt 0.041924 0.015966
vt 0.025120 0.010837
vt 0.011074 0.015950
vt 0.250000 0.013928
vt 0.250000 0.039828
vt 0.499023 0.039828
vt 0.499023 0.014996
vt 0.488670 0.013992
vt 0.471036 0.008103
vt 0.458286 0.015969
vt 0.432795 0.014816
vt 0.411761 0.011596
vt 0.392256 0.016826
vt 0.339726 0.012011
vt 0.326784 0.015890
vt 0.284926 0.008984
vt 0.271182 0.016429
vt 0.883447 0.851369
vt 0.883447 0.981505
vt 0.939300 0.981505
vt 0.939300 0.851369
vt 0.943049 0.077368
vt 0.943050 0.014163
vt 0.879844 0.014163
vt 0.879844 0.077368
vt 0.940247 0.245769
vt 0.938571 0.084236
vt 0.882882 0.084314
vt 0.884394 0.245769
vt 0.887827 0.108840
vt 0.942702 0.108122
vt 0.941221 0.052495
vt 0.886346 0.053880
vt 0.998504 0.245769
vt 0.999437 0.084603
vt 0.941188 0.084472
vt 0.997558 0.354283
vt 0.998553 0.193167
vt 0.940352 0.193056
vt 0.939300 0.354283
vt 0.997558 0.981505
vt 0.997558 0.851369
vt 0.997558 0.722537
vt 0.939300 0.722537
vt 0.997558 0.597758
vt 0.939300 0.597758
vt 0.997558 0.476478
vt 0.939300 0.476478
vt 0.998504 0.872992
vt 0.998504 0.742855
vt 0.940247 0.742855
vt 0.940247 0.872992
vt 0.998504 0.614023
vt 0.940247 0.614023
vt 0.998504 0.489245
vt 0.940247 0.489245
vt 0.998504 0.367964
vt 0.940247 0.367964
vt 0.884394 0.742855
vt 0.884394 0.872992
vt 0.884393 0.614023
vt 0.884394 0.489245
vt 0.884394 0.367964
vt 0.881961 0.193056
vt 0.883447 0.354283
vt 0.937729 0.193370
vt 0.883447 0.476478
vt 0.883447 0.597758
vt 0.883447 0.722537
vt 0.940882 0.458945
vt 0.940882 0.515354
vt 0.997291 0.515354
vt 0.997291 0.458945
vt 0.940882 0.682622
vt 0.997291 0.682622
vt 0.997291 0.739031
vt 0.876802 0.350771
vt 0.939540 0.350771
vt 0.938572 0.818944
vt 0.998214 0.818944
vt 0.939540 0.372136
vt 0.876803 0.372136
vt 0.876802 -0.124915
vt 0.939539 -0.124915
vt 0.938572 0.366731
vt 0.998214 0.366731
vt 0.876802 -0.103550
vt 0.939540 -0.103550
vt 0.001276 0.001126
vt 0.498101 0.001127
vt 0.498101 0.247109
vt 0.001276 0.247109
vt 0.324179 0.247109
vt 0.324179 0.001127
vt 1.000000 0.627304
vt 1.000000 0.783554
vt 0.940358 0.473835
vt 0.940358 0.630085
vt 1.000000 0.630085
vt 1.000000 0.473835
vt 1.000000 0.886812
vt 1.000000 0.730562
vt 1.000000 0.828829
vt 1.000000 0.985079
vt 1.000000 0.516329
vt 1.000000 0.672579
vt 1.000000 0.574312
vt 1.000000 0.418062
vt 0.940358 0.161334
vt 0.940358 0.317585
vt 1.000000 0.317585
vt 1.000000 0.161334
vt 1.000000 0.314804
vt 1.000000 0.471054
vt 0.940358 0.236679
vt 1.000000 0.236679
vt 0.940358 0.083209
vt 1.000000 0.083209
vt 0.940358 0.339937
vt 1.000000 0.339937
vt 0.940358 0.438204
vt 1.000000 0.438204
vt 1.000000 0.360079
vt 1.000000 0.261812
vt 0.940358 0.005084
vt 1.000000 0.005084
vt 1.000000 0.158554
vt 1.000000 0.621984
vt 0.940358 0.621984
vt 0.940358 0.468514
vt 1.000000 0.468514
vt 0.940358 0.725241
vt 1.000000 0.725241
vt 1.000000 0.823509
vt 0.940358 0.823509
vt 0.491400 0.392500
vt 0.491400 0.415300
vt 0.488100 0.415300
vt 0.488100 0.392500
vt 0.195312 0.146484
vt 0.195312 0.046875
vt 0.497070 0.046875
vt 0.497070 0.146484
vt 0.092773 0.060547
vt 0.005859 0.060547
vt 0.019531 0.000000
vt 0.092773 0.000000
vt 0.046875 0.000977
vt 0.496094 0.000977
vt 0.496094 0.106445
vt 0.034180 0.106445
vt 0.346680 0.072266
vt 0.005859 0.072266
vt 0.005859 0.005859
vt 0.346680 0.005859
vt 0.497070 0.000977
vt 0.497070 0.074219
vt 0.177734 0.074219
vt 0.177734 0.000977
vt 0.514300 0.414700
vt 0.500300 0.415300
vt 0.500300 0.392500
vt 0.514300 0.392500
vt 0.031250 0.476562
vt 0.031250 0.148438
vt 0.304688 0.148438
vt 0.307617 0.476562
vt 0.499023 0.060547
vt 0.181641 0.060547
vt 0.181641 0.000000
vt 0.499023 0.000000
vt 0.467773 0.072266
vt 0.467773 0.005859
vt 0.495400 0.415300
vt 0.495400 0.392500
vt 0.079102 0.360352
vt 0.079102 0.214844
vt 0.443359 0.214844
vt 0.443359 0.360352
vt 0.073242 0.060547
vt 0.073242 0.000000
vt 0.340820 0.072266
vt 0.244141 0.072266
vt 0.244141 0.005859
vt 0.340820 0.005859
vt 0.013672 0.300781
vt 0.013672 0.188477
vt 0.334961 0.188477
vt 0.338867 0.300781
vt 0.186523 0.060547
vt 0.186523 0.000000
vt 0.435547 0.005859
vt 0.435547 0.072266
vt 0.496094 0.195312
vt 0.034180 0.195312
vt 0.346680 0.131836
vt 0.009766 0.126953
vt 0.467773 0.131836
vt 0.340820 0.140625
vt 0.244141 0.131836
vt 0.005859 0.197266
vt 0.456055 0.197266
vt 0.452148 0.307617
vt 0.005859 0.307617
vt 0.186523 0.116211
vt 0.092773 0.124023
vt 0.181641 0.116211
vt 0.073242 0.116211
vt 0.499023 0.111328
vt 0.428711 0.293945
vt 0.428711 0.381836
vt 0.005859 0.381836
vt 0.005859 0.293945
vt 0.181641 0.174805
vt 0.073242 0.169922
vt 0.499023 0.174805
vt 0.496094 0.306641
vt 0.034180 0.306641
vt 0.346680 0.195312
vt 0.005859 0.195312
vt 0.459961 0.189453
vt 0.464844 0.199219
vt 0.472656 0.290039
vt 0.036133 0.290039
vt 0.036133 0.199219
vt 0.499023 0.223633
vt 0.181641 0.230469
vt 0.496094 0.391602
vt 0.019531 0.391602
vt 0.346680 0.255859
vt -0.000977 0.248047
vt 0.986328 0.983398
vt 0.951172 0.983398
vt 0.951172 0.782227
vt 0.986328 0.782227
vt 0.986328 0.753906
vt 0.986328 0.955078
vt 0.951172 0.955078
vt 0.951172 0.753906
vt 0.988281 0.846680
vt 0.988281 0.873047
vt 0.953125 0.873047
vt 0.953125 0.846680
vt 0.976562 0.955078
vt 0.976562 0.753906
vt 0.979492 0.873047
vt 0.979492 0.908203
vt 0.953125 0.908203
vt 0.892578 0.590820
vt 0.917969 0.590820
vt 0.917969 0.791992
vt 0.892578 0.791992
vt 0.892578 0.334961
vt 0.917969 0.334961
vt 0.917969 0.536133
vt 0.892578 0.536133
vt 0.976562 0.699219
vt 0.951172 0.699219
vt 0.951172 0.498047
vt 0.976562 0.498047
vt 0.986328 0.498047
vt 0.986328 0.699219
vt 0.986328 0.727539
vt 0.951172 0.727539
vt 0.951172 0.526367
vt 0.986328 0.526367
vt 0.957031 0.757812
vt 0.957031 0.682617
vt 0.989258 0.682617
vt 0.989258 0.757812
vt 0.898926 0.682176
vt 0.930664 0.682176
vt 0.930664 0.757614
vt 0.898926 0.757614
vt 0.884803 0.757614
vt 0.884803 0.682176
vt 0.988281 0.164062
vt 0.957031 0.164062
vt 0.957031 0.094727
vt 0.988281 0.094727
vt 0.969727 0.451172
vt 0.969727 0.238281
vt 0.983398 0.238281
vt 0.983398 0.451172
vt 0.921875 0.172852
vt 0.891602 0.172852
vt 0.891602 0.103516
vt 0.921875 0.103516
vt 0.957031 0.238281
vt 0.989258 0.238281
vt 0.989258 0.451172
vt 0.957031 0.451172
vt 0.930664 0.238281
vt 0.930664 0.451172
vt 0.898926 0.451172
vt 0.898926 0.238281
vt 0.884803 0.451172
vt 0.884803 0.238281
vt 0.969727 0.571289
vt 0.983398 0.571289
vt 0.957031 0.571289
vt 0.989258 0.571289
vt 0.930664 0.571070
vt 0.898926 0.571070
vt 0.884803 0.571070
vt 0.969727 0.682617
vt 0.983398 0.682617
vt 0.969727 0.757812
vt 0.983398 0.757812
vt 0.986328 0.692383
vt 0.951172 0.692383
vt 0.951172 0.491211
vt 0.986328 0.491211
vt 0.986328 0.462891
vt 0.986328 0.664062
vt 0.951172 0.664062
vt 0.951172 0.462891
vt 0.976562 0.664062
vt 0.976562 0.462891
vt 0.892578 0.299805
vt 0.917969 0.299805
vt 0.917969 0.500977
vt 0.892578 0.500977
vt 0.986328 0.403320
vt 0.951172 0.403320
vt 0.951172 0.202148
vt 0.986328 0.202148
vt 0.986328 0.173828
vt 0.986328 0.375000
vt 0.951172 0.375000
vt 0.951172 0.173828
vt 0.976562 0.375000
vt 0.976562 0.173828
vt 0.892578 0.010742
vt 0.917969 0.010742
vt 0.917969 0.211914
vt 0.892578 0.211914
vt 0.986328 0.788086
vt 0.951172 0.788086
vt 0.951172 0.586914
vt 0.986328 0.586914
vt 0.986328 0.558594
vt 0.986328 0.759766
vt 0.951172 0.759766
vt 0.951172 0.558594
vt 0.976562 0.759766
vt 0.976562 0.558594
vt 0.892578 0.395508
vt 0.917969 0.395508
vt 0.917969 0.596680
vt 0.892578 0.596680
vt 0.988281 0.677734
vt 0.957031 0.677734
vt 0.957031 0.608398
vt 0.988281 0.608398
vt 0.969727 0.964844
vt 0.969727 0.751953
vt 0.983398 0.751953
vt 0.983398 0.964844
vt 0.957031 0.751953
vt 0.989258 0.751953
vt 0.989258 0.964844
vt 0.957031 0.964844
vt 0.930664 0.751953
vt 0.930664 0.964844
vt 0.899414 0.964844
vt 0.899414 0.751953
vt 0.884766 0.964844
vt 0.884766 0.751953
vt 0.940065 0.739897
vt 0.940065 0.382338
vt 0.883242 0.382338
vt 0.883242 0.739897
vt 0.994788 0.739897
vt 0.994788 0.382338
vt 0.994571 0.997710
vt 0.994571 0.640150
vt 0.939847 0.640150
vt 0.939847 0.997710
vt 0.883025 0.640150
vt 0.883025 0.997710
vt 0.940065 0.024779
vt 0.883242 0.024779
vt 0.994788 0.024779
vt 0.994570 0.282591
vt 0.939847 0.282591
vt 0.883025 0.282591
vt 0.000100 0.502278
vt 0.498454 0.502278
vt 0.249277 0.876043
vt 0.883789 0.627930
vt 0.883789 0.849609
vt 0.941406 0.849609
vt 0.939453 0.627930
vt 0.998047 0.063477
vt 0.997070 0.012695
vt 0.943359 0.013672
vt 0.943359 0.064453
vt 0.940430 0.219727
vt 0.940430 0.093750
vt 0.884766 0.093750
vt 0.884766 0.219727
vt 0.879697 0.134552
vt 0.938375 0.134552
vt 0.938375 0.075874
vt 0.879697 0.075874
vt 0.999023 0.219727
vt 0.999023 0.093750
vt 0.998047 0.130859
vt 0.998047 0.004883
vt 0.939453 0.004883
vt 0.939453 0.130859
vt 0.996094 0.849609
vt 0.998047 0.627930
vt 0.998047 0.499023
vt 0.939453 0.499023
vt 0.998047 0.374023
vt 0.939453 0.374023
vt 0.998047 0.252930
vt 0.939453 0.252930
vt 0.996863 0.938287
vt 0.999023 0.716797
vt 0.940430 0.716797
vt 0.942259 0.938335
vt 0.999023 0.587891
vt 0.940430 0.587891
vt 0.999023 0.462891
vt 0.940430 0.462891
vt 0.999023 0.341797
vt 0.940430 0.341797
vt 0.884766 0.716797
vt 0.884573 0.938237
vt 0.884766 0.587891
vt 0.884766 0.462891
vt 0.884766 0.341797
vt 0.883789 0.004883
vt 0.883789 0.130859
vt 0.883789 0.252930
vt 0.883789 0.374023
vt 0.883789 0.499023
vt 0.883447 0.851369
vt 0.939300 0.981505
vt 0.939300 0.851369
vt 0.943050 0.077368
vt 0.940247 0.245769
vt 0.937407 0.025570
vt 0.882894 0.025722
vt 0.887479 0.111371
vt 0.944770 0.108044
vt 0.940656 0.049916
vt 0.883366 0.053989
vt 0.998504 0.245769
vt 0.999211 0.026090
vt 0.942097 0.025918
vt 0.997558 0.354283
vt 0.998348 0.134668
vt 0.941306 0.134532
vt 0.939300 0.354283
vt 0.997558 0.981505
vt 0.997558 0.722537
vt 0.997558 0.476478
vt 0.998504 0.614023
vt 0.940247 0.614023
vt 0.998504 0.489245
vt 0.940247 0.489245
vt 0.998504 0.367964
vt 0.940247 0.367964
vt 0.884394 0.742855
vt 0.884394 0.614023
vt 0.881976 0.134511
vt 0.936608 0.134966
vt 0.883447 0.476478
vt 0.883447 0.722537
vt 0.996283 0.431443
vt 0.996283 0.239011
vt 0.940497 0.239011
vt 0.940497 0.431443
vt 0.938591 0.726449
vt 0.938591 0.781182
vt 0.995785 0.781182
vt 0.995785 0.726449
vt 0.886074 0.239011
vt 0.886074 0.431443
vt 0.885713 0.431443
vt 0.885546 0.661005
vt 0.940135 0.660940
vt 0.940135 0.431443
vt 0.886475 0.002181
vt 0.886475 0.191341
vt 0.939972 0.191341
vt 0.939972 0.002181
vt 0.883846 0.416936
vt 0.937506 0.417001
vt 0.994810 0.191341
vt 0.994810 0.002181
vt 0.939727 0.416494
vt 0.995055 0.416494
vt 0.996525 0.660513
vt 0.940256 0.660513
vt 0.877930 0.237305
vt 0.938477 0.237305
vt 0.938477 0.458008
vt 0.877930 0.458008
vt 0.877930 0.125977
vt 0.877930 0.566406
vt 0.938477 0.566406
vt 0.938477 0.125977
vt 0.938572 0.224658
vt 0.998214 0.224658
vt 0.998214 0.656715
vt 0.938572 0.656715
vt 0.877930 0.373047
vt 0.938477 0.373047
vt 0.938477 0.813477
vt 0.877930 0.813477
vt 0.250000 0.039812
vt 0.499023 0.040372
vt 0.250000 0.016134
vt 0.274269 0.016086
vt 0.285271 0.008530
vt 0.328074 0.016997
vt 0.340948 0.012743
vt 0.374140 0.016973
vt 0.393267 0.016490
vt 0.411832 0.006635
vt 0.441835 0.015527
vt 0.456857 0.016916
vt 0.472761 0.006290
vt 0.486310 0.014571
vt 0.499023 0.013169
vt 0.883789 0.784180
vt 0.883789 0.994141
vt 0.941406 0.994141
vt 0.939453 0.784180
vt 0.997070 0.084961
vt 0.997070 0.034180
vt 0.944336 0.034180
vt 0.943359 0.085938
vt 0.887695 0.125000
vt 0.935547 0.125000
vt 0.935547 0.076172
vt 0.887695 0.076172
vt 0.998047 0.287109
vt 0.998047 0.161133
vt 0.939453 0.161133
vt 0.939453 0.287109
vt 0.996094 0.994141
vt 0.998047 0.784180
vt 0.998047 0.655273
vt 0.939453 0.655273
vt 0.998047 0.530273
vt 0.939453 0.530273
vt 0.998047 0.409180
vt 0.939453 0.409180
vt 0.997113 0.926725
vt 0.942077 0.926763
vt 0.884613 0.926685
vt 0.883789 0.161133
vt 0.883789 0.287109
vt 0.883789 0.409180
vt 0.883789 0.530273
vt 0.883789 0.655273
vt 0.883789 0.810547
vt 0.883789 0.940430
vt 0.939453 0.940430
vt 0.939453 0.810547
vt 0.939453 0.078125
vt 0.939453 0.025391
vt 0.887695 0.025391
vt 0.887695 0.078125
vt 0.937085 0.039166
vt 0.883486 0.039291
vt 0.886835 0.110770
vt 0.943563 0.108062
vt 0.940062 0.050504
vt 0.883334 0.053965
vt 0.998663 0.039642
vt 0.942499 0.039487
vt 0.997070 0.313477
vt 0.998047 0.107422
vt 0.941406 0.107422
vt 0.939453 0.313477
vt 0.997070 0.940430
vt 0.997070 0.810547
vt 0.997070 0.681641
vt 0.939453 0.681641
vt 0.997070 0.556641
vt 0.939453 0.556641
vt 0.997070 0.435547
vt 0.939453 0.435547
vt 0.882812 0.107422
vt 0.883789 0.313477
vt 0.936523 0.107422
vt 0.883789 0.435547
vt 0.883789 0.556641
vt 0.883789 0.681641
vt 0.998047 0.555664
vt 0.998047 0.504883
vt 0.948242 0.504883
vt 0.948242 0.555664
vt 0.944336 0.677734
vt 0.944336 0.730469
vt 0.997070 0.730469
vt 0.997070 0.677734
vt 0.884766 0.256836
vt 0.943359 0.256836
vt 0.943359 0.466797
vt 0.884766 0.466797
vt 0.942383 0.763672
vt 0.998047 0.763672
vt 0.998047 0.964844
vt 0.942383 0.964844
vt 0.884766 0.345703
vt 0.884766 0.556641
vt 0.943359 0.556641
vt 0.943359 0.345703
vt 0.994141 0.557617
vt 0.945312 0.557617
vt 0.945312 0.509766
vt 0.994141 0.509766
vt 0.942383 0.674805
vt 0.993164 0.674805
vt 0.993164 0.724609
vt 0.942383 0.724609
vt 0.884766 0.270508
vt 0.884766 0.473633
vt 0.941406 0.473633
vt 0.941406 0.270508
vt 0.940430 0.756836
vt 0.940430 0.951172
vt 0.994141 0.951172
vt 0.994141 0.756836
vt 0.884766 0.355469
vt 0.941406 0.355469
vt 0.941406 0.558594
vt 0.884766 0.558594
vt 0.887695 0.145508
vt 0.887695 0.560547
vt 0.945312 0.560547
vt 0.945312 0.145508
vt 0.944336 0.246094
vt 0.999023 0.246094
vt 0.999023 0.640625
vt 0.944336 0.640625
vt 0.887695 0.377930
vt 0.945312 0.377930
vt 0.945312 0.793945
vt 0.887695 0.793945
vt 0.999023 0.351562
vt 0.999023 0.302734
vt 0.950195 0.302734
vt 0.950195 0.351562
vt 0.946289 0.471680
vt 0.946289 0.523438
vt 0.998047 0.523438
vt 0.998047 0.471680
vt 0.499023 0.039429
vt 0.250000 0.037416
vt 0.499023 0.014330
vt 0.250000 0.020546
vt 0.275137 0.019341
vt 0.283837 0.010342
vt 0.329309 0.016686
vt 0.349221 0.012456
vt 0.389479 0.018959
vt 0.408146 0.013192
vt 0.457392 0.017621
vt 0.472096 0.008860
vt 0.490362 0.014184
s 1
usemtl MAIN.006
f 8/1/1 7/2/1 6/3/1 10/4/1
f 11/5/2 5/6/2 6/7/2 7/8/2
f 12/9/3 8/10/3 10/11/3 9/12/3
f 11/13/4 7/14/4 8/15/4 12/16/4
f 12/17/5 9/18/5 5/19/5 11/20/5
f 6/21/6 5/22/6 9/23/6 10/24/6
f 3/25/1 4/26/1 2/27/1 1/28/1
f 13/29/7 14/30/7 19/31/7 21/32/7 22/33/7 20/34/7 15/35/7 18/36/7 17/37/7 16/38/7
f 39/39/8 40/40/8 31/41/8 32/42/8
f 28/43/9 27/44/9 37/45/9 38/45/9
f 41/46/10 42/47/10 24/48/10 23/49/10
f 39/50/11 32/42/11 33/51/11 41/52/11
f 40/53/12 26/53/12 24/54/12 42/54/12
f 30/41/1 29/42/1 32/42/1 31/41/1
f 29/42/1 27/44/1 33/51/1 32/42/1
f 28/43/1 30/41/1 31/41/1 34/55/1
f 27/44/1 28/43/1 34/55/1 33/51/1
f 36/56/1 35/56/1 38/45/1 37/45/1
f 27/44/13 29/42/13 36/56/13 37/45/13
f 30/41/14 28/43/14 38/45/14 35/56/14
f 29/42/15 30/41/15 35/56/15 36/56/15
f 31/41/16 40/53/16 42/54/16 34/55/16
f 25/50/17 39/50/17 41/52/17 23/52/17
f 33/51/18 34/55/18 42/47/18 41/46/18
f 25/57/19 26/58/19 40/40/19 39/39/19
f 176/59/20 177/59/21 171/59/22 170/59/23
f 115/60/24 116/61/25 110/62/26 109/63/27
f 46/64/24 47/65/28 185/66/29 184/67/27
f 57/68/30 58/69/31 52/69/32 51/68/33
f 186/70/34 48/71/35 43/72/36 181/73/37
f 105/62/38 111/62/39 112/74/37 106/74/40
f 116/61/25 117/61/41 111/62/39 110/62/26
f 113/75/42 107/75/43 106/76/40 112/76/37
f 45/68/44 51/68/33 52/69/32 46/69/24
f 121/60/32 122/61/45 116/61/25 115/60/24
f 46/64/24 52/64/32 53/65/46 47/65/28
f 61/72/47 62/68/48 56/68/49 55/72/50
f 60/71/51 55/72/50 49/72/52 54/71/53
f 126/77/54 120/77/55 119/57/56 125/57/57
f 122/61/45 123/61/58 117/61/41 116/61/25
f 121/60/32 115/60/24 120/77/55 126/77/54
f 65/65/59 66/71/60 60/71/51 59/65/61
f 127/78/31 128/79/62 122/61/45 121/60/32
f 68/68/63 69/68/64 63/68/65 62/68/48
f 128/79/62 129/79/66 123/61/58 122/61/45
f 141/79/67 142/80/68 136/80/47 135/79/69
f 142/81/68 143/82/70 137/82/71 136/81/47
f 117/61/41 123/61/58 124/58/52 118/58/36
f 118/83/36 124/83/52 125/57/57 119/57/56
f 133/78/72 134/79/73 128/79/62 127/78/31
f 74/84/74 75/84/75 69/68/64 68/68/63
f 134/79/73 135/79/69 129/79/66 128/79/62
f 144/85/76 138/85/77 137/82/71 143/82/70
f 144/85/76 139/78/78 133/78/72 138/85/77
f 138/85/77 132/85/79 131/82/80 137/82/71
f 133/78/72 127/78/31 132/85/79 138/85/77
f 139/78/78 140/79/81 134/79/73 133/78/72
f 80/84/82 81/84/83 75/84/75 74/84/74
f 140/79/81 141/79/67 135/79/69 134/79/73
f 153/79/84 154/80/85 148/80/86 147/79/87
f 154/81/85 155/82/88 149/82/89 148/81/86
f 129/79/66 135/79/69 136/80/47 130/80/50
f 130/81/50 136/81/47 137/82/71 131/82/80
f 145/78/90 146/79/91 140/79/81 139/78/78
f 86/84/92 87/84/93 81/84/83 80/84/82
f 146/79/91 147/79/87 141/79/67 140/79/81
f 156/85/94 150/85/95 149/82/89 155/82/88
f 156/85/94 151/78/96 145/78/90 150/85/95
f 150/85/95 144/85/76 143/82/70 149/82/89
f 145/78/90 139/78/78 144/85/76 150/85/95
f 151/78/96 152/79/97 146/79/91 145/78/90
f 92/84/98 93/84/99 87/84/93 86/84/92
f 152/79/97 153/79/84 147/79/87 146/79/91
f 165/59/100 166/86/101 160/86/102 159/59/103
f 166/67/101 167/66/104 161/66/105 160/67/102
f 141/79/67 147/79/87 148/80/86 142/80/68
f 142/81/68 148/81/86 149/82/89 143/82/70
f 157/73/106 158/59/107 152/79/97 151/78/96
f 98/84/108 99/84/109 93/84/99 92/84/98
f 158/59/107 159/59/103 153/79/84 152/79/97
f 168/70/110 162/70/111 161/66/105 167/66/104
f 168/70/110 163/73/112 157/73/106 162/70/111
f 162/70/111 156/85/94 155/82/88 161/66/105
f 157/73/106 151/78/96 156/85/94 162/70/111
f 163/73/112 164/59/113 158/59/107 157/73/106
f 104/62/114 105/62/38 99/84/109 98/84/108
f 164/59/113 165/59/100 159/59/103 158/59/107
f 178/67/115 179/66/116 173/66/117 172/67/118
f 177/59/21 178/86/115 172/86/118 171/59/22
f 153/79/84 159/59/103 160/86/102 154/80/85
f 154/81/85 160/67/102 161/66/105 155/82/88
f 169/73/119 170/59/23 164/59/113 163/73/112
f 170/59/23 171/59/22 165/59/100 164/59/113
f 179/66/116 180/70/120 174/70/121 173/66/117
f 120/77/55 115/60/24 109/63/27 114/87/122
f 49/72/52 50/68/123 44/68/124 43/72/36
f 169/73/119 163/73/112 168/70/110 174/70/121
f 173/66/117 174/70/121 168/70/110 167/66/104
f 175/73/40 176/59/20 170/59/23 169/73/119
f 61/72/47 55/72/50 60/71/51 66/71/60
f 54/71/53 49/72/52 43/72/36 48/71/35
f 70/64/78 71/65/125 65/65/59 64/64/72
f 172/67/118 173/66/117 167/66/104 166/67/101
f 165/59/100 171/59/22 172/86/118 166/86/101
f 114/87/122 108/87/126 107/75/43 113/75/42
f 180/70/120 175/73/40 169/73/119 174/70/121
f 50/68/123 51/68/33 45/68/44 44/68/124
f 182/59/127 183/59/128 177/59/21 176/59/20
f 183/59/128 184/86/27 178/86/115 177/59/21
f 53/65/46 54/71/53 48/71/35 47/65/28
f 55/72/50 56/68/49 50/68/123 49/72/52
f 181/73/37 175/73/40 180/70/120 186/70/34
f 56/68/49 57/68/30 51/68/33 50/68/123
f 69/68/64 70/69/78 64/69/72 63/68/65
f 47/65/28 48/71/35 186/70/34 185/66/29
f 59/65/61 60/71/51 54/71/53 53/65/46
f 184/67/27 185/66/29 179/66/116 178/67/115
f 57/68/30 63/68/65 64/69/72 58/69/31
f 58/64/31 64/64/72 65/65/59 59/65/61
f 71/65/125 72/71/129 66/71/60 65/65/59
f 72/71/129 67/72/68 61/72/47 66/71/60
f 67/72/68 68/68/63 62/68/48 61/72/47
f 77/88/130 78/89/131 72/71/129 71/65/125
f 73/90/86 67/72/68 72/71/129 78/89/131
f 81/84/83 82/91/96 76/91/90 75/84/75
f 82/92/96 83/88/132 77/88/130 76/92/90
f 73/90/86 74/84/74 68/68/63 67/72/68
f 69/68/64 75/84/75 76/91/90 70/69/78
f 70/64/78 76/92/90 77/88/130 71/65/125
f 83/88/132 84/89/133 78/89/131 77/88/130
f 84/89/133 79/90/85 73/90/86 78/89/131
f 79/90/85 80/84/82 74/84/74 73/90/86
f 89/88/134 90/89/135 84/89/133 83/88/132
f 85/90/102 79/90/85 84/89/133 90/89/135
f 93/84/99 94/91/112 88/91/106 87/84/93
f 94/92/112 95/88/136 89/88/134 88/92/106
f 85/90/102 86/84/92 80/84/82 79/90/85
f 81/84/83 87/84/93 88/91/106 82/91/96
f 82/92/96 88/92/106 89/88/134 83/88/132
f 95/88/136 96/89/137 90/89/135 89/88/134
f 96/89/137 91/90/101 85/90/102 90/89/135
f 91/90/101 92/84/98 86/84/92 85/90/102
f 101/88/138 102/89/139 96/89/137 95/88/136
f 97/90/118 91/90/101 96/89/137 102/89/139
f 105/62/38 106/74/40 100/91/119 99/84/109
f 106/76/40 107/75/43 101/88/138 100/92/119
f 97/90/118 98/84/108 92/84/98 91/90/101
f 93/84/99 99/84/109 100/91/119 94/91/112
f 94/92/112 100/92/119 101/88/138 95/88/136
f 108/87/126 102/89/139 101/88/138 107/75/43
f 108/87/126 103/63/115 97/90/118 102/89/139
f 103/63/115 104/62/114 98/84/108 97/90/118
f 114/87/122 109/63/27 103/63/115 108/87/126
f 117/61/41 118/58/36 112/74/37 111/62/39
f 118/83/36 119/57/56 113/75/42 112/76/37
f 109/63/27 110/62/26 104/62/114 103/63/115
f 110/62/26 111/62/39 105/62/38 104/62/114
f 120/77/55 114/87/122 113/75/42 119/57/56
f 181/73/37 43/72/36 44/68/124 182/59/127
f 58/64/31 59/65/61 53/65/46 52/64/32
f 130/81/50 131/82/80 125/57/57 124/83/52
f 129/79/66 130/80/50 124/58/52 123/61/58
f 181/73/37 182/59/127 176/59/20 175/73/40
f 185/66/29 186/70/34 180/70/120 179/66/116
f 132/85/79 127/78/31 121/60/32 126/77/54
f 132/85/79 126/77/54 125/57/57 131/82/80
f 45/68/44 46/69/24 184/86/27 183/59/128
f 62/68/48 63/68/65 57/68/30 56/68/49
f 44/68/124 45/68/44 183/59/128 182/59/127
f 192/93/140 191/94/141 196/95/142 195/96/143
f 187/97/144 193/98/145 194/99/146 190/100/147
f 192/93/140 194/101/146 193/102/145 191/94/141
f 189/103/148 188/104/149 187/105/144 190/106/147
f 191/107/141 193/108/145 187/109/144 188/110/149
f 197/111/150 198/112/151 202/113/152 201/114/153
f 188/104/149 189/103/148 198/112/151 197/111/150
f 191/107/141 188/110/149 197/115/150 196/116/142
f 201/114/153 202/113/152 206/117/154 205/118/155
f 195/96/143 196/95/142 200/119/156 199/120/157
f 196/116/142 197/115/150 201/121/153 200/122/156
f 199/120/157 200/119/156 204/123/158 203/124/159
f 200/122/156 201/121/153 205/125/155 204/126/158
f 204/126/158 205/125/155 209/127/160 208/128/161
f 205/118/155 206/117/154 210/129/2 209/130/160
f 203/124/159 204/123/158 208/131/161 207/132/3
f 216/93/162 219/96/163 220/95/164 215/94/165
f 211/97/145 214/100/146 218/99/147 217/98/144
f 216/93/162 215/94/165 217/102/144 218/101/147
f 213/103/166 214/106/146 211/105/145 212/104/167
f 215/107/165 212/110/167 211/109/145 217/108/144
f 221/111/168 225/114/169 226/113/170 222/112/171
f 212/104/167 221/111/168 222/112/171 213/103/166
f 215/133/165 220/134/164 221/135/168 212/136/167
f 225/114/169 229/118/172 230/117/173 226/113/170
f 219/96/163 223/120/174 224/119/175 220/95/164
f 220/134/164 224/137/175 225/138/169 221/135/168
f 223/120/174 227/124/176 228/123/177 224/119/175
f 224/137/175 228/139/177 229/140/172 225/138/169
f 228/139/177 208/128/161 209/127/160 229/140/172
f 229/118/172 209/130/160 210/129/2 230/117/173
f 227/124/176 207/132/3 208/131/161 228/123/177
f 265/206/5 262/207/5 263/208/5 266/209/5
f 260/210/4 267/211/4 268/212/4 259/213/4
f 261/214/1 270/215/1 264/216/1 269/217/1
f 263/218/4 262/219/4 261/220/4 269/221/4
f 266/222/3 263/223/3 269/224/3 264/225/3
f 272/226/190 273/227/190 271/228/190 275/229/190 276/230/190 274/231/190
f 276/232/191 282/233/191 281/234/191 274/235/191
f 272/236/192 280/237/192 279/238/192 273/239/192
f 271/240/193 278/241/193 277/242/193 275/243/193
f 275/244/194 277/245/194 282/246/194 276/247/194
f 274/248/195 281/249/195 280/250/195 272/251/195
f 273/252/196 279/253/196 278/254/196 271/255/196
f 266/256/6 264/257/6 270/258/6 265/259/6
f 265/260/2 270/261/2 261/262/2 262/263/2
f 290/1/4 289/2/4 288/3/4 292/4/4
f 293/5/3 289/8/3 288/7/3 287/6/3
f 294/9/3 290/10/3 292/11/3 291/12/3
f 293/13/5 289/14/5 290/15/5 294/16/5
f 294/17/6 291/18/6 287/19/6 293/20/6
f 288/21/1 287/22/1 291/23/1 292/24/1
f 285/25/4 286/26/4 284/27/4 283/28/4
f 317/272/197 316/273/198 303/274/199 307/275/200
f 318/276/201 306/277/202 309/278/203 315/279/204
f 318/280/201 317/281/197 307/282/200 306/283/202
f 306/284/202 307/285/200 303/286/199 309/287/203
f 308/288/205 305/289/206 304/290/207 310/291/208
f 320/292/209 319/293/210 313/294/211 314/295/212
f 320/296/209 314/297/212 311/298/213 321/299/214
f 319/300/210 322/301/215 312/302/216 313/303/211
f 314/295/212 313/294/211 317/281/197 318/280/201
f 314/297/212 318/276/201 315/279/204 311/298/213
f 313/303/211 312/302/216 316/273/198 317/272/197
f 304/304/207 305/305/206 322/301/215 319/300/210
f 310/306/208 320/296/209 321/299/214 308/307/205
f 310/308/208 304/309/207 319/293/210 320/292/209
f 337/272/217 336/310/218 323/311/219 327/275/220
f 338/276/221 326/277/222 329/312/223 335/313/224
f 338/314/221 337/131/217 327/315/220 326/316/222
f 326/317/222 327/318/220 323/319/219 329/320/223
f 328/321/225 325/322/226 324/323/227 330/324/228
f 340/325/229 339/326/230 333/327/231 334/328/232
f 340/296/229 334/297/232 331/329/233 341/330/234
f 339/300/230 342/331/235 332/332/236 333/333/231
f 334/328/232 333/327/231 337/131/217 338/314/221
f 334/297/232 338/276/221 335/313/224 331/329/233
f 333/333/231 332/332/236 336/310/218 337/272/217
f 324/304/227 325/334/226 342/331/235 339/300/230
f 330/306/228 340/296/229 341/330/234 328/335/225
f 330/336/228 324/337/227 339/326/230 340/325/229
f 357/338/237 356/339/238 343/340/239 347/341/240
f 358/342/241 346/343/242 349/344/243 355/345/244
f 358/346/241 357/347/237 347/348/240 346/349/242
f 360/350/245 359/351/246 353/352/247 354/353/248
f 360/354/245 354/355/248 351/356/249 361/357/250
f 359/358/246 362/359/251 352/360/252 353/361/247
f 354/353/248 353/352/247 357/347/237 358/346/241
f 354/355/248 358/342/241 355/362/244 351/363/249
f 353/361/247 352/364/252 356/365/238 357/338/237
f 344/366/253 345/367/254 362/368/251 359/358/246
f 350/369/255 360/354/245 361/370/250 348/371/256
f 350/372/255 344/373/253 359/351/246 360/350/245
f 377/374/257 376/375/258 363/376/259 367/377/260
f 378/378/261 366/379/262 369/380/263 375/381/264
f 378/382/261 377/383/257 367/384/260 366/385/262
f 380/386/265 379/387/266 373/388/267 374/389/268
f 380/390/265 374/391/268 371/392/269 381/393/270
f 379/394/266 382/395/271 372/396/272 373/397/267
f 374/389/268 373/388/267 377/383/257 378/382/261
f 374/391/268 378/378/261 375/398/264 371/399/269
f 373/397/267 372/400/272 376/401/258 377/374/257
f 364/402/273 365/403/274 382/404/271 379/394/266
f 370/405/275 380/390/265 381/406/270 368/407/276
f 370/408/275 364/409/273 379/387/266 380/386/265
f 390/410/277 389/411/278 385/412/279 384/413/280
f 392/414/281 391/415/282 387/416/283 388/417/284
f 388/417/284 387/416/283 389/411/278 390/410/277
f 386/418/285 383/419/286 391/415/282 392/414/281
f 386/418/285 392/414/281 402/420/287 393/421/288
f 383/422/286 395/423/289 401/424/290 391/425/282
f 387/426/283 398/427/291 400/428/292 389/429/278
f 388/417/284 390/410/277 399/430/293 397/431/294
f 391/425/282 401/424/290 398/427/291 387/426/283
f 392/414/281 388/417/284 397/431/294 402/420/287
f 390/410/277 384/413/280 396/432/295 399/430/293
f 389/429/278 400/428/292 394/433/296 385/434/279
f 403/435/297 406/436/298 407/437/299 404/438/300
f 405/439/301 403/440/297 404/441/300 411/442/302
f 404/438/300 407/437/299 408/443/303 409/444/304
f 411/442/302 404/441/300 409/445/304 410/446/305
f 411/442/302 410/446/305 412/447/306 413/448/307
f 405/439/301 411/442/302 413/448/307 414/449/308
f 415/422/297 418/423/298 419/424/299 416/425/309
f 417/418/301 415/419/297 416/415/309 423/414/302
f 416/425/309 419/424/299 420/427/303 421/426/304
f 423/414/302 416/415/309 421/416/304 422/417/305
f 423/414/302 422/417/305 424/431/306 425/420/307
f 417/418/301 423/414/302 425/420/307 426/421/308
f 427/450/310 430/451/311 431/452/312 428/453/313
f 429/454/314 427/455/310 428/456/313 435/457/315
f 428/453/313 431/452/312 432/458/316 433/459/317
f 435/457/315 428/456/313 433/460/317 434/461/318
f 435/457/315 434/461/318 436/462/319 437/463/320
f 429/454/314 435/457/315 437/463/320 438/464/321
f 441/465/314 439/466/322 440/467/323 444/468/315
f 444/468/315 440/467/323 442/469/324 443/470/318
f 444/468/315 443/470/318 445/471/319 446/472/320
f 441/465/314 444/468/315 446/472/320 447/473/321
f 454/206/5 451/207/5 452/208/5 455/209/5
f 449/210/4 456/211/4 457/212/4 448/213/4
f 450/214/1 459/215/1 453/216/1 458/217/1
f 452/218/4 451/219/4 450/220/4 458/221/4
f 455/222/3 452/223/3 458/224/3 453/225/3
f 461/226/190 462/227/190 460/228/190 464/229/190 465/230/190 463/231/190
f 465/232/191 471/233/191 470/234/191 463/235/191
f 461/236/192 469/237/192 468/238/192 462/239/192
f 460/240/193 467/241/193 466/242/193 464/243/193
f 464/244/194 466/245/194 471/246/194 465/247/194
f 463/248/195 470/249/195 469/250/195 461/251/195
f 462/252/196 468/253/196 467/254/196 460/255/196
f 455/256/6 453/257/6 459/258/6 454/259/6
f 454/260/2 459/261/2 450/262/2 451/263/2
f 474/25/5 475/26/5 473/27/5 472/28/5
f 486/474/2 484/475/2 477/7/2 478/8/2
f 479/1/5 478/2/5 477/3/5 481/4/5
f 487/476/3 479/10/3 481/11/3 485/477/3
f 486/478/6 478/14/6 479/15/6 487/479/6
f 484/480/4 476/22/4 480/23/4 485/481/4
f 483/482/1 480/483/1 476/484/1 482/485/1
f 477/21/4 484/480/4 485/481/4 481/24/4
f 482/13/6 486/478/6 487/479/6 483/16/6
f 483/9/3 487/476/3 485/477/3 480/12/3
f 482/5/2 476/6/2 484/475/2 486/474/2
f 494/206/5 495/209/5 492/208/5 491/207/5
f 490/214/1 498/217/1 493/216/1 499/215/1
f 489/210/6 488/213/6 497/212/6 496/211/6
f 495/222/3 493/225/3 498/224/3 492/223/3
f 492/218/6 498/221/6 490/220/6 491/219/6
f 494/260/2 491/263/2 490/262/2 499/261/2
f 501/486/325 503/487/325 505/488/325 504/489/325 500/490/325 502/491/325
f 505/492/326 503/493/326 510/494/326 511/495/326
f 501/496/327 502/497/327 508/498/327 509/499/327
f 500/500/328 504/501/328 506/502/328 507/503/328
f 504/504/329 505/505/329 511/506/329 506/507/329
f 503/508/330 501/509/330 509/510/330 510/511/330
f 502/512/331 500/513/331 507/514/331 508/515/331
f 518/206/5 519/209/5 516/208/5 515/207/5
f 514/214/1 522/217/1 517/216/1 523/215/1
f 513/210/6 512/213/6 521/212/6 520/211/6
f 519/222/3 517/225/3 522/224/3 516/223/3
f 516/218/6 522/221/6 514/220/6 515/219/6
f 518/260/2 515/263/2 514/262/2 523/261/2
f 525/486/325 527/487/325 529/488/325 528/489/325 524/490/325 526/491/325
f 529/492/326 527/493/326 534/494/326 535/495/326
f 525/496/327 526/497/327 532/498/327 533/499/327
f 524/500/328 528/501/328 530/502/328 531/503/328
f 528/504/329 529/505/329 535/506/329 530/507/329
f 527/508/330 525/509/330 533/510/330 534/511/330
f 526/512/331 524/513/331 531/514/331 532/515/331
f 543/1/1 542/2/1 541/3/1 545/4/1
f 546/5/3 542/8/3 541/7/3 540/6/3
f 547/9/3 543/10/3 545/11/3 544/12/3
f 546/13/4 542/14/4 543/15/4 547/16/4
f 547/17/5 544/18/5 540/19/5 546/20/5
f 541/21/6 540/22/6 544/23/6 545/24/6
f 538/25/1 539/26/1 537/27/1 536/28/1
f 570/272/332 569/273/333 556/274/334 560/275/335
f 571/276/336 559/277/337 562/278/338 568/279/339
f 571/280/336 570/281/332 560/282/335 559/283/337
f 559/284/337 560/285/335 556/286/334 562/287/338
f 561/288/340 558/289/341 557/290/342 563/291/343
f 573/292/344 572/293/345 566/294/346 567/295/347
f 573/296/344 567/297/347 564/298/348 574/299/349
f 572/300/345 575/301/350 565/302/351 566/303/346
f 567/295/347 566/294/346 570/281/332 571/280/336
f 567/297/347 571/276/336 568/279/339 564/298/348
f 566/303/346 565/302/351 569/273/333 570/272/332
f 557/304/342 558/305/341 575/301/350 572/300/345
f 563/306/343 573/296/344 574/299/349 561/307/340
f 563/308/343 557/309/342 572/293/345 573/292/344
f 590/272/352 589/310/353 576/311/354 580/275/355
f 591/276/356 579/277/357 582/312/358 588/313/359
f 591/314/356 590/131/352 580/315/355 579/316/357
f 579/317/357 580/318/355 576/319/354 582/320/358
f 581/321/360 578/322/361 577/323/362 583/324/363
f 593/325/364 592/326/365 586/327/366 587/328/367
f 593/296/364 587/297/367 584/329/368 594/330/369
f 592/300/365 595/331/370 585/332/371 586/333/366
f 587/328/367 586/327/366 590/131/352 591/314/356
f 587/297/367 591/276/356 588/313/359 584/329/368
f 586/333/366 585/332/371 589/310/353 590/272/352
f 577/304/362 578/334/361 595/331/370 592/300/365
f 583/306/363 593/296/364 594/330/369 581/335/360
f 583/336/363 577/337/362 592/326/365 593/325/364
f 610/338/372 609/339/373 596/340/374 600/341/242
f 611/342/375 599/343/376 602/344/377 608/345/378
f 611/346/375 610/347/372 600/348/242 599/349/376
f 613/350/379 612/351/380 606/352/248 607/353/381
f 613/354/379 607/355/381 604/356/382 614/357/383
f 612/358/380 615/359/384 605/360/385 606/361/248
f 607/353/381 606/352/248 610/347/372 611/346/375
f 607/355/381 611/342/375 608/362/378 604/363/382
f 606/361/248 605/364/385 609/365/373 610/338/372
f 597/366/386 598/367/387 615/368/384 612/358/380
f 603/369/388 613/354/379 614/370/383 601/371/389
f 603/372/388 597/373/386 612/351/380 613/350/379
f 630/374/261 629/375/390 616/376/391 620/377/262
f 631/378/392 619/379/393 622/380/394 628/381/395
f 631/382/392 630/383/261 620/384/262 619/385/393
f 633/386/396 632/387/397 626/388/268 627/389/398
f 633/390/396 627/391/398 624/392/399 634/393/400
f 632/394/397 635/395/401 625/396/402 626/397/268
f 627/389/398 626/388/268 630/383/261 631/382/392
f 627/391/398 631/378/392 628/398/395 624/399/399
f 626/397/268 625/400/402 629/401/390 630/374/261
f 617/402/403 618/403/404 635/404/401 632/394/397
f 623/405/405 633/390/396 634/406/400 621/407/406
f 623/408/405 617/409/403 632/387/397 633/386/396
f 643/410/407 642/411/408 638/412/409 637/413/410
f 645/414/411 644/415/412 640/416/413 641/417/414
f 641/417/414 640/416/413 642/411/408 643/410/407
f 639/418/415 636/419/416 644/415/412 645/414/411
f 639/418/415 645/414/411 655/420/417 646/421/418
f 636/422/416 648/423/419 654/424/420 644/425/412
f 640/426/413 651/427/421 653/428/422 642/429/408
f 641/417/414 643/410/407 652/430/423 650/431/424
f 644/425/412 654/424/420 651/427/421 640/426/413
f 645/414/411 641/417/414 650/431/424 655/420/417
f 643/410/407 637/413/410 649/432/425 652/430/423
f 642/429/408 653/428/422 647/433/426 638/434/409
f 656/435/427 659/436/428 660/437/429 657/438/430
f 658/439/431 656/440/427 657/441/430 664/442/432
f 657/438/430 660/437/429 661/443/433 662/444/434
f 664/442/432 657/441/430 662/445/434 663/446/435
f 664/442/432 663/446/435 665/447/436 666/448/437
f 658/439/431 664/442/432 666/448/437 667/449/438
f 668/422/427 671/423/428 672/424/429 669/425/430
f 670/418/431 668/419/427 669/415/430 676/414/432
f 669/425/430 672/424/429 673/427/433 674/426/434
f 676/414/432 669/415/430 674/416/434 675/417/435
f 676/414/432 675/417/435 677/431/436 678/420/437
f 670/418/431 676/414/432 678/420/437 679/421/438
f 680/450/439 683/451/440 684/452/441 681/453/442
f 682/454/443 680/455/439 681/456/442 688/457/444
f 681/453/442 684/452/441 685/458/445 686/459/446
f 688/457/444 681/456/442 686/460/446 687/461/447
f 688/457/444 687/461/447 689/462/448 690/463/449
f 682/454/443 688/457/444 690/463/449 691/464/450
f 694/465/443 692/466/451 693/467/452 697/468/444
f 697/468/444 693/467/452 695/469/453 696/470/447
f 697/468/444 696/470/447 698/471/448 699/472/449
f 694/465/443 697/468/444 699/472/449 700/473/450
f 707/206/5 704/207/5 705/208/5 708/209/5
f 702/210/4 709/211/4 710/212/4 701/213/4
f 703/214/1 712/215/1 706/216/1 711/217/1
f 705/218/4 704/219/4 703/220/4 711/221/4
f 708/222/3 705/223/3 711/224/3 706/225/3
f 714/226/190 715/227/190 713/228/190 717/229/190 718/230/190 716/231/190
f 718/232/191 724/233/191 723/234/191 716/235/191
f 714/236/192 722/237/192 721/238/192 715/239/192
f 713/240/193 720/241/193 719/242/193 717/243/193
f 717/244/194 719/245/194 724/246/194 718/247/194
f 716/248/195 723/249/195 722/250/195 714/251/195
f 715/252/196 721/253/196 720/254/196 713/255/196
f 708/256/6 706/257/6 712/258/6 707/259/6
f 707/260/2 712/261/2 703/262/2 704/263/2
f 732/1/4 731/2/4 730/3/4 734/4/4
f 735/5/2 729/6/2 730/7/2 731/8/2
f 736/9/3 732/10/3 734/11/3 733/12/3
f 735/13/5 731/14/5 732/15/5 736/16/5
f 736/17/6 733/18/6 729/19/6 735/20/6
f 730/21/1 729/22/1 733/23/1 734/24/1
f 727/25/4 728/26/4 726/27/4 725/28/4
f 759/272/197 758/273/198 745/274/199 749/275/200
f 760/276/201 748/277/202 751/278/203 757/279/454
f 760/280/201 759/281/197 749/282/200 748/283/202
f 748/284/202 749/285/200 745/286/199 751/287/203
f 750/288/205 747/289/206 746/290/207 752/291/208
f 762/292/209 761/293/210 755/294/211 756/295/212
f 762/296/209 756/297/212 753/298/213 763/299/214
f 761/300/210 764/301/215 754/302/216 755/303/211
f 756/295/212 755/294/211 759/281/197 760/280/201
f 756/297/212 760/276/201 757/279/454 753/298/213
f 755/303/211 754/302/216 758/273/198 759/272/197
f 746/304/207 747/305/206 764/301/215 761/300/210
f 752/306/208 762/296/209 763/299/214 750/307/205
f 752/308/208 746/309/207 761/293/210 762/292/209
f 779/272/455 778/310/218 765/311/219 769/275/220
f 780/276/221 768/277/222 771/312/223 777/313/224
f 780/314/221 779/131/455 769/315/220 768/316/222
f 768/317/222 769/318/220 765/319/219 771/320/223
f 770/321/225 767/322/226 766/323/227 772/324/228
f 782/325/229 781/326/230 775/327/231 776/328/232
f 782/296/229 776/297/232 773/329/233 783/330/234
f 781/300/230 784/331/235 774/332/236 775/333/231
f 776/328/232 775/327/231 779/131/455 780/314/221
f 776/297/232 780/276/221 777/313/224 773/329/233
f 775/333/231 774/332/236 778/310/218 779/272/455
f 766/304/227 767/334/226 784/331/235 781/300/230
f 772/306/228 782/296/229 783/330/234 770/335/225
f 772/336/228 766/337/227 781/326/230 782/325/229
f 799/338/237 798/339/238 785/340/239 789/341/240
f 800/342/241 788/343/242 791/344/243 797/345/244
f 800/346/241 799/347/237 789/348/240 788/349/242
f 802/350/245 801/351/246 795/352/247 796/353/248
f 802/354/245 796/355/248 793/356/249 803/357/250
f 801/358/246 804/359/251 794/360/252 795/361/247
f 796/353/248 795/352/247 799/347/237 800/346/241
f 796/355/248 800/342/241 797/362/244 793/363/249
f 795/361/247 794/364/252 798/365/238 799/338/237
f 786/366/253 787/367/254 804/368/251 801/358/246
f 792/369/255 802/354/245 803/370/250 790/371/256
f 792/372/255 786/373/253 801/351/246 802/350/245
f 819/374/257 818/375/258 805/376/259 809/377/260
f 820/378/261 808/379/262 811/380/263 817/381/264
f 820/382/261 819/383/257 809/384/260 808/385/262
f 822/386/265 821/387/266 815/388/267 816/389/268
f 822/390/265 816/391/268 813/392/269 823/393/270
f 821/394/266 824/395/271 814/396/272 815/397/267
f 816/389/268 815/388/267 819/383/257 820/382/261
f 816/391/268 820/378/261 817/398/264 813/399/269
f 815/397/267 814/400/272 818/401/258 819/374/257
f 806/402/273 807/403/274 824/404/271 821/394/266
f 812/405/275 822/390/265 823/406/270 810/407/276
f 812/408/275 806/409/273 821/387/266 822/386/265
f 832/410/277 831/411/278 827/412/279 826/413/280
f 834/414/281 833/415/282 829/416/283 830/417/284
f 830/417/284 829/416/283 831/411/278 832/410/277
f 828/418/285 825/419/286 833/415/282 834/414/281
f 828/418/285 834/414/281 844/420/287 835/421/288
f 825/422/286 837/423/289 843/424/290 833/425/282
f 829/426/283 840/427/291 842/428/292 831/429/278
f 830/417/284 832/410/277 841/430/293 839/431/294
f 833/425/282 843/424/290 840/427/291 829/426/283
f 834/414/281 830/417/284 839/431/294 844/420/287
f 832/410/277 826/413/280 838/432/295 841/430/293
f 831/429/278 842/428/292 836/433/296 827/434/279
f 845/435/297 848/436/298 849/437/299 846/438/300
f 847/439/301 845/440/297 846/441/300 853/442/302
f 846/438/300 849/437/299 850/443/303 851/444/304
f 853/442/302 846/441/300 851/445/304 852/446/305
f 853/442/302 852/446/305 854/447/306 855/448/307
f 847/439/301 853/442/302 855/448/307 856/449/308
f 857/422/297 860/423/298 861/424/299 858/425/300
f 859/418/301 857/419/297 858/415/300 865/414/302
f 858/425/300 861/424/299 862/427/303 863/426/304
f 865/414/302 858/415/300 863/416/304 864/417/305
f 865/414/302 864/417/305 866/431/306 867/420/307
f 859/418/301 865/414/302 867/420/307 868/421/308
f 869/450/310 872/451/311 873/452/312 870/453/313
f 871/454/314 869/455/310 870/456/313 877/457/315
f 870/453/313 873/452/312 874/458/316 875/459/317
f 877/457/315 870/456/313 875/460/317 876/461/318
f 877/457/315 876/461/318 878/462/319 879/463/320
f 871/454/314 877/457/315 879/463/320 880/464/321
f 883/465/314 881/466/322 882/467/323 886/468/315
f 886/468/315 882/467/323 884/469/324 885/470/318
f 886/468/315 885/470/318 887/471/319 888/472/320
f 883/465/314 886/468/315 888/472/320 889/473/321
f 896/206/5 893/207/5 894/208/5 897/209/5
f 891/210/4 898/211/4 899/212/4 890/213/4
f 892/214/1 901/215/1 895/216/1 900/217/1
f 894/218/4 893/219/4 892/220/4 900/221/4
f 897/222/3 894/223/3 900/224/3 895/225/3
f 903/226/190 904/227/190 902/228/190 906/229/190 907/230/190 905/231/190
f 907/232/191 913/233/191 912/234/191 905/235/191
f 903/236/192 911/237/192 910/238/192 904/239/192
f 902/240/193 909/241/193 908/242/193 906/243/193
f 906/244/194 908/245/194 913/246/194 907/247/194
f 905/248/195 912/249/195 911/250/195 903/251/195
f 904/252/196 910/253/196 909/254/196 902/255/196
f 897/256/6 895/257/6 901/258/6 896/259/6
f 896/260/2 901/261/2 892/262/2 893/263/2
f 916/25/5 917/26/5 915/27/5 914/28/5
f 928/474/2 926/475/2 919/7/2 920/8/2
f 921/1/5 920/2/5 919/3/5 923/4/5
f 929/476/3 921/10/3 923/11/3 927/477/3
f 928/478/6 920/14/6 921/15/6 929/479/6
f 926/480/4 918/22/4 922/23/4 927/481/4
f 925/482/1 922/483/1 918/484/1 924/485/1
f 919/21/4 926/480/4 927/481/4 923/24/4
f 924/13/6 928/478/6 929/479/6 925/16/6
f 925/9/3 929/476/3 927/477/3 922/12/3
f 924/5/2 918/6/2 926/475/2 928/474/2
f 936/206/1 933/207/1 934/208/1 937/209/1
f 931/210/6 938/211/6 939/212/6 930/213/6
f 932/214/5 941/215/5 935/216/5 940/217/5
f 934/218/6 933/219/6 932/220/6 940/221/6
f 937/222/3 934/223/3 940/224/3 935/225/3
f 943/226/456 944/227/456 942/228/456 946/229/456 947/230/456 945/231/456
f 947/232/457 953/233/457 952/234/457 945/235/457
f 943/236/194 951/237/194 950/238/194 944/239/194
f 942/240/458 949/241/458 948/242/458 946/243/458
f 946/244/192 948/245/192 953/246/192 947/247/192
f 945/248/459 952/249/459 951/250/459 943/251/459
f 944/252/460 950/253/460 949/254/460 942/255/460
f 937/256/4 935/257/4 941/258/4 936/259/4
f 936/260/2 941/261/2 932/262/2 933/263/2
f 961/1/6 960/2/6 959/3/6 963/4/6
f 964/5/3 960/8/3 959/7/3 958/6/3
f 965/9/3 961/10/3 963/11/3 962/12/3
f 964/13/1 960/14/1 961/15/1 965/16/1
f 965/17/4 962/18/4 958/19/4 964/20/4
f 959/21/5 958/22/5 962/23/5 963/24/5
f 956/25/6 957/26/6 955/27/6 954/28/6
f 988/272/461 987/273/462 974/274/463 978/275/464
f 989/276/465 977/277/466 980/278/467 986/279/468
f 989/280/465 988/281/461 978/282/464 977/283/466
f 977/284/466 978/285/464 974/286/463 980/287/467
f 979/288/469 976/289/470 975/290/471 981/291/472
f 991/292/473 990/293/474 984/294/475 985/295/476
f 991/296/473 985/297/476 982/298/477 992/299/478
f 990/300/474 993/301/479 983/302/480 984/303/475
f 985/295/476 984/294/475 988/281/461 989/280/465
f 985/297/476 989/276/465 986/279/468 982/298/477
f 984/303/475 983/302/480 987/273/462 988/272/461
f 975/304/471 976/305/470 993/301/479 990/300/474
f 981/306/472 991/296/473 992/299/478 979/307/469
f 981/308/472 975/309/471 990/293/474 991/292/473
f 1008/272/481 1007/310/482 994/311/483 998/275/484
f 1009/276/485 997/277/486 1000/312/487 1006/313/488
f 1009/314/485 1008/131/481 998/315/484 997/316/486
f 997/317/486 998/318/484 994/319/483 1000/320/487
f 999/321/489 996/322/490 995/323/491 1001/324/492
f 1011/325/493 1010/326/494 1004/327/495 1005/328/496
f 1011/296/493 1005/297/496 1002/329/497 1012/330/498
f 1010/300/494 1013/331/499 1003/332/500 1004/333/495
f 1005/328/496 1004/327/495 1008/131/481 1009/314/485
f 1005/297/496 1009/276/485 1006/313/488 1002/329/497
f 1004/333/495 1003/332/500 1007/310/482 1008/272/481
f 995/304/491 996/334/490 1013/331/499 1010/300/494
f 1001/306/492 1011/296/493 1012/330/498 999/335/489
f 1001/336/492 995/337/491 1010/326/494 1011/325/493
f 1028/338/501 1027/339/502 1014/340/243 1018/341/376
f 1029/342/503 1017/343/504 1020/344/239 1026/345/505
f 1029/346/503 1028/347/501 1018/348/376 1017/349/504
f 1031/350/506 1030/351/507 1024/352/381 1025/353/508
f 1031/354/506 1025/355/508 1022/356/252 1032/357/509
f 1030/358/507 1033/359/510 1023/360/249 1024/361/381
f 1025/353/508 1024/352/381 1028/347/501 1029/346/503
f 1025/355/508 1029/342/503 1026/362/505 1022/363/252
f 1024/361/381 1023/364/249 1027/365/502 1028/338/501
f 1015/366/511 1016/367/512 1033/368/510 1030/358/507
f 1021/369/513 1031/354/506 1032/370/509 1019/371/514
f 1021/372/513 1015/373/511 1030/351/507 1031/350/506
f 1048/374/392 1047/375/515 1034/376/263 1038/377/393
f 1049/378/516 1037/379/517 1040/380/259 1046/381/518
f 1049/382/516 1048/383/392 1038/384/393 1037/385/517
f 1051/386/519 1050/387/520 1044/388/398 1045/389/521
f 1051/390/519 1045/391/521 1042/392/272 1052/393/522
f 1050/394/520 1053/395/523 1043/396/269 1044/397/398
f 1045/389/521 1044/388/398 1048/383/392 1049/382/516
f 1045/391/521 1049/378/516 1046/398/518 1042/399/272
f 1044/397/398 1043/400/269 1047/401/515 1048/374/392
f 1035/402/524 1036/403/525 1053/404/523 1050/394/520
f 1041/405/526 1051/390/519 1052/406/522 1039/407/527
f 1041/408/526 1035/409/524 1050/387/520 1051/386/519
f 1061/410/528 1060/411/529 1056/412/530 1055/413/531
f 1063/414/532 1062/415/533 1058/416/534 1059/417/535
f 1059/417/535 1058/416/534 1060/411/529 1061/410/528
f 1057/418/536 1054/419/537 1062/415/533 1063/414/532
f 1057/418/536 1063/414/532 1073/420/538 1064/421/539
f 1054/422/537 1066/423/540 1072/424/541 1062/425/533
f 1058/426/534 1069/427/542 1071/428/543 1060/429/529
f 1059/417/535 1061/410/528 1070/430/544 1068/431/545
f 1062/425/533 1072/424/541 1069/427/542 1058/426/534
f 1063/414/532 1059/417/535 1068/431/545 1073/420/538
f 1061/410/528 1055/413/531 1067/432/546 1070/430/544
f 1060/429/529 1071/428/543 1065/433/547 1056/434/530
f 1074/435/548 1077/436/549 1078/437/550 1075/438/551
f 1076/439/552 1074/440/548 1075/441/551 1082/442/553
f 1075/438/551 1078/437/550 1079/443/554 1080/444/555
f 1082/442/553 1075/441/551 1080/445/555 1081/446/556
f 1082/442/553 1081/446/556 1083/447/557 1084/448/558
f 1076/439/552 1082/442/553 1084/448/558 1085/449/559
f 1086/422/548 1089/423/549 1090/424/550 1087/425/551
f 1088/418/552 1086/419/548 1087/415/551 1094/414/553
f 1087/425/551 1090/424/550 1091/427/554 1092/426/555
f 1094/414/553 1087/415/551 1092/416/555 1093/417/556
f 1094/414/553 1093/417/556 1095/431/557 1096/420/558
f 1088/418/552 1094/414/553 1096/420/558 1097/421/559
f 1098/450/560 1101/451/561 1102/452/562 1099/453/563
f 1100/454/564 1098/455/560 1099/456/563 1106/457/565
f 1099/453/563 1102/452/562 1103/458/566 1104/459/567
f 1106/457/565 1099/456/563 1104/460/567 1105/461/568
f 1106/457/565 1105/461/568 1107/462/569 1108/463/570
f 1100/454/564 1106/457/565 1108/463/570 1109/464/571
f 1112/465/564 1110/466/572 1111/467/573 1115/468/565
f 1115/468/565 1111/467/573 1113/469/574 1114/470/568
f 1115/468/565 1114/470/568 1116/471/569 1117/472/570
f 1112/465/564 1115/468/565 1117/472/570 1118/473/571
f 1125/206/1 1122/207/1 1123/208/1 1126/209/1
f 1120/210/6 1127/211/6 1128/212/6 1119/213/6
f 1121/214/5 1130/215/5 1124/216/5 1129/217/5
f 1123/218/6 1122/219/6 1121/220/6 1129/221/6
f 1126/222/3 1123/223/3 1129/224/3 1124/225/3
f 1132/226/456 1133/227/456 1131/228/456 1135/229/456 1136/230/456 1134/231/456
f 1136/232/457 1142/233/457 1141/234/457 1134/235/457
f 1132/236/194 1140/237/194 1139/238/194 1133/239/194
f 1131/240/458 1138/241/458 1137/242/458 1135/243/458
f 1135/244/192 1137/245/192 1142/246/192 1136/247/192
f 1134/248/459 1141/249/459 1140/250/459 1132/251/459
f 1133/252/460 1139/253/460 1138/254/460 1131/255/460
f 1126/256/4 1124/257/4 1130/258/4 1125/259/4
f 1125/260/2 1130/261/2 1121/262/2 1122/263/2
f 1145/25/1 1146/26/1 1144/27/1 1143/28/1
f 1150/1/1 1149/2/1 1148/3/1 1152/4/1
f 1153/516/2 1147/517/2 1148/518/2 1149/519/2
f 1154/520/3 1150/521/3 1152/522/3 1151/523/3
f 1153/524/4 1149/525/4 1150/526/4 1154/527/4
f 1157/25/5 1155/28/5 1156/27/5 1158/26/5
f 1162/1/5 1164/4/5 1160/3/5 1161/2/5
f 1165/528/2 1161/529/2 1160/530/2 1159/531/2
f 1166/532/3 1163/533/3 1164/534/3 1162/535/3
f 1165/536/4 1166/537/4 1162/538/4 1161/539/4
f 1160/540/6 1164/541/6 1163/542/6 1159/543/6
f 1167/544/1 1169/545/1 1168/546/1 1170/547/1
f 1174/548/3 1168/549/3 1169/550/3 1177/551/3
f 1177/552/6 1169/553/6 1167/554/6 1171/555/6
f 1178/556/2 1171/557/2 1167/558/2 1170/559/2
f 1175/560/5 1176/561/5 1173/562/5 1172/563/5
f 1176/564/3 1174/565/3 1177/566/3 1173/567/3
f 1173/568/6 1177/569/6 1171/570/6 1172/571/6
f 1175/572/2 1172/573/2 1171/574/2 1178/575/2
f 1181/25/6 1182/26/6 1180/27/6 1179/28/6
f 1183/214/2 1185/217/2 1184/216/2 1186/215/2
f 1190/576/1 1184/577/1 1185/578/1 1193/579/1
f 1193/552/6 1185/569/6 1183/570/6 1187/555/6
f 1194/580/5 1187/581/5 1183/582/5 1186/583/5
f 1191/206/3 1192/209/3 1189/208/3 1188/207/3
f 1192/576/1 1190/577/1 1193/578/1 1189/579/1
f 1189/552/6 1193/569/6 1187/570/6 1188/555/6
f 1191/580/5 1188/581/5 1187/582/5 1194/583/5
f 1186/584/4 1184/585/4 1190/586/4 1192/587/4 1191/588/4 1194/589/4
f 1195/214/2 1197/217/2 1196/216/2 1198/215/2
f 1202/576/1 1196/577/1 1197/578/1 1205/579/1
f 1205/552/6 1197/569/6 1195/570/6 1199/555/6
f 1206/580/5 1199/581/5 1195/582/5 1198/583/5
f 1203/206/3 1204/209/3 1201/208/3 1200/207/3
f 1204/576/1 1202/577/1 1205/578/1 1201/579/1
f 1201/552/6 1205/569/6 1199/570/6 1200/555/6
f 1203/580/5 1200/581/5 1199/582/5 1206/583/5
f 1198/584/4 1196/585/4 1202/586/4 1204/587/4 1203/588/4 1206/589/4
f 1215/590/575 1209/591/576 1210/592/577 1224/593/578
f 1209/594/576 1213/595/579 1214/596/580 1210/597/577
f 1225/598/581 1211/599/582 1212/600/583 1234/601/584
f 1211/602/582 1207/603/585 1208/604/586 1212/605/583
f 1219/606/587 1207/607/585 1211/608/582 1225/609/581
f 1234/610/584 1212/611/583 1208/612/586 1220/613/588
f 1214/614/580 1230/615/589 1224/616/578 1210/617/577
f 1230/618/589 1231/619/590 1223/620/591 1224/621/578
f 1231/622/590 1232/623/592 1222/624/593 1223/625/591
f 1232/626/592 1233/627/594 1221/628/595 1222/629/593
f 1233/630/594 1234/631/584 1220/632/588 1221/633/595
f 1209/634/576 1215/635/575 1229/636/596 1213/637/579
f 1215/638/575 1216/639/597 1228/640/598 1229/641/596
f 1216/642/597 1217/643/599 1227/644/600 1228/645/598
f 1217/646/599 1218/647/601 1226/648/602 1227/649/600
f 1218/650/601 1219/651/587 1225/652/581 1226/653/602
f 1213/654/579 1229/655/596 1230/656/589 1214/657/580
f 1229/655/596 1228/658/598 1231/659/590 1230/660/589
f 1228/658/598 1227/661/600 1232/662/592 1231/659/590
f 1227/661/600 1226/663/602 1233/664/594 1232/665/592
f 1226/663/602 1225/666/581 1234/667/584 1233/668/594
f 1207/669/585 1219/670/587 1220/671/588 1208/672/586
f 1219/670/587 1218/673/601 1221/674/595 1220/675/588
f 1218/673/601 1217/676/599 1222/677/593 1221/678/595
f 1217/676/599 1216/679/597 1223/680/591 1222/681/593
f 1216/679/597 1215/590/575 1224/682/578 1223/680/591
f 1277/723/605 1271/724/606 1272/725/607 1286/726/608
f 1271/727/606 1275/728/609 1276/729/610 1272/730/607
f 1287/731/611 1273/732/612 1274/733/613 1296/734/614
f 1273/735/612 1269/736/615 1270/737/616 1274/738/613
f 1281/739/617 1269/740/615 1273/741/612 1287/731/611
f 1296/742/614 1274/743/613 1270/744/616 1282/745/618
f 1276/746/610 1292/747/619 1286/726/608 1272/725/607
f 1292/747/619 1293/748/620 1285/749/621 1286/726/608
f 1293/748/620 1294/750/622 1284/751/623 1285/749/621
f 1294/750/622 1295/752/624 1283/753/625 1284/751/623
f 1295/752/624 1296/742/614 1282/745/618 1283/753/625
f 1271/754/606 1277/755/605 1291/756/626 1275/757/609
f 1277/755/605 1278/758/627 1290/759/628 1291/756/626
f 1278/758/627 1279/760/629 1289/761/630 1290/759/628
f 1279/760/629 1280/762/631 1288/763/632 1289/761/630
f 1280/762/631 1281/739/617 1287/731/611 1288/763/632
f 1275/757/609 1291/756/626 1292/764/619 1276/765/610
f 1291/756/626 1290/759/628 1293/766/620 1292/764/619
f 1290/759/628 1289/761/630 1294/767/622 1293/766/620
f 1289/761/630 1288/763/632 1295/768/624 1294/767/622
f 1288/763/632 1287/731/611 1296/734/614 1295/768/624
f 1269/769/615 1281/770/617 1282/745/618 1270/771/616
f 1281/770/617 1280/772/631 1283/753/625 1282/745/618
f 1280/772/631 1279/773/629 1284/751/623 1283/753/625
f 1279/773/629 1278/774/627 1285/749/621 1284/751/623
f 1278/774/627 1277/723/605 1286/726/608 1285/749/621
f 1148/775/6 1147/776/6 1151/777/6 1152/778/6
f 1322/272/461 1321/273/462 1308/274/463 1312/275/464
f 1323/276/465 1311/277/466 1314/278/467 1320/279/633
f 1323/280/465 1322/281/461 1312/282/464 1311/283/466
f 1311/284/466 1312/285/464 1308/286/463 1314/287/467
f 1313/288/469 1310/289/470 1309/290/471 1315/291/472
f 1325/292/473 1324/293/474 1318/294/475 1319/295/476
f 1325/296/473 1319/297/476 1316/298/477 1326/299/478
f 1324/300/474 1327/301/479 1317/302/480 1318/303/475
f 1319/295/476 1318/294/475 1322/281/461 1323/280/465
f 1319/297/476 1323/276/465 1320/279/633 1316/298/477
f 1318/303/475 1317/302/480 1321/273/462 1322/272/461
f 1309/304/471 1310/305/470 1327/301/479 1324/300/474
f 1315/306/472 1325/296/473 1326/299/478 1313/307/469
f 1315/308/472 1309/309/471 1324/293/474 1325/292/473
f 1342/272/481 1341/310/482 1328/311/483 1332/275/484
f 1343/276/485 1331/277/486 1334/312/487 1340/313/634
f 1343/314/485 1342/131/481 1332/315/484 1331/316/486
f 1331/317/486 1332/318/484 1328/319/483 1334/320/487
f 1333/321/489 1330/322/490 1329/323/491 1335/324/492
f 1345/325/635 1344/326/494 1338/327/495 1339/328/496
f 1345/296/635 1339/297/496 1336/329/497 1346/330/498
f 1344/300/494 1347/331/499 1337/332/500 1338/333/495
f 1339/328/496 1338/327/495 1342/131/481 1343/314/485
f 1339/297/496 1343/276/485 1340/313/634 1336/329/497
f 1338/333/495 1337/332/500 1341/310/482 1342/272/481
f 1329/304/491 1330/334/490 1347/331/499 1344/300/494
f 1335/306/492 1345/296/635 1346/330/498 1333/335/489
f 1335/336/492 1329/337/491 1344/326/494 1345/325/635
f 1362/338/501 1361/339/502 1348/340/243 1352/341/376
f 1363/342/503 1351/343/504 1354/344/239 1360/345/505
f 1363/346/503 1362/347/501 1352/348/376 1351/349/504
f 1365/350/506 1364/351/507 1358/352/381 1359/353/508
f 1365/354/506 1359/355/508 1356/356/252 1366/357/509
f 1364/358/507 1367/359/510 1357/360/249 1358/361/381
f 1359/353/508 1358/352/381 1362/347/501 1363/346/503
f 1359/355/508 1363/342/503 1360/362/505 1356/363/252
f 1358/361/381 1357/364/249 1361/365/502 1362/338/501
f 1349/366/511 1350/367/512 1367/368/510 1364/358/507
f 1355/369/513 1365/354/506 1366/370/509 1353/371/514
f 1355/372/513 1349/373/511 1364/351/507 1365/350/506
f 1382/374/392 1381/375/515 1368/376/263 1372/377/393
f 1383/378/516 1371/379/517 1374/380/259 1380/381/518
f 1383/382/516 1382/383/392 1372/384/393 1371/385/517
f 1385/386/519 1384/387/520 1378/388/398 1379/389/521
f 1385/390/519 1379/391/521 1376/392/272 1386/393/522
f 1384/394/520 1387/395/523 1377/396/269 1378/397/398
f 1379/389/521 1378/388/398 1382/383/392 1383/382/516
f 1379/391/521 1383/378/516 1380/398/518 1376/399/272
f 1378/397/398 1377/400/269 1381/401/515 1382/374/392
f 1369/402/524 1370/403/525 1387/404/523 1384/394/520
f 1375/405/526 1385/390/519 1386/406/522 1373/407/527
f 1375/408/526 1369/409/524 1384/387/520 1385/386/519
f 1395/410/528 1394/411/529 1390/412/530 1389/413/531
f 1397/414/532 1396/415/533 1392/416/534 1393/417/535
f 1393/417/535 1392/416/534 1394/411/529 1395/410/528
f 1391/418/536 1388/419/537 1396/415/533 1397/414/532
f 1391/418/536 1397/414/532 1407/420/538 1398/421/539
f 1388/422/537 1400/423/540 1406/424/541 1396/425/533
f 1392/426/534 1403/427/542 1405/428/543 1394/429/529
f 1393/417/535 1395/410/528 1404/430/544 1402/431/545
f 1396/425/533 1406/424/541 1403/427/542 1392/426/534
f 1397/414/532 1393/417/535 1402/431/545 1407/420/538
f 1395/410/528 1389/413/531 1401/432/546 1404/430/544
f 1394/429/529 1405/428/543 1399/433/547 1390/434/530
f 1408/435/548 1411/436/549 1412/437/550 1409/438/551
f 1410/439/552 1408/440/548 1409/441/551 1416/442/553
f 1409/438/551 1412/437/550 1413/443/554 1414/444/555
f 1416/442/553 1409/441/551 1414/445/555 1415/446/556
f 1416/442/553 1415/446/556 1417/447/557 1418/448/558
f 1410/439/552 1416/442/553 1418/448/558 1419/449/559
f 1420/422/548 1423/423/549 1424/424/550 1421/425/551
f 1422/418/552 1420/419/548 1421/415/551 1428/414/553
f 1421/425/551 1424/424/550 1425/427/554 1426/426/555
f 1428/414/553 1421/415/551 1426/416/555 1427/417/556
f 1428/414/553 1427/417/556 1429/431/557 1430/420/558
f 1422/418/552 1428/414/553 1430/420/558 1431/421/559
f 1432/450/560 1435/451/561 1436/452/562 1433/453/563
f 1434/454/564 1432/455/560 1433/456/563 1440/457/565
f 1433/453/563 1436/452/562 1437/458/566 1438/459/567
f 1440/457/565 1433/456/563 1438/460/567 1439/461/568
f 1440/457/565 1439/461/568 1441/462/569 1442/463/570
f 1434/454/564 1440/457/565 1442/463/570 1443/464/571
f 1446/465/564 1444/466/572 1445/467/573 1449/468/565
f 1449/468/565 1445/467/573 1447/469/574 1448/470/568
f 1449/468/565 1448/470/568 1450/471/569 1451/472/570
f 1446/465/564 1449/468/565 1451/472/570 1452/473/571
f 1453/779/1 1455/780/1 1454/781/1 1456/215/1
f 1460/576/3 1454/782/3 1455/783/3 1463/579/3
f 1463/552/6 1455/784/6 1453/785/6 1457/555/6
f 1464/580/2 1457/581/2 1453/786/2 1456/787/2
f 1461/206/5 1462/209/5 1459/208/5 1458/207/5
f 1462/788/3 1460/577/3 1463/578/3 1459/789/3
f 1459/790/6 1463/569/6 1457/570/6 1458/791/6
f 1461/792/2 1458/793/2 1457/582/2 1464/583/2
f 1465/794/1 1468/795/1 1466/796/1 1467/797/1
f 1468/794/1 1469/795/1 1470/796/1 1466/797/1
f 1471/794/5 1474/795/5 1472/796/5 1473/797/5
f 1474/794/5 1475/795/5 1476/796/5 1472/797/5
f 1477/794/4 1480/795/4 1478/796/4 1479/797/4
f 1480/794/4 1481/795/4 1482/796/4 1478/797/4
f 1483/794/4 1486/795/4 1484/796/4 1485/797/4
f 1486/794/4 1487/795/4 1488/796/4 1484/797/4
f 1489/794/6 1490/795/6 1491/796/6 1492/797/6
f 1493/794/6 1494/795/6 1495/796/6 1496/797/6
f 1497/794/5 1499/797/5 1500/796/5 1498/795/5
f 1498/794/5 1500/797/5 1501/798/5 1506/799/5
f 1502/794/6 1503/795/6 1504/796/6 1505/797/6
f 1503/794/6 1506/795/6 1501/796/6 1504/797/6
f 1507/794/1 1509/795/1 1510/796/1 1508/797/1
f 1509/794/1 1511/799/1 1512/798/1 1510/797/1
f 1535/272/636 1534/800/636 1513/801/636 1517/275/636
f 1533/802/637 1519/803/637 1513/804/637 1534/805/637
f 1536/276/638 1516/277/638 1519/806/638 1533/807/638
f 1536/280/639 1535/808/639 1517/809/639 1516/283/639
f 1516/284/3 1517/285/3 1513/286/3 1519/287/3
f 1518/288/2 1515/289/2 1514/290/2 1520/291/2
f 1526/292/640 1525/810/640 1523/811/641 1524/295/642
f 1526/296/643 1524/297/644 1521/812/644 1527/813/645
f 1527/814/646 1521/815/647 1522/816/647 1528/817/646
f 1525/300/648 1528/818/648 1522/819/649 1523/303/649
f 1529/820/650 1532/821/650 1528/818/650 1525/300/650
f 1531/822/651 1527/814/646 1528/817/646 1532/823/651
f 1530/824/652 1526/296/643 1527/813/645 1531/825/652
f 1530/826/653 1529/827/653 1525/810/653 1526/292/653
f 1520/308/654 1514/828/654 1529/827/654 1530/826/654
f 1520/306/655 1530/824/655 1531/825/655 1518/829/655
f 1518/830/656 1531/822/656 1532/823/656 1515/831/656
f 1514/304/657 1515/832/657 1532/821/657 1529/820/657
f 1524/295/642 1523/811/641 1535/808/658 1536/280/658
f 1524/297/644 1536/276/659 1533/807/659 1521/812/644
f 1521/815/647 1533/802/660 1534/805/660 1522/816/647
f 1523/303/649 1522/819/649 1534/800/661 1535/272/661
f 1559/272/636 1558/800/636 1537/801/636 1541/275/636
f 1557/802/637 1543/803/637 1537/804/637 1558/805/637
f 1560/276/638 1540/277/638 1543/806/638 1557/807/638
f 1560/280/639 1559/808/639 1541/809/639 1540/283/639
f 1540/284/3 1541/285/3 1537/286/3 1543/287/3
f 1542/288/2 1539/289/2 1538/290/2 1544/291/2
f 1550/292/640 1549/810/640 1547/811/641 1548/295/642
f 1550/296/643 1548/297/644 1545/812/644 1551/813/645
f 1551/814/646 1545/815/647 1546/816/647 1552/817/646
f 1549/300/648 1552/818/648 1546/819/649 1547/303/649
f 1553/820/650 1556/821/650 1552/818/650 1549/300/650
f 1555/822/651 1551/814/646 1552/817/646 1556/823/651
f 1554/824/652 1550/296/643 1551/813/645 1555/825/652
f 1554/826/653 1553/827/653 1549/810/653 1550/292/653
f 1544/308/654 1538/828/654 1553/827/654 1554/826/654
f 1544/306/655 1554/824/655 1555/825/655 1542/829/655
f 1542/830/656 1555/822/656 1556/823/656 1539/831/656
f 1538/304/657 1539/832/657 1556/821/657 1553/820/657
f 1548/295/642 1547/811/641 1559/808/658 1560/280/658
f 1548/297/644 1560/276/659 1557/807/659 1545/812/644
f 1545/815/647 1557/802/660 1558/805/660 1546/816/647
f 1547/303/649 1546/819/649 1558/800/661 1559/272/661
f 1583/272/636 1582/800/636 1561/801/636 1565/275/636
f 1581/802/637 1567/803/637 1561/804/637 1582/805/637
f 1584/276/638 1564/277/638 1567/806/638 1581/807/638
f 1584/280/639 1583/808/639 1565/809/639 1564/283/639
f 1564/284/3 1565/285/3 1561/286/3 1567/287/3
f 1566/288/2 1563/289/2 1562/290/2 1568/291/2
f 1574/292/640 1573/810/640 1571/811/641 1572/295/642
f 1574/296/643 1572/297/644 1569/812/644 1575/813/645
f 1575/814/646 1569/815/647 1570/816/647 1576/817/646
f 1573/300/648 1576/818/648 1570/819/649 1571/303/649
f 1577/820/650 1580/821/650 1576/818/650 1573/300/650
f 1579/822/651 1575/814/646 1576/817/646 1580/823/651
f 1578/824/652 1574/296/643 1575/813/645 1579/825/652
f 1578/826/653 1577/827/653 1573/810/653 1574/292/653
f 1568/308/654 1562/828/654 1577/827/654 1578/826/654
f 1568/306/655 1578/824/655 1579/825/655 1566/829/655
f 1566/830/656 1579/822/656 1580/823/656 1563/831/656
f 1562/304/657 1563/832/657 1580/821/657 1577/820/657
f 1572/295/642 1571/811/641 1583/808/658 1584/280/658
f 1572/297/644 1584/276/659 1581/807/659 1569/812/644
f 1569/815/647 1581/802/660 1582/805/660 1570/816/647
f 1571/303/649 1570/819/649 1582/800/661 1583/272/661
f 1607/272/636 1606/800/636 1585/801/636 1589/275/636
f 1605/802/637 1591/803/637 1585/804/637 1606/805/637
f 1608/276/638 1588/277/638 1591/806/638 1605/807/638
f 1608/280/639 1607/808/639 1589/809/639 1588/283/639
f 1588/284/3 1589/285/3 1585/286/3 1591/287/3
f 1590/288/2 1587/289/2 1586/290/2 1592/291/2
f 1598/292/640 1597/810/640 1595/811/641 1596/295/642
f 1598/296/643 1596/297/644 1593/812/644 1599/813/645
f 1599/814/646 1593/815/647 1594/816/647 1600/817/646
f 1597/300/648 1600/818/648 1594/819/649 1595/303/649
f 1601/820/650 1604/821/650 1600/818/650 1597/300/650
f 1603/822/651 1599/814/646 1600/817/646 1604/823/651
f 1602/824/652 1598/296/643 1599/813/645 1603/825/652
f 1602/826/653 1601/827/653 1597/810/653 1598/292/653
f 1592/308/654 1586/828/654 1601/827/654 1602/826/654
f 1592/306/655 1602/824/655 1603/825/655 1590/829/655
f 1590/830/656 1603/822/656 1604/823/656 1587/831/656
f 1586/304/657 1587/832/657 1604/821/657 1601/820/657
f 1596/295/642 1595/811/641 1607/808/658 1608/280/658
f 1596/297/644 1608/276/659 1605/807/659 1593/812/644
f 1593/815/647 1605/802/660 1606/805/660 1594/816/647
f 1595/303/649 1594/819/649 1606/800/661 1607/272/661
f 1631/272/636 1630/800/636 1609/801/636 1613/275/636
f 1629/802/637 1615/803/637 1609/804/637 1630/805/637
f 1632/276/638 1612/277/638 1615/806/638 1629/807/638
f 1632/280/639 1631/808/639 1613/809/639 1612/283/639
f 1612/284/3 1613/285/3 1609/286/3 1615/287/3
f 1614/288/2 1611/289/2 1610/290/2 1616/291/2
f 1622/292/640 1621/810/640 1619/811/641 1620/295/642
f 1622/296/643 1620/297/644 1617/812/644 1623/813/645
f 1623/814/646 1617/815/647 1618/816/647 1624/817/646
f 1621/300/648 1624/818/648 1618/819/649 1619/303/649
f 1625/820/650 1628/821/650 1624/818/650 1621/300/650
f 1627/822/651 1623/814/646 1624/817/646 1628/823/651
f 1626/824/652 1622/296/643 1623/813/645 1627/825/652
f 1626/826/653 1625/827/653 1621/810/653 1622/292/653
f 1616/308/654 1610/828/654 1625/827/654 1626/826/654
f 1616/306/655 1626/824/655 1627/825/655 1614/829/655
f 1614/830/656 1627/822/656 1628/823/656 1611/831/656
f 1610/304/657 1611/832/657 1628/821/657 1625/820/657
f 1620/295/642 1619/811/641 1631/808/658 1632/280/658
f 1620/297/644 1632/276/659 1629/807/659 1617/812/644
f 1617/815/647 1629/802/660 1630/805/660 1618/816/647
f 1619/303/649 1618/819/649 1630/800/661 1631/272/661
f 1655/272/662 1654/800/662 1633/801/663 1637/275/663
f 1653/802/664 1639/803/665 1633/804/665 1654/805/664
f 1656/276/666 1636/277/667 1639/806/667 1653/807/666
f 1656/280/668 1655/808/668 1637/809/669 1636/283/669
f 1636/284/3 1637/285/3 1633/286/3 1639/287/3
f 1638/288/2 1635/289/2 1634/290/2 1640/291/2
f 1646/292/640 1645/810/640 1643/811/640 1644/295/640
f 1646/296/643 1644/297/670 1641/812/670 1647/813/645
f 1647/814/646 1641/815/671 1642/816/671 1648/817/646
f 1645/300/648 1648/818/648 1642/819/672 1643/303/672
f 1649/820/650 1652/821/650 1648/818/650 1645/300/650
f 1651/822/651 1647/814/646 1648/817/646 1652/823/651
f 1650/824/652 1646/296/643 1647/813/645 1651/825/652
f 1650/826/653 1649/827/653 1645/810/653 1646/292/653
f 1640/308/654 1634/828/654 1649/827/654 1650/826/654
f 1640/306/655 1650/824/655 1651/825/655 1638/829/655
f 1638/830/656 1651/822/656 1652/823/656 1635/831/656
f 1634/304/657 1635/832/657 1652/821/657 1649/820/657
f 1644/295/673 1643/811/673 1655/808/668 1656/280/668
f 1644/297/670 1656/276/666 1653/807/666 1641/812/670
f 1641/815/671 1653/802/664 1654/805/664 1642/816/671
f 1643/303/672 1642/819/672 1654/800/662 1655/272/662
f 1679/272/662 1678/800/662 1657/801/663 1661/275/663
f 1677/802/664 1663/803/665 1657/804/665 1678/805/664
f 1680/276/666 1660/277/667 1663/806/667 1677/807/666
f 1680/280/668 1679/808/668 1661/809/669 1660/283/669
f 1660/284/3 1661/285/3 1657/286/3 1663/287/3
f 1662/288/2 1659/289/2 1658/290/2 1664/291/2
f 1670/292/640 1669/810/640 1667/811/640 1668/295/640
f 1670/296/643 1668/297/670 1665/812/670 1671/813/645
f 1671/814/646 1665/815/671 1666/816/671 1672/817/646
f 1669/300/648 1672/818/648 1666/819/672 1667/303/672
f 1673/820/650 1676/821/650 1672/818/650 1669/300/650
f 1675/822/651 1671/814/646 1672/817/646 1676/823/651
f 1674/824/652 1670/296/643 1671/813/645 1675/825/652
f 1674/826/653 1673/827/653 1669/810/653 1670/292/653
f 1664/308/654 1658/828/654 1673/827/654 1674/826/654
f 1664/306/655 1674/824/655 1675/825/655 1662/829/655
f 1662/830/656 1675/822/656 1676/823/656 1659/831/656
f 1658/304/657 1659/832/657 1676/821/657 1673/820/657
f 1668/295/673 1667/811/673 1679/808/668 1680/280/668
f 1668/297/670 1680/276/666 1677/807/666 1665/812/670
f 1665/815/671 1677/802/664 1678/805/664 1666/816/671
f 1667/303/672 1666/819/672 1678/800/662 1679/272/662
f 1703/272/662 1702/800/662 1681/801/663 1685/275/663
f 1701/802/664 1687/803/665 1681/804/665 1702/805/664
f 1704/276/666 1684/277/667 1687/806/667 1701/807/666
f 1704/280/668 1703/808/668 1685/809/669 1684/283/669
f 1684/284/3 1685/285/3 1681/286/3 1687/287/3
f 1686/288/2 1683/289/2 1682/290/2 1688/291/2
f 1694/292/640 1693/810/640 1691/811/640 1692/295/640
f 1694/296/643 1692/297/670 1689/812/670 1695/813/645
f 1695/814/646 1689/815/671 1690/816/671 1696/817/646
f 1693/300/648 1696/818/648 1690/819/672 1691/303/672
f 1697/820/650 1700/821/650 1696/818/650 1693/300/650
f 1699/822/651 1695/814/646 1696/817/646 1700/823/651
f 1698/824/652 1694/296/643 1695/813/645 1699/825/652
f 1698/826/653 1697/827/653 1693/810/653 1694/292/653
f 1688/308/654 1682/828/654 1697/827/654 1698/826/654
f 1688/306/655 1698/824/655 1699/825/655 1686/829/655
f 1686/830/656 1699/822/656 1700/823/656 1683/831/656
f 1682/304/657 1683/832/657 1700/821/657 1697/820/657
f 1692/295/673 1691/811/673 1703/808/668 1704/280/668
f 1692/297/670 1704/276/666 1701/807/666 1689/812/670
f 1689/815/671 1701/802/664 1702/805/664 1690/816/671
f 1691/303/672 1690/819/672 1702/800/662 1703/272/662
f 1706/304/4 1707/832/4 1705/833/4 1709/834/4
f 1710/830/1 1711/835/1 1705/836/1 1707/831/1
f 1712/306/6 1708/837/6 1711/838/6 1710/829/6
f 1712/308/5 1706/828/5 1709/839/5 1708/840/5
f 1708/284/3 1709/285/3 1705/286/3 1711/287/3
f 1710/288/2 1707/289/2 1706/290/2 1712/291/2
f 1714/304/4 1715/832/4 1713/833/4 1717/834/4
f 1718/830/1 1719/835/1 1713/836/1 1715/831/1
f 1720/306/6 1716/837/6 1719/838/6 1718/829/6
f 1720/308/5 1714/828/5 1717/839/5 1716/840/5
f 1716/284/3 1717/285/3 1713/286/3 1719/287/3
f 1718/288/2 1715/289/2 1714/290/2 1720/291/2
f 1722/304/4 1723/832/4 1721/833/4 1725/834/4
f 1726/830/1 1727/835/1 1721/836/1 1723/831/1
f 1728/306/6 1724/837/6 1727/838/6 1726/829/6
f 1728/308/5 1722/828/5 1725/839/5 1724/840/5
f 1724/284/3 1725/285/3 1721/286/3 1727/287/3
f 1726/288/2 1723/289/2 1722/290/2 1728/291/2
f 1730/304/4 1731/832/4 1729/833/4 1733/834/4
f 1734/830/1 1735/835/1 1729/836/1 1731/831/1
f 1736/306/6 1732/837/6 1735/838/6 1734/829/6
f 1736/308/5 1730/828/5 1733/839/5 1732/840/5
f 1732/284/3 1733/285/3 1729/286/3 1735/287/3
f 1734/288/2 1731/289/2 1730/290/2 1736/291/2
f 1738/304/4 1739/832/4 1737/833/4 1741/834/4
f 1742/830/1 1743/835/1 1737/836/1 1739/831/1
f 1744/306/6 1740/837/6 1743/838/6 1742/829/6
f 1744/308/5 1738/828/5 1741/839/5 1740/840/5
f 1740/284/3 1741/285/3 1737/286/3 1743/287/3
f 1742/288/2 1739/289/2 1738/290/2 1744/291/2
f 1746/304/4 1747/832/4 1745/833/4 1749/834/4
f 1750/830/1 1751/835/1 1745/836/1 1747/831/1
f 1752/306/6 1748/837/6 1751/838/6 1750/829/6
f 1752/308/5 1746/828/5 1749/839/5 1748/840/5
f 1748/284/3 1749/285/3 1745/286/3 1751/287/3
f 1750/288/2 1747/289/2 1746/290/2 1752/291/2
f 1754/304/4 1755/832/4 1753/833/4 1757/834/4
f 1758/830/1 1759/835/1 1753/836/1 1755/831/1
f 1760/306/6 1756/837/6 1759/838/6 1758/829/6
f 1760/308/5 1754/828/5 1757/839/5 1756/840/5
f 1756/284/3 1757/285/3 1753/286/3 1759/287/3
f 1758/288/2 1755/289/2 1754/290/2 1760/291/2
f 1762/304/6 1763/832/6 1761/833/6 1765/834/6
f 1766/830/5 1767/835/5 1761/836/5 1763/831/5
f 1768/306/4 1764/837/4 1767/838/4 1766/829/4
f 1768/308/1 1762/828/1 1765/839/1 1764/840/1
f 1764/284/3 1765/285/3 1761/286/3 1767/287/3
f 1766/288/2 1763/289/2 1762/290/2 1768/291/2
f 1770/841/674 1771/842/675 1772/843/676 1769/844/677
f 1774/845/678 1775/846/679 1776/847/680 1773/848/681
f 1773/849/681 1776/850/680 1772/851/676 1771/852/675
f 1777/853/682 1778/854/683 1779/855/684 1780/856/685
f 1782/857/5 1779/858/684 1778/859/683 1781/860/674
f 1772/861/676 1776/862/680 1775/863/679 1769/864/677
f 1777/865/682 1783/866/686 1781/867/674 1778/868/683
f 1785/869/687 1786/870/688 1787/871/689 1784/872/690
f 1780/873/685 1788/874/691 1783/875/686 1777/876/682
f 1790/877/5 1782/857/5 1781/860/674 1789/878/674
f 1783/866/686 1791/879/675 1789/880/674 1781/867/674
f 1793/881/692 1794/882/693 1795/883/694 1792/884/695
f 1788/874/691 1796/885/696 1791/886/675 1783/875/686
f 1774/887/678 1790/888/5 1789/889/674 1770/890/674
f 1791/879/675 1771/842/675 1770/841/674 1789/880/674
f 1798/891/697 1799/892/698 1800/893/699 1797/894/700
f 1796/895/696 1773/849/681 1771/852/675 1791/896/675
f 1769/897/677 1775/898/679 1774/887/678 1770/890/674
f 1779/855/684 1801/899/701 1802/900/702 1780/856/685
f 1782/857/5 1803/901/5 1801/902/701 1779/858/684
f 1790/877/5 1798/903/697 1803/901/5 1782/857/5
f 1774/887/678 1799/904/698 1798/905/697 1790/888/5
f 1774/906/678 1773/907/681 1800/908/699 1799/909/698
f 1773/849/681 1796/895/696 1797/910/700 1800/911/699
f 1788/874/691 1804/912/1 1797/913/700 1796/885/696
f 1788/874/691 1780/873/685 1802/914/702 1804/912/1
f 1797/915/700 1795/916/694 1794/917/693 1798/918/697
f 1804/912/1 1792/919/695 1795/920/694 1797/913/700
f 1802/914/702 1805/921/703 1792/919/695 1804/912/1
f 1801/899/701 1806/922/704 1805/923/703 1802/900/702
f 1801/902/701 1803/901/5 1793/924/692 1806/925/704
f 1803/901/5 1798/903/697 1794/926/693 1793/924/692
f 1792/927/695 1787/928/689 1786/929/688 1793/930/692
f 1805/921/703 1784/931/690 1787/932/689 1792/919/695
f 1805/923/703 1806/922/704 1785/933/687 1784/934/690
f 1806/925/704 1793/924/692 1786/935/688 1785/936/687
f 1808/937/705 1809/938/706 1810/939/683 1807/940/707
f 1812/941/144 1813/942/708 1814/943/709 1811/944/145
f 1810/945/683 1812/946/144 1811/947/145 1807/948/707
f 1809/949/706 1813/943/708 1812/944/144 1810/950/683
f 1808/947/705 1814/951/709 1813/952/708 1809/953/706
f 1807/954/707 1811/955/145 1814/956/709 1808/957/705
f 1822/958/710 1818/959/711 1815/960/711 1821/961/710
f 1820/962/712 1816/963/713 1817/964/713 1819/965/712
f 1817/966/713 1816/967/713 1815/963/711 1818/964/711
f 1821/968/710 1820/969/712 1819/970/712 1822/971/710
f 1824/972/714 1825/973/715 1826/974/716 1823/975/717
f 1828/976/718 1829/977/719 1830/978/720 1827/979/721
f 1828/976/718 1827/979/721 1823/980/717 1826/981/716
f 1832/982/722 1833/983/723 1834/984/724 1831/985/725
f 1836/986/726 1833/987/723 1832/988/722 1835/989/727
f 1823/990/717 1827/991/721 1830/992/720 1824/993/714
f 1832/994/722 1831/995/725 1837/996/728 1835/997/727
f 1833/998/723 1836/999/726 1838/1000/729 1834/1001/724
f 1834/1001/724 1838/1000/729 1837/1002/728 1831/1003/725
f 1840/1004/730 1836/986/726 1835/989/727 1839/1005/731
f 1839/1006/731 1835/997/727 1837/996/728 1841/1007/732
f 1838/1000/729 1836/999/726 1840/1008/730 1842/1009/733
f 1838/1000/729 1842/1009/733 1841/1010/732 1837/1002/728
f 1829/1011/719 1840/1004/730 1839/1005/731 1825/1012/715
f 1841/1007/732 1826/974/716 1825/973/715 1839/1006/731
f 1842/1009/733 1840/1008/730 1829/977/719 1828/976/718
f 1842/1009/733 1828/976/718 1826/981/716 1841/1010/732
f 1830/1013/720 1829/1011/719 1825/1012/715 1824/1014/714
f 1844/1015/710 1845/1016/712 1846/1017/712 1843/1018/710
f 1848/1019/713 1849/1020/713 1850/1021/711 1847/1022/711
f 1845/1023/712 1849/1021/713 1848/1022/713 1846/1024/712
f 1843/1025/710 1847/1026/711 1850/1027/711 1844/1028/710
f 1852/1029/710 1853/1030/712 1854/1031/712 1851/1032/710
f 1856/1033/713 1857/1034/713 1858/1035/711 1855/1036/711
f 1853/1037/712 1857/1035/713 1856/1036/713 1854/1038/712
f 1851/1039/710 1855/1040/711 1858/1041/711 1852/1042/710
f 1860/1043/710 1861/1044/712 1862/1045/712 1859/1046/710
f 1864/1047/713 1865/1048/713 1866/1049/711 1863/1050/711
f 1861/1051/712 1865/1049/713 1864/1050/713 1862/1052/712
f 1859/1053/710 1863/1054/711 1866/1055/711 1860/1056/710
f 1868/1057/734 1869/1058/735 1870/1059/736 1867/1060/737
f 1872/1061/738 1869/1062/735 1868/1063/734 1871/1064/739
f 1868/1065/734 1867/1066/737 1873/1067/740 1871/1068/739
f 1869/1069/735 1872/1070/738 1874/1071/741 1870/1072/736
f 1870/1072/736 1874/1071/741 1873/1073/740 1867/1074/737
f 1877/1075/742 1889/1076/743 1890/1077/744 1878/1078/745
f 1875/1079/746 1887/1080/747 1889/1076/743 1877/1075/742
f 1878/1081/745 1890/1082/744 1888/1083/748 1876/1084/749
f 1876/1084/749 1888/1083/748 1887/1085/747 1875/1086/746
f 1879/214/1 1882/215/1 1880/216/1 1881/217/1
f 1898/576/3 1901/579/3 1881/578/3 1880/577/3
f 1901/552/4 1895/555/4 1879/570/4 1881/569/4
f 1902/580/2 1882/583/2 1879/582/2 1895/581/2
f 1883/214/1 1885/217/1 1884/216/1 1886/215/1
f 1906/576/3 1884/577/3 1885/578/3 1909/579/3
f 1909/552/6 1885/569/6 1883/570/6 1903/555/6
f 1910/580/2 1903/581/2 1883/582/2 1886/583/2
f 1889/1076/743 1893/1087/750 1894/1088/751 1890/1077/744
f 1887/1080/747 1891/1089/752 1893/1087/750 1889/1076/743
f 1890/1082/744 1894/1090/751 1892/1091/753 1888/1083/748
f 1888/1083/748 1892/1091/753 1891/1092/752 1887/1085/747
f 1899/206/5 1896/207/5 1897/208/5 1900/209/5
f 1900/576/3 1897/579/3 1901/578/3 1898/577/3
f 1897/552/4 1896/555/4 1895/570/4 1901/569/4
f 1899/580/2 1902/583/2 1895/582/2 1896/581/2
f 1907/206/5 1908/209/5 1905/208/5 1904/207/5
f 1908/576/3 1906/577/3 1909/578/3 1905/579/3
f 1905/552/6 1909/569/6 1903/570/6 1904/555/6
f 1907/580/2 1904/581/2 1903/582/2 1910/583/2
f 1979/1093/1 1981/1094/1 1980/1095/1
f 1990/1096/758 1984/1097/759 1985/1098/760 1998/1099/761
f 1984/1100/759 1988/1101/762 1989/1102/763 1985/1103/760
f 1999/1104/764 1986/1105/765 1987/1106/766 2008/1107/767
f 1986/1108/765 1982/1109/768 1983/1110/769 1987/1111/766
f 2009/1112/770 1982/1113/768 1986/1105/765 1999/1104/764
f 2008/1114/767 1987/1115/766 1983/1116/769 1994/1117/771
f 1989/1118/763 2004/1119/772 1998/1099/761 1985/1098/760
f 2004/1119/772 2005/1120/773 1997/1121/774 1998/1099/761
f 2005/1120/773 2006/1122/775 1996/1123/776 1997/1121/774
f 2006/1122/775 2007/1124/777 1995/1125/778 1996/1123/776
f 2007/1124/777 2008/1114/767 1994/1117/771 1995/1125/778
f 1984/1126/759 1990/1127/758 2003/1128/779 1988/1129/762
f 1990/1127/758 1991/1130/780 2002/1131/781 2003/1128/779
f 1991/1130/780 1992/1132/782 2001/1133/783 2002/1131/781
f 1992/1132/782 1993/1134/784 2000/1135/785 2001/1133/783
f 1993/1134/784 2009/1112/770 1999/1104/764 2000/1135/785
f 1988/1129/762 2003/1128/779 2004/1136/772 1989/1137/763
f 2003/1128/779 2002/1131/781 2005/1138/773 2004/1136/772
f 2002/1131/781 2001/1133/783 2006/1139/775 2005/1138/773
f 2001/1133/783 2000/1135/785 2007/1140/777 2006/1139/775
f 2000/1135/785 1999/1104/764 2008/1107/767 2007/1140/777
f 1982/1141/768 2009/1142/770 1994/1117/771 1983/1116/769
f 2009/1142/770 1993/1143/784 1995/1125/778 1994/1117/771
f 1993/1143/784 1992/1144/782 1996/1123/776 1995/1125/778
f 1992/1144/782 1991/1145/780 1997/1121/774 1996/1123/776
f 1991/1145/780 1990/1096/758 1998/1099/761 1997/1121/774
f 2018/1146/786 2012/724/787 2013/1147/788 2027/1148/789
f 2012/1149/787 2016/728/790 2017/729/791 2013/730/788
f 2028/1150/792 2014/1151/793 2015/1152/794 2037/734/795
f 2014/1153/793 2010/1154/796 2011/1155/797 2015/1156/794
f 2022/1157/798 2010/1158/796 2014/1159/793 2028/1150/792
f 2037/1160/795 2015/1161/794 2011/1162/797 2023/1163/799
f 2017/1164/791 2033/747/800 2027/1148/789 2013/1147/788
f 2033/747/800 2034/1165/801 2026/749/802 2027/1148/789
f 2034/1165/801 2035/750/803 2025/751/804 2026/749/802
f 2035/750/803 2036/1166/805 2024/753/806 2025/751/804
f 2036/1166/805 2037/1160/795 2023/1163/799 2024/753/806
f 2012/754/787 2018/755/786 2032/756/807 2016/757/790
f 2018/755/786 2019/1167/808 2031/1168/809 2032/756/807
f 2019/1167/808 2020/1169/810 2030/1170/811 2031/1168/809
f 2020/1169/810 2021/1171/812 2029/1172/813 2030/1170/811
f 2021/1171/812 2022/1157/798 2028/1150/792 2029/1172/813
f 2016/757/790 2032/756/807 2033/1173/800 2017/765/791
f 2032/756/807 2031/1168/809 2034/1174/801 2033/1173/800
f 2031/1168/809 2030/1170/811 2035/767/803 2034/1174/801
f 2030/1170/811 2029/1172/813 2036/768/805 2035/767/803
f 2029/1172/813 2028/1150/792 2037/734/795 2036/768/805
f 2010/1175/796 2022/770/798 2023/1163/799 2011/1176/797
f 2022/770/798 2021/1177/812 2024/753/806 2023/1163/799
f 2021/1177/812 2020/773/810 2025/751/804 2024/753/806
f 2020/773/810 2019/1178/808 2026/749/802 2025/751/804
f 2019/1178/808 2018/1146/786 2027/1148/789 2026/749/802
f 2042/1179/814 2038/1180/815 2039/1181/816 2045/1182/817
f 2038/1183/815 2040/1184/818 2041/1185/819 2039/1186/816
f 2041/1187/819 2048/1188/820 2045/1182/817 2039/1181/816
f 2048/1189/820 2049/1190/821 2044/1191/822 2045/1192/817
f 2038/1193/815 2042/1194/814 2047/1195/823 2040/1196/818
f 2042/1194/814 2043/1197/824 2046/1198/825 2047/1195/823
f 2040/1196/818 2047/1195/823 2048/1199/820 2041/1200/819
f 2047/1195/823 2046/1201/825 2049/1202/821 2048/1199/820
f 2043/1203/824 2042/1179/814 2045/1182/817 2044/1204/822
f 2054/206/5 2051/207/5 2052/208/5 2055/209/5
f 2050/214/1 2057/215/1 2053/216/1 2056/217/1
f 2055/1205/3 2052/1206/3 2056/1207/3 2053/1208/3
f 2052/218/4 2051/219/4 2050/220/4 2056/221/4
f 2054/260/2 2057/261/2 2050/262/2 2051/263/2
f 2062/206/5 2063/209/5 2060/208/5 2059/207/5
f 2058/214/1 2064/217/1 2061/216/1 2065/215/1
f 2063/222/3 2061/225/3 2064/224/3 2060/223/3
f 2060/218/6 2064/221/6 2058/220/6 2059/219/6
f 2062/260/2 2059/263/2 2058/262/2 2065/261/2
f 2072/1209/2 2066/1210/2 2067/1211/2 2068/1212/2
f 2069/1213/1 2068/1214/1 2067/1215/1 2071/1216/1
f 2073/1217/3 2069/1218/3 2071/1219/3 2070/1220/3
f 2072/13/4 2068/14/4 2069/15/4 2073/16/4
f 2067/21/6 2066/22/6 2070/23/6 2071/24/6
f 2116/1093/5 2118/1094/5 2117/1095/5
f 2127/1236/833 2121/1237/834 2122/1238/835 2135/1239/836
f 2121/1240/834 2125/1241/837 2126/1242/838 2122/1243/835
f 2136/1104/839 2123/1105/840 2124/1106/841 2145/1107/842
f 2123/1244/840 2119/1245/843 2120/1246/844 2124/1247/841
f 2146/1112/845 2119/1113/843 2123/1105/840 2136/1104/839
f 2145/1248/842 2124/1249/841 2120/1250/844 2131/1251/846
f 2126/1252/838 2141/1253/847 2135/1239/836 2122/1238/835
f 2141/1253/847 2142/1254/848 2134/1255/849 2135/1239/836
f 2142/1254/848 2143/1256/850 2133/1257/851 2134/1255/849
f 2143/1256/850 2144/1258/852 2132/1259/853 2133/1257/851
f 2144/1258/852 2145/1248/842 2131/1251/846 2132/1259/853
f 2121/1260/834 2127/1127/833 2140/1128/854 2125/1261/837
f 2127/1127/833 2128/1130/855 2139/1131/856 2140/1128/854
f 2128/1130/855 2129/1132/857 2138/1133/858 2139/1131/856
f 2129/1132/857 2130/1134/859 2137/1135/860 2138/1133/858
f 2130/1134/859 2146/1112/845 2136/1104/839 2137/1135/860
f 2125/1261/837 2140/1128/854 2141/1136/847 2126/1262/838
f 2140/1128/854 2139/1131/856 2142/1138/848 2141/1136/847
f 2139/1131/856 2138/1133/858 2143/1139/850 2142/1138/848
f 2138/1133/858 2137/1135/860 2144/1140/852 2143/1139/850
f 2137/1135/860 2136/1104/839 2145/1107/842 2144/1140/852
f 2119/1263/843 2146/1264/845 2131/1251/846 2120/1250/844
f 2146/1264/845 2130/1265/859 2132/1259/853 2131/1251/846
f 2130/1265/859 2129/1266/857 2133/1257/851 2132/1259/853
f 2129/1266/857 2128/1267/855 2134/1255/849 2133/1257/851
f 2128/1267/855 2127/1236/833 2135/1239/836 2134/1255/849
f 2155/1268/861 2149/1269/862 2150/1270/863 2164/1271/864
f 2149/1272/862 2153/1273/865 2154/1274/866 2150/1275/863
f 2165/1150/867 2151/1276/868 2152/1277/869 2174/734/870
f 2151/1278/868 2147/1279/871 2148/1280/872 2152/1281/869
f 2159/1157/873 2147/1282/871 2151/1283/868 2165/1150/867
f 2174/1284/870 2152/1285/869 2148/1286/872 2160/1287/874
f 2154/1288/866 2170/1289/875 2164/1271/864 2150/1270/863
f 2170/1289/875 2171/1290/876 2163/1291/877 2164/1271/864
f 2171/1290/876 2172/1292/878 2162/1293/879 2163/1291/877
f 2172/1292/878 2173/1294/880 2161/1295/881 2162/1293/879
f 2173/1294/880 2174/1284/870 2160/1287/874 2161/1295/881
f 2149/754/862 2155/755/861 2169/756/882 2153/757/865
f 2155/755/861 2156/1167/883 2168/1168/884 2169/756/882
f 2156/1167/883 2157/1169/885 2167/1170/886 2168/1168/884
f 2157/1169/885 2158/1171/887 2166/1172/888 2167/1170/886
f 2158/1171/887 2159/1157/873 2165/1150/867 2166/1172/888
f 2153/757/865 2169/756/882 2170/1173/875 2154/765/866
f 2169/756/882 2168/1168/884 2171/1174/876 2170/1173/875
f 2168/1168/884 2167/1170/886 2172/767/878 2171/1174/876
f 2167/1170/886 2166/1172/888 2173/768/880 2172/767/878
f 2166/1172/888 2165/1150/867 2174/734/870 2173/768/880
f 2147/1296/871 2159/1297/873 2160/1287/874 2148/1298/872
f 2159/1297/873 2158/1299/887 2161/1295/881 2160/1287/874
f 2158/1299/887 2157/1300/885 2162/1293/879 2161/1295/881
f 2157/1300/885 2156/1301/883 2163/1291/877 2162/1293/879
f 2156/1301/883 2155/1268/861 2164/1271/864 2163/1291/877
f 2179/1179/889 2175/1180/890 2176/1181/891 2182/1182/892
f 2175/1183/890 2177/1184/893 2178/1185/894 2176/1186/891
f 2178/1187/894 2185/1188/895 2182/1182/892 2176/1181/891
f 2185/1189/895 2186/1190/896 2181/1191/897 2182/1192/892
f 2175/1193/890 2179/1194/889 2184/1195/898 2177/1196/893
f 2179/1194/889 2180/1197/899 2183/1198/900 2184/1195/898
f 2177/1196/893 2184/1195/898 2185/1199/895 2178/1200/894
f 2184/1195/898 2183/1201/900 2186/1202/896 2185/1199/895
f 2180/1203/899 2179/1179/889 2182/1182/892 2181/1204/897
f 2191/1302/1 2188/1303/1 2189/1304/1 2192/1305/1
f 2187/1306/5 2194/1307/5 2190/1308/5 2193/1309/5
f 2192/1310/3 2189/1311/3 2193/1312/3 2190/1313/3
f 2189/1314/6 2188/1315/6 2187/1316/6 2193/1317/6
f 2191/1318/2 2194/1319/2 2187/1320/2 2188/1321/2
f 2199/1322/1 2200/1323/1 2197/1324/1 2196/1325/1
f 2195/1326/5 2201/1327/5 2198/1328/5 2202/1329/5
f 2200/1330/3 2198/1331/3 2201/1332/3 2197/1333/3
f 2197/1334/4 2201/1335/4 2195/1336/4 2196/1337/4
f 2199/1338/2 2196/1339/2 2195/1340/2 2202/1341/2
f 2209/1342/2 2203/1343/2 2204/1344/2 2205/1345/2
f 2206/1346/5 2205/1347/5 2204/1348/5 2208/1349/5
f 2210/1350/3 2206/1351/3 2208/1352/3 2207/1353/3
f 2209/1354/6 2205/1355/6 2206/1356/6 2210/1357/6
f 2204/1358/4 2203/1359/4 2207/1360/4 2208/1361/4
usemtl Window.006
f 295/264/4 298/265/4 299/266/4 297/267/4 301/268/4 302/269/4 300/270/4 296/271/4
f 548/264/1 551/265/1 552/266/1 550/267/1 554/268/1 555/269/1 553/270/1 549/271/1
f 737/264/4 740/265/4 741/266/4 739/267/4 743/268/4 744/269/4 742/270/4 738/271/4
f 966/264/6 969/265/6 970/266/6 968/267/6 972/268/6 973/269/6 971/270/6 967/271/6
f 1300/264/6 1303/265/6 1304/266/6 1302/267/6 1306/268/6 1307/269/6 1305/270/6 1301/271/6
usemtl ROOFM.006
f 239/141/5 247/142/5 248/143/5 240/144/5
f 240/145/6 248/146/6 249/147/6 241/148/6
f 241/148/1 249/149/1 250/150/1 242/151/1
f 242/151/4 250/152/4 247/153/4 239/141/4
f 232/154/6 236/155/6 254/156/6 251/157/6
f 245/158/178 242/159/178 239/160/178 246/161/178
f 244/162/179 241/163/179 242/159/179 245/158/179
f 243/164/180 240/165/180 241/163/180 244/162/180
f 246/161/181 239/160/181 240/166/181 243/167/181
f 231/168/182 246/161/182 243/167/182 233/169/182
f 233/170/183 243/164/183 244/162/183 237/171/183
f 237/172/184 244/162/184 245/158/184 235/173/184
f 235/174/185 245/158/185 246/161/185 231/175/185
f 232/176/3 234/177/3 248/178/3 247/179/3
f 234/177/3 238/180/3 249/181/3 248/178/3
f 238/180/3 236/182/3 250/183/3 249/181/3
f 236/182/3 232/176/3 247/179/3 250/183/3
f 253/184/3 252/185/3 251/186/3 254/187/3
f 238/188/4 234/189/4 252/190/4 253/191/4
f 236/192/5 238/193/5 253/191/5 254/156/5
f 234/194/1 232/154/1 251/157/1 252/195/1
f 231/196/186 233/197/186 256/198/186 255/199/186
f 237/200/187 235/201/187 257/202/187 258/203/187
f 235/201/188 231/196/188 255/199/188 257/202/188
f 233/204/189 237/200/189 258/203/189 256/205/189
f 1298/683/603 1241/684/603 1240/685/603 1299/686/603
f 1299/687/603 1240/688/603 1238/684/603 1297/689/603
f 1240/688/604 1242/690/604 1239/691/604 1238/684/604
f 1241/684/604 1243/691/604 1242/692/604 1240/685/604
f 1237/693/603 1268/694/603 1267/695/603 1236/696/603 1255/697/603 1254/698/603 1253/699/603 1252/700/603 1251/701/603 1250/702/603 1249/703/603 1248/704/603 1247/705/603 1246/706/603 1245/707/603 1244/708/603
f 1235/709/603 1266/710/603 1268/711/603 1237/712/603 1265/713/603 1264/714/603 1263/715/603 1262/716/603 1261/717/603 1260/718/603 1259/719/603 1258/720/603 1257/721/603 1256/722/603
f 1268/694/603 1299/687/603 1297/689/603 1267/695/603
f 1266/710/603 1298/683/603 1299/686/603 1268/711/603
f 1913/684/754 1914/685/754 1912/692/754 1911/691/754
f 1914/688/754 1916/684/754 1915/691/754 1912/690/754
f 1944/694/755 1943/695/755 1916/684/755 1914/688/755
f 1942/710/755 1944/711/755 1914/685/755 1913/684/755
f 1917/693/755 1920/708/755 1921/707/755 1922/706/755 1923/705/755 1924/704/755 1925/703/755 1926/702/755 1927/701/755 1928/700/755 1929/699/755 1930/698/755 1931/697/755 1918/696/755 1943/695/755 1944/694/755
f 1919/709/755 1932/722/755 1933/721/755 1934/720/755 1935/719/755 1936/718/755 1937/717/755 1938/716/755 1939/715/755 1940/714/755 1941/713/755 1917/712/755 1944/711/755 1942/710/755
f 1976/710/756 1951/684/756 1950/685/756 1978/711/756
f 1978/694/756 1950/688/756 1948/684/756 1977/695/756
f 1950/688/757 1952/690/757 1949/691/757 1948/684/757
f 1951/684/757 1953/691/757 1952/692/757 1950/685/757
f 1947/693/756 1978/694/756 1977/695/756 1946/696/756 1965/697/756 1964/698/756 1963/699/756 1962/700/756 1961/701/756 1960/702/756 1959/703/756 1958/704/756 1957/705/756 1956/706/756 1955/707/756 1954/708/756
f 1945/709/756 1976/710/756 1978/711/756 1947/712/756 1975/713/756 1974/714/756 1973/715/756 1972/716/756 1971/717/756 1970/718/756 1969/719/756 1968/720/756 1967/721/756 1966/722/756
f 2077/684/826 2075/685/826 2074/692/826 2076/691/826
f 2092/1221/827 2091/1222/827 2075/685/827 2077/684/827
f 2079/1223/828 2080/1224/828 2081/1225/828 2082/1226/828 2083/1227/828 2084/1228/828 2085/1229/828 2086/1230/828 2087/1231/828 2088/1232/828 2089/1233/828 2090/1234/828 2078/1235/828 2091/1222/828 2092/1221/828
f 2096/684/829 2095/691/829 2093/692/829 2094/685/829
f 2111/1221/830 2096/684/830 2094/685/830 2110/1222/830
f 2098/1223/831 2111/1221/831 2110/1222/831 2097/1235/831 2109/1234/831 2108/1233/831 2107/1232/831 2106/1231/831 2105/1230/831 2104/1229/831 2103/1228/831 2102/1227/831 2101/1226/831 2100/1225/831 2099/1224/831
f 2115/685/832 2114/692/832 2112/691/832 2113/684/832
f 2223/1362/901 2115/685/901 2113/684/901 2222/1363/901
f 2212/1364/902 2223/1362/902 2222/1363/902 2211/1365/902 2213/1366/902 2214/1367/902 2215/1368/902 2216/1369/902 2217/1370/902 2218/1371/902 2219/1372/902 2220/1373/902 2221/1374/902
f 2227/685/903 2225/684/903 2224/691/903 2226/692/903
f 2240/1362/904 2239/1363/904 2225/684/904 2227/685/904
f 2229/1364/905 2238/1374/905 2237/1373/905 2236/1372/905 2235/1371/905 2234/1370/905 2233/1369/905 2232/1368/905 2231/1367/905 2230/1366/905 2228/1365/905 2239/1363/905 2240/1362/905
