# Blender 4.4.3
# www.blender.org
mtllib SquareHouseB.mtl
o RH3
v 1.079291 2.337696 1.819742
v 2.637046 1.646572 2.004329
v 1.079292 0.640317 1.819743
v 2.637046 0.640318 2.004329
v 2.758303 0.495507 1.945950
v 2.741302 0.495507 2.089430
v 1.002344 0.495506 1.883372
v 1.002343 0.645506 1.883372
v 2.758303 0.645507 1.945950
v 2.741302 0.645507 2.089430
v 1.019345 0.495506 1.739892
v 1.019345 0.645506 1.739893
v 1.306164 2.337696 -0.094880
v 2.863918 1.646572 0.089706
v 1.306165 0.640317 -0.094880
v 2.863919 0.640318 0.089706
v 2.968175 0.495507 0.174807
v 2.985177 0.495507 0.031327
v 1.246218 0.495506 -0.174730
v 1.246218 0.645506 -0.174730
v 2.968175 0.645507 0.174807
v 2.985176 0.645507 0.031327
v 1.229217 0.495506 -0.031251
v 1.229216 0.645506 -0.031251
v 2.738900 0.495507 1.996171
v 2.616473 0.645507 1.981664
v 2.738900 0.645507 1.996171
v 2.616473 0.495507 1.981664
v 2.847780 0.495507 1.077321
v 2.968863 0.495507 0.055474
v 2.968863 0.645507 0.055474
v 2.725352 0.645507 1.062814
v 2.846436 0.495507 0.040967
v 2.846436 0.645507 0.040967
v 2.847780 0.645507 1.077321
v 2.725352 0.495507 1.062814
v 2.708551 1.668677 1.992574
v 2.934875 1.668676 0.082591
v 2.708552 0.637361 1.992574
v 2.934875 0.637361 0.082591
v 2.735339 0.594243 1.960764
v 2.615983 0.594243 2.051258
v 2.723112 0.594243 2.063952
v 2.628211 0.594243 1.948070
v 2.735339 1.105343 1.960764
v 2.735339 1.632000 1.960764
v 2.723111 1.632000 2.063952
v 2.615983 1.105343 2.051258
v 2.628211 1.631999 1.948070
v 2.615983 1.631999 2.051258
v 2.723112 1.105343 2.063952
v 2.628211 1.105343 1.948070
v 2.961829 0.594243 0.049372
v 2.842474 0.594243 0.139866
v 2.949602 0.594243 0.152560
v 2.854701 0.594243 0.036678
v 2.961829 1.105343 0.049372
v 2.961829 1.631999 0.049372
v 2.949602 1.631999 0.152560
v 2.842474 1.105343 0.139866
v 2.854701 1.631999 0.036678
v 2.842474 1.631999 0.139866
v 2.949602 1.105343 0.152560
v 2.854701 1.105343 0.036678
v 3.159369 1.694944 0.035670
v 3.136066 1.688969 0.212156
v 1.341946 2.466519 -0.150356
v 1.332917 2.446499 -0.002993
v 3.091902 1.523312 0.021467
v 3.068598 1.517338 0.197953
v 1.287278 2.323631 -0.171949
v 1.278250 2.303611 -0.024586
v 1.619965 2.321165 -0.129082
v 1.887826 2.207337 -0.089793
v 2.163550 2.089908 -0.073298
v 2.458735 1.968137 -0.027802
v 2.751972 1.819386 -0.000637
v 2.742594 1.834705 0.131216
v 2.443087 1.968112 0.104284
v 2.153924 2.102823 0.066459
v 1.873497 2.207337 0.031131
v 1.603809 2.321162 0.006723
v 2.699532 1.691854 0.009289
v 2.407787 1.839829 -0.033839
v 2.111101 1.953939 -0.065435
v 1.832629 2.068326 -0.096333
v 1.567593 2.189352 -0.135288
v 1.551438 2.189348 0.000518
v 1.818235 2.068322 0.024583
v 2.101475 1.966855 0.074323
v 2.392139 1.839804 0.098247
v 2.690154 1.707173 0.141142
v 2.989142 1.645192 0.109784
v 2.755399 1.648405 2.022008
v 2.871640 1.647085 1.065821
v 1.911238 2.032809 1.921979
v 1.100466 2.370681 1.825907
v 2.024582 2.032809 0.965449
v 2.137926 2.032809 0.008919
v 1.213810 2.370681 0.869377
v 1.327154 2.370681 -0.087153
v 2.863330 1.648777 1.104167
v 2.876842 1.639713 1.160477
v 2.849225 1.648805 1.222659
v 2.853237 1.642557 1.306227
v 2.828822 1.649975 1.372863
v 2.821963 1.646306 1.499712
v 2.796811 1.653774 1.571628
v 2.827125 1.637203 1.627218
v 2.793509 1.648119 1.705764
v 2.776219 1.650558 1.805834
v 2.788852 1.642007 1.859913
v 2.762515 1.647958 1.970358
v 2.969763 1.649626 0.189993
v 2.992491 1.636428 0.246221
v 2.946555 1.648670 0.403817
v 2.955763 1.641795 0.455317
v 2.913110 1.650330 0.654869
v 2.924593 1.641058 0.732204
v 2.902486 1.646766 0.811512
v 2.886394 1.648810 0.908894
v 2.911212 1.634866 0.961497
v 2.880262 1.645305 1.026515
v 2.888315 1.691105 0.097836
v 2.661627 1.691105 2.010897
v 2.774971 1.691105 1.054367
v 2.921003 1.670137 1.964576
v 2.901810 1.666316 2.113732
v 1.117998 2.445584 1.739582
v 1.108983 2.466504 1.886830
v 2.863852 1.525163 1.953853
v 2.844659 1.521343 2.103009
v 1.059010 2.303627 1.754450
v 1.049995 2.324547 1.901698
v 1.392757 2.321165 1.788367
v 1.657250 2.200607 1.833194
v 1.938015 2.096141 1.872434
v 2.231768 1.966455 1.889675
v 2.525817 1.812017 1.916936
v 2.516441 1.827318 2.048789
v 2.216120 1.966429 2.021761
v 1.915830 2.075666 1.990003
v 1.644308 2.200607 1.942408
v 1.376602 2.321162 1.924172
v 2.473357 1.684618 1.926860
v 2.180812 1.838202 1.883637
v 1.894781 1.981097 1.845918
v 1.607397 2.075056 1.827286
v 1.340386 2.189352 1.782161
v 1.324230 2.189349 1.917966
v 1.594397 2.075052 1.936494
v 1.872595 1.960621 1.963487
v 2.165164 1.838177 2.015723
v 2.463982 1.699919 2.058713
v 2.542033 1.745565 1.996725
v 2.768721 1.745564 0.083665
v 2.655377 1.745565 1.040195
v 2.880236 0.758605 0.799564
v 2.819042 0.758605 1.315997
v 2.868283 1.478628 0.900441
v 2.880236 1.374117 0.799564
v 2.876735 1.445947 0.829110
v 2.819041 1.374117 1.315997
v 2.830995 1.478628 1.215120
v 2.822543 1.445947 1.286450
v 2.761086 0.773299 1.399752
v 2.992254 0.766295 0.726322
v 2.848895 0.778020 0.709335
v 2.906372 0.682739 1.416967
v 2.906372 0.773299 1.416967
v 2.839475 0.689742 0.704081
v 2.761086 0.682739 1.399752
v 2.982834 0.678017 0.721068
v 2.811351 0.686378 1.053228
v 2.805348 0.762552 1.052517
v 2.938484 0.769659 1.068293
v 2.944487 0.693485 1.069004
v 2.788839 0.691214 1.226800
v 2.788838 0.764824 1.226800
v 2.919808 0.764824 1.242320
v 2.919808 0.691214 1.242320
v 2.960997 0.764824 0.894720
v 2.960997 0.691214 0.894720
v 2.830027 0.691214 0.879201
v 2.830027 0.764824 0.879201
v 2.763655 1.460770 1.407848
v 2.995079 1.457110 0.718941
v 2.854502 1.465940 0.702284
v 2.906559 1.373102 1.424781
v 2.906559 1.460770 1.424781
v 2.843041 1.378333 0.696696
v 2.763655 1.373102 1.407848
v 2.983618 1.369503 0.713354
v 2.816713 1.461206 1.053856
v 2.809466 1.538040 1.052997
v 2.938299 1.538661 1.068263
v 2.944948 1.466559 1.069051
v 2.793347 1.439882 1.231227
v 2.793347 1.514785 1.231227
v 2.918967 1.514785 1.246112
v 2.918967 1.439882 1.246112
v 2.961067 1.514785 0.890821
v 2.961067 1.439882 0.890821
v 2.835447 1.439882 0.875936
v 2.835447 1.514785 0.875936
v 2.774498 0.754445 1.351797
v 2.852218 1.420342 1.354788
v 2.780320 1.420341 1.355126
v 2.857099 0.754445 1.291318
v 2.848888 0.754445 1.360611
v 2.779378 1.423338 1.288326
v 2.782708 0.754445 1.282503
v 2.851276 1.423338 1.287988
v 2.788578 1.089124 1.283135
v 2.775130 1.089125 1.345927
v 2.843019 1.089125 1.359979
v 2.856467 1.089125 1.297187
v 2.781560 0.921785 1.281046
v 2.773040 0.921785 1.352945
v 2.850037 0.921785 1.362068
v 2.858557 0.921785 1.290169
v 2.850037 1.256464 1.362068
v 2.858556 1.256464 1.290169
v 2.781560 1.256464 1.281046
v 2.773040 1.256464 1.352945
v 2.835087 0.754445 0.813670
v 2.919372 1.420341 0.816877
v 2.841436 1.420341 0.817300
v 2.924694 0.754445 0.747670
v 2.915741 0.754445 0.823227
v 2.840409 1.423338 0.744462
v 2.844040 0.754445 0.738113
v 2.918344 1.423338 0.744039
v 2.844075 1.089124 0.739587
v 2.836561 1.089125 0.813635
v 2.915706 1.089124 0.821753
v 2.923220 1.089124 0.747705
v 2.842788 0.921785 0.736524
v 2.833498 0.921785 0.814922
v 2.916993 0.921785 0.824816
v 2.926283 0.921785 0.746418
v 2.913532 1.256464 0.820424
v 2.921891 1.256464 0.749879
v 2.846249 1.256464 0.740916
v 2.837890 1.256464 0.811461
v 2.874507 1.464353 1.083926
v 2.878862 0.761913 1.034720
v 2.872488 0.761913 1.088514
v 2.875672 1.467514 1.032293
v 2.872504 1.114959 1.087469
v 2.878101 1.114959 1.034779
v 2.873096 0.938436 1.089611
v 2.879710 0.938436 1.033795
v 2.871414 1.291482 1.086577
v 2.877365 1.291482 1.036352
v 2.856882 1.467514 1.033504
v 2.854454 0.761913 1.074895
v 2.857013 1.464353 1.074198
v 2.859487 0.761913 1.032424
v 2.849180 1.114959 1.031801
v 2.844905 1.114959 1.073333
v 2.849689 0.938436 1.030238
v 2.844450 0.938436 1.074448
v 2.844688 1.291482 1.072435
v 2.849357 1.291482 1.033033
v 2.841055 1.211935 1.296634
v 2.851644 1.209702 1.183010
v 2.835757 1.250237 1.298107
v 2.822037 1.209391 1.294380
v 2.832935 1.209702 1.180793
v 2.846972 1.208806 1.065151
v 2.866571 1.209138 1.067473
v 2.865912 1.248610 1.067395
v 2.851644 1.247382 1.183010
v 2.846313 1.248278 1.065073
v 2.832935 1.247382 1.180793
v 2.816740 1.247693 1.295853
v 2.841055 0.959738 1.296634
v 2.851644 0.957505 1.183010
v 2.835758 0.998039 1.298107
v 2.822037 0.957194 1.294380
v 2.832935 0.957505 1.180793
v 2.846972 0.956609 1.065151
v 2.866571 0.956941 1.067473
v 2.865912 0.996413 1.067395
v 2.851644 0.995185 1.183010
v 2.846313 0.996081 1.065073
v 2.832935 0.995185 1.180793
v 2.816740 0.995496 1.295853
v 2.898222 1.244463 0.814190
v 2.881963 1.246696 0.927142
v 2.893415 1.206161 0.811520
v 2.879204 1.247007 0.811937
v 2.863254 1.246696 0.924925
v 2.849876 1.247592 1.040646
v 2.869475 1.247260 1.042968
v 2.868816 1.207788 1.042890
v 2.881963 1.209016 0.927142
v 2.849217 1.208120 1.040567
v 2.863254 1.209016 0.924925
v 2.874398 1.208705 0.809267
v 2.898222 0.993736 0.814190
v 2.881963 0.995969 0.927142
v 2.893416 0.955434 0.811520
v 2.869475 0.996533 1.042968
v 2.868816 0.957061 1.042890
v 2.881963 0.958289 0.927142
v 2.849217 0.957393 1.040568
v 2.863254 0.958289 0.924925
v 2.874398 0.957978 0.809267
v 2.721268 1.557781 2.054925
v 2.619886 1.659873 2.042912
v 2.721268 1.659873 2.054925
v 2.619886 1.557781 2.042912
v 2.830834 1.557781 1.130284
v 2.946773 1.557781 0.151850
v 2.946773 1.659873 0.151850
v 2.729452 1.659873 1.118271
v 2.845391 1.557781 0.139837
v 2.845391 1.659873 0.139837
v 2.830833 1.659873 1.130284
v 2.729452 1.557781 1.118271
v -0.130633 3.295795 0.365406
v -0.191114 4.464035 0.288666
v -0.538153 3.295795 0.317117
v -0.461413 4.464035 0.256637
v -0.082345 3.295795 -0.042113
v -0.159085 4.464035 0.018367
v -0.489864 3.295795 -0.090402
v -0.429384 4.464035 -0.013662
v -0.117174 4.282905 0.382484
v -0.555231 4.282905 0.330576
v -0.503324 4.282905 -0.107480
v -0.065267 4.282905 -0.055573
v -0.484173 4.247601 0.274574
v -0.447322 4.247601 -0.036422
v -0.136325 4.247601 0.000429
v -0.173176 4.247601 0.311426
v -0.117175 4.464035 0.382484
v -0.555232 4.464035 0.330576
v -0.503324 4.464035 -0.107480
v -0.065267 4.464035 -0.055573
v -0.191114 4.230682 0.288666
v -0.461413 4.230682 0.256637
v -0.429384 4.230682 -0.013662
v -0.159085 4.230682 0.018367
v -0.117174 2.783842 0.382484
v -0.555231 2.783842 0.330577
v -0.065266 2.783842 -0.055573
v -0.503323 2.783842 -0.107480
v -3.563373 3.260599 -0.041356
v -3.464134 4.275984 -0.119568
v -3.515084 3.260599 -0.448875
v -3.436872 4.275984 -0.349636
v -3.155854 3.260599 0.006933
v -3.234066 4.275984 -0.092306
v -3.107565 3.260599 -0.400586
v -3.206804 4.275984 -0.322374
v -3.543988 4.184252 -0.056634
v -3.499806 4.184252 -0.429490
v -3.126951 4.184252 -0.385308
v -3.171132 4.184252 -0.012452
v -3.452139 4.156268 -0.369008
v -3.187431 4.156268 -0.337642
v -3.218798 4.156268 -0.072934
v -3.483506 4.156268 -0.104300
v -3.543988 4.275984 -0.056634
v -3.499806 4.275984 -0.429490
v -3.126951 4.275984 -0.385308
v -3.171132 4.275984 -0.012452
v -3.464134 4.142857 -0.119568
v -3.436872 4.142857 -0.349636
v -3.206804 4.142857 -0.322374
v -3.234066 4.142857 -0.092306
v -3.580450 2.783840 -0.027896
v -3.528543 2.783840 -0.465953
v -3.142393 2.783840 0.024011
v -3.090487 2.783840 -0.414046
v -1.840445 2.348515 1.489920
v -0.003298 2.348516 1.707612
v -1.840444 0.640315 1.489920
v -0.003297 0.640316 1.707613
v 0.076310 0.495505 1.641521
v 0.058660 0.495505 1.790478
v -1.927446 0.495504 1.555136
v -1.927446 0.645504 1.555136
v 0.076310 0.645505 1.641521
v 0.058660 0.645505 1.790478
v -1.909795 0.495504 1.406178
v -1.909795 0.645504 1.406178
v -0.667799 1.143931 1.664146
v -1.184232 1.143931 1.602952
v -0.768676 1.863953 1.652192
v -0.667799 1.759443 1.664146
v -0.697345 1.831273 1.660645
v -1.184232 1.759443 1.602951
v -1.083355 1.863953 1.614905
v -1.154686 1.831272 1.606452
v -1.267987 1.158624 1.544995
v -0.594557 1.151621 1.776163
v -0.577570 1.163346 1.632804
v -1.285202 1.068064 1.690282
v -1.285203 1.158624 1.690282
v -0.572316 1.075068 1.623385
v -1.267987 1.068064 1.544995
v -0.589303 1.063343 1.766743
v -0.921463 1.071704 1.595261
v -0.920752 1.147878 1.589258
v -0.936527 1.154985 1.722394
v -0.937239 1.078811 1.728396
v -1.095035 1.076539 1.572748
v -1.095035 1.150149 1.572748
v -1.110554 1.150149 1.703718
v -1.110554 1.076539 1.703718
v -0.762955 1.150149 1.744906
v -0.762955 1.076539 1.744906
v -0.747436 1.076539 1.613937
v -0.747436 1.150149 1.613937
v -1.276083 1.846095 1.547565
v -0.587177 1.842436 1.778989
v -0.570519 1.851266 1.638412
v -1.293017 1.758427 1.690469
v -1.293017 1.846096 1.690469
v -0.564932 1.763659 1.626950
v -1.276083 1.758428 1.547565
v -0.581589 1.754828 1.767528
v -0.922091 1.846532 1.600622
v -0.921232 1.923366 1.593375
v -0.936498 1.923986 1.722209
v -0.937286 1.851885 1.728858
v -1.099462 1.825208 1.577256
v -1.099462 1.900110 1.577256
v -1.114347 1.900110 1.702877
v -1.114347 1.825208 1.702877
v -0.759057 1.900110 1.744977
v -0.759057 1.825208 1.744977
v -0.744171 1.825208 1.619356
v -0.744171 1.900110 1.619356
v -1.220031 1.139770 1.558407
v -1.223023 1.805667 1.636128
v -1.223361 1.805667 1.564230
v -1.159553 1.139770 1.641009
v -1.228846 1.139770 1.632798
v -1.156561 1.808664 1.563288
v -1.150738 1.139770 1.566618
v -1.156223 1.808664 1.635186
v -1.151371 1.474450 1.572487
v -1.214162 1.474450 1.559040
v -1.228214 1.474450 1.626929
v -1.165422 1.474450 1.640377
v -1.149281 1.307110 1.565470
v -1.221180 1.307110 1.556950
v -1.230304 1.307110 1.633946
v -1.158405 1.307110 1.642466
v -1.230304 1.641790 1.633946
v -1.158405 1.641790 1.642466
v -1.149281 1.641790 1.565470
v -1.221180 1.641790 1.556950
v -0.681905 1.139771 1.618997
v -0.685113 1.805667 1.703281
v -0.685535 1.805667 1.625346
v -0.615905 1.139771 1.708604
v -0.691462 1.139771 1.699651
v -0.612698 1.808664 1.624319
v -0.606348 1.139771 1.627950
v -0.612275 1.808664 1.702254
v -0.607822 1.474450 1.627985
v -0.681870 1.474450 1.620471
v -0.689988 1.474450 1.699615
v -0.615940 1.474450 1.707129
v -0.604760 1.307110 1.626698
v -0.683157 1.307110 1.617408
v -0.693051 1.307110 1.700903
v -0.614653 1.307110 1.710192
v -0.688659 1.641790 1.697442
v -0.618114 1.641790 1.705801
v -0.609151 1.641790 1.630159
v -0.679696 1.641790 1.621799
v -0.952161 1.849679 1.658417
v -0.902955 1.147238 1.662772
v -0.956749 1.147238 1.656398
v -0.900528 1.852839 1.659582
v -0.955704 1.500285 1.656414
v -0.903014 1.500285 1.662011
v -0.957846 1.323761 1.657006
v -0.902030 1.323761 1.663620
v -0.954813 1.676808 1.655324
v -0.904587 1.676808 1.661275
v -0.901740 1.852839 1.640792
v -0.943130 1.147238 1.638364
v -0.942433 1.849679 1.640923
v -0.900659 1.147238 1.643396
v -0.900036 1.500285 1.633090
v -0.941568 1.500285 1.628814
v -0.898473 1.323761 1.633598
v -0.942683 1.323761 1.628359
v -0.940670 1.676808 1.628598
v -0.901268 1.676808 1.633267
v -1.164869 1.597260 1.624965
v -1.051245 1.595028 1.635554
v -1.166342 1.635562 1.619667
v -1.162615 1.594717 1.605947
v -1.049028 1.595028 1.616845
v -0.933386 1.594132 1.630882
v -0.935708 1.594464 1.650481
v -0.935630 1.633936 1.649822
v -1.051245 1.632707 1.635554
v -0.933308 1.633604 1.630223
v -1.049028 1.632707 1.616845
v -1.164088 1.633019 1.600650
v -1.164869 1.345063 1.624965
v -1.051245 1.342831 1.635554
v -1.166342 1.383365 1.619667
v -1.162615 1.342520 1.605947
v -1.049028 1.342831 1.616845
v -0.933386 1.341935 1.630882
v -0.935708 1.342266 1.650481
v -0.935630 1.381738 1.649822
v -1.051245 1.380510 1.635554
v -0.933308 1.381406 1.630223
v -1.049028 1.380510 1.616845
v -1.164088 1.380821 1.600650
v -0.682425 1.629789 1.682132
v -0.795377 1.632021 1.665873
v -0.679755 1.591487 1.677325
v -0.680172 1.632333 1.663114
v -0.793160 1.632021 1.647164
v -0.908881 1.632918 1.633786
v -0.911203 1.632586 1.653385
v -0.911125 1.593114 1.652725
v -0.795377 1.594342 1.665873
v -0.908802 1.593446 1.633126
v -0.793160 1.594342 1.647164
v -0.677502 1.594031 1.658307
v -0.682425 1.379062 1.682132
v -0.795377 1.381294 1.665873
v -0.679755 1.340760 1.677325
v -0.911203 1.381858 1.653384
v -0.911125 1.342386 1.652725
v -0.795377 1.343614 1.665873
v -0.908803 1.342718 1.633126
v -0.793160 1.343614 1.647164
v -0.677502 1.343304 1.658307
v -4.827708 2.348782 1.140751
v -4.827707 0.640376 1.140752
v -3.914112 0.495503 1.324532
v -4.907165 0.495503 1.206861
v -4.907165 0.645503 1.206861
v -3.896461 0.645503 1.175574
v -4.889514 0.495503 1.057904
v -4.889514 0.645503 1.057904
v -3.977255 0.640376 1.241526
v -3.977256 2.348783 1.241525
v -3.914112 0.645503 1.324532
v -3.896461 0.495503 1.175575
v -4.766891 0.627356 1.165432
v -4.842829 0.729483 1.156433
v -4.842392 0.627356 1.152742
v -4.057109 2.359427 1.249537
v -3.966918 2.275748 1.260224
v -3.966481 2.359427 1.256532
v -3.964962 2.275725 1.243915
v -4.764935 0.627333 1.149122
v -4.840436 0.627333 1.136433
v -4.840874 0.729460 1.140124
v -4.055154 2.359404 1.233227
v -3.964525 2.359404 1.240223
v -4.673221 2.348513 -0.745321
v -4.890913 2.348513 1.091826
v -4.673220 0.640314 -0.745321
v -4.890912 0.640314 1.091827
v -4.824821 0.495503 1.171434
v -4.973778 0.495503 1.153783
v -4.738435 0.495503 -0.832322
v -4.738435 0.645503 -0.832322
v -4.824821 0.645503 1.171434
v -4.973778 0.645503 1.153783
v -4.589478 0.495503 -0.814671
v -4.589478 0.645503 -0.814671
v -4.899300 0.495503 1.162608
v -4.899300 0.645503 1.162608
v -4.663957 0.495503 -0.823497
v -4.663957 0.645503 -0.823497
v 0.989343 2.348785 1.830041
v 0.989344 0.640379 1.830042
v 0.058098 0.495505 1.795218
v 1.051150 0.495506 1.912890
v 1.051150 0.645506 1.912890
v 0.075748 0.645505 1.646261
v 1.068801 0.495506 1.763932
v 1.068801 0.645506 1.763933
v 0.138892 0.640378 1.729268
v 0.138891 2.348785 1.729267
v 0.058098 0.645505 1.795218
v 0.075748 0.495505 1.646261
v 0.924443 0.627359 1.839825
v 1.000382 0.729486 1.848823
v 1.000819 0.627359 1.845132
v 0.214660 2.359429 1.755719
v 0.124469 2.275750 1.745032
v 0.124907 2.359429 1.741340
v 0.126379 2.275727 1.728717
v 0.926353 0.627336 1.823510
v 1.002730 0.627336 1.828817
v 1.002292 0.729463 1.832508
v 0.216570 2.359406 1.739404
v 0.126817 2.359406 1.725025
v 0.218944 2.348515 -0.231204
v -1.618203 2.348514 -0.448896
v 0.218945 0.640316 -0.231204
v -1.618202 0.640315 -0.448896
v -1.697809 0.495504 -0.382805
v -1.680159 0.495504 -0.531762
v 0.305946 0.495505 -0.296420
v 0.305946 0.645505 -0.296420
v -1.697809 0.645504 -0.382805
v -1.680159 0.645504 -0.531763
v 0.288296 0.495505 -0.147462
v 0.288295 0.645505 -0.147462
v -0.953701 1.143931 -0.405430
v -0.437268 1.143931 -0.344236
v -0.852825 1.863953 -0.393477
v -0.953701 1.759443 -0.405430
v -0.924155 1.831272 -0.401929
v -0.437269 1.759443 -0.344236
v -0.538146 1.863953 -0.356189
v -0.466815 1.831273 -0.347737
v -0.353513 1.158624 -0.286279
v -1.026943 1.151620 -0.517447
v -1.043930 1.163345 -0.374089
v -0.336298 1.068064 -0.431566
v -0.336298 1.158624 -0.431566
v -1.049184 1.075068 -0.364669
v -0.353513 1.068064 -0.286279
v -1.032197 1.063343 -0.508028
v -0.700037 1.071703 -0.336545
v -0.700748 1.147878 -0.330542
v -0.684972 1.154985 -0.463678
v -0.684261 1.078810 -0.469681
v -0.526465 1.076539 -0.314032
v -0.526465 1.150149 -0.314032
v -0.510945 1.150149 -0.445002
v -0.510945 1.076539 -0.445002
v -0.858545 1.150149 -0.486190
v -0.858545 1.076539 -0.486190
v -0.874064 1.076539 -0.355221
v -0.874064 1.150149 -0.355221
v -0.345417 1.846096 -0.288849
v -1.034324 1.842435 -0.520273
v -1.050982 1.851266 -0.379696
v -0.328484 1.758428 -0.431754
v -0.328484 1.846096 -0.431754
v -1.056569 1.763658 -0.368234
v -0.345417 1.758428 -0.288849
v -1.039912 1.754828 -0.508812
v -0.699409 1.846532 -0.341907
v -0.700268 1.923366 -0.334660
v -0.685002 1.923986 -0.463493
v -0.684214 1.851884 -0.470142
v -0.522038 1.825208 -0.318541
v -0.522038 1.900110 -0.318541
v -0.507153 1.900110 -0.444161
v -0.507153 1.825208 -0.444161
v -0.862444 1.900110 -0.486261
v -0.862444 1.825208 -0.486261
v -0.877329 1.825208 -0.360641
v -0.877329 1.900110 -0.360641
v -0.401468 1.139771 -0.299691
v -0.398477 1.805667 -0.377412
v -0.398139 1.805667 -0.305514
v -0.461947 1.139771 -0.382293
v -0.392653 1.139771 -0.374082
v -0.464939 1.808664 -0.304572
v -0.470762 1.139771 -0.307902
v -0.465277 1.808664 -0.376470
v -0.470130 1.474450 -0.313771
v -0.407338 1.474450 -0.300324
v -0.393286 1.474450 -0.368213
v -0.456078 1.474450 -0.381661
v -0.472219 1.307110 -0.306754
v -0.400320 1.307110 -0.298234
v -0.391197 1.307110 -0.375231
v -0.463096 1.307110 -0.383750
v -0.391197 1.641790 -0.375231
v -0.463096 1.641790 -0.383750
v -0.472219 1.641790 -0.306754
v -0.400320 1.641790 -0.298234
v -0.939595 1.139770 -0.360281
v -0.936388 1.805667 -0.444566
v -0.935965 1.805667 -0.366630
v -1.005594 1.139770 -0.449888
v -0.930038 1.139770 -0.440935
v -1.008803 1.808663 -0.365603
v -1.015152 1.139770 -0.369234
v -1.009226 1.808663 -0.443539
v -1.013678 1.474450 -0.369269
v -0.939631 1.474450 -0.361755
v -0.931512 1.474450 -0.440900
v -1.005560 1.474450 -0.448414
v -1.016741 1.307110 -0.367982
v -0.938343 1.307110 -0.358692
v -0.928450 1.307110 -0.442187
v -1.006847 1.307110 -0.451476
v -0.932842 1.641790 -0.438726
v -1.003386 1.641790 -0.447085
v -1.012349 1.641790 -0.371443
v -0.941805 1.641790 -0.363084
v -0.669339 1.849678 -0.399702
v -0.718544 1.147238 -0.404056
v -0.664751 1.147238 -0.397682
v -0.720973 1.852839 -0.400867
v -0.665796 1.500285 -0.397698
v -0.718486 1.500285 -0.403295
v -0.663654 1.323761 -0.398290
v -0.719470 1.323761 -0.404904
v -0.666688 1.676808 -0.396608
v -0.716913 1.676808 -0.402560
v -0.719761 1.852839 -0.382076
v -0.678370 1.147238 -0.379648
v -0.679068 1.849678 -0.382208
v -0.720840 1.147238 -0.384681
v -0.721464 1.500285 -0.374374
v -0.679932 1.500285 -0.370099
v -0.723027 1.323761 -0.374882
v -0.678817 1.323761 -0.369643
v -0.680831 1.676808 -0.369882
v -0.720232 1.676808 -0.374551
v -0.456631 1.597260 -0.366249
v -0.570255 1.595028 -0.376838
v -0.455159 1.635562 -0.360952
v -0.458885 1.594717 -0.347231
v -0.572472 1.595028 -0.358129
v -0.688114 1.594132 -0.372166
v -0.685792 1.594464 -0.391765
v -0.685870 1.633936 -0.391106
v -0.570255 1.632707 -0.376838
v -0.688193 1.633604 -0.371507
v -0.572472 1.632707 -0.358129
v -0.457412 1.633019 -0.341934
v -0.456631 1.345063 -0.366249
v -0.570255 1.342831 -0.376838
v -0.455158 1.383365 -0.360952
v -0.458885 1.342520 -0.347231
v -0.572472 1.342831 -0.358129
v -0.688114 1.341934 -0.372166
v -0.685792 1.342266 -0.391765
v -0.685870 1.381738 -0.391106
v -0.570255 1.380510 -0.376838
v -0.688192 1.381406 -0.371507
v -0.572472 1.380510 -0.358129
v -0.457412 1.380821 -0.341934
v -0.939075 1.629789 -0.423416
v -0.826123 1.632021 -0.407157
v -0.941745 1.591487 -0.418609
v -0.941328 1.632332 -0.404398
v -0.828340 1.632021 -0.388448
v -0.712620 1.632918 -0.375070
v -0.710297 1.632586 -0.394669
v -0.710375 1.593114 -0.394010
v -0.826123 1.594342 -0.407157
v -0.712698 1.593446 -0.374411
v -0.828340 1.594342 -0.388448
v -0.943998 1.594031 -0.399592
v -0.939075 1.379061 -0.423416
v -0.826123 1.381294 -0.407157
v -0.941745 1.340760 -0.418609
v -0.710297 1.381858 -0.394669
v -0.710375 1.342386 -0.394010
v -0.826123 1.343614 -0.407157
v -0.712698 1.342718 -0.374411
v -0.828340 1.343614 -0.388448
v -0.943998 1.343303 -0.399591
v -3.745722 2.348783 -0.700995
v -3.745721 0.640376 -0.700996
v -4.659317 0.495503 -0.884776
v -3.666264 0.495503 -0.767105
v -3.666264 0.645503 -0.767105
v -4.676968 0.645503 -0.735818
v -3.683915 0.495503 -0.618147
v -3.683915 0.645503 -0.618147
v -4.596174 0.640375 -0.801769
v -4.596175 2.348782 -0.801769
v -4.659317 0.645503 -0.884776
v -4.676968 0.495503 -0.735818
v -3.806538 0.627357 -0.725676
v -3.730599 0.729483 -0.716677
v -3.731037 0.627357 -0.712986
v -4.516321 2.359426 -0.809781
v -4.606512 2.275748 -0.820468
v -4.606950 2.359426 -0.816776
v -4.608468 2.275725 -0.804158
v -3.808494 0.627334 -0.709366
v -3.732992 0.627334 -0.696676
v -3.732555 0.729460 -0.700368
v -4.518277 2.359403 -0.793471
v -4.608905 2.359403 -0.800467
v 1.219541 2.348785 -0.112638
v 1.219542 0.640378 -0.112638
v 0.305946 0.495505 -0.296418
v 1.298999 0.495506 -0.178747
v 1.298998 0.645506 -0.178747
v 0.288295 0.645505 -0.147461
v 1.281348 0.495506 -0.029790
v 1.281348 0.645506 -0.029790
v 0.369089 0.640378 -0.213412
v 0.369088 2.348785 -0.213412
v 0.305946 0.645505 -0.296419
v 0.288295 0.495505 -0.147461
v 1.158724 0.627359 -0.137318
v 1.234663 0.729486 -0.128320
v 1.234226 0.627359 -0.124628
v 0.448941 2.359429 -0.221424
v 0.358750 2.275750 -0.232111
v 0.358313 2.359429 -0.228419
v 0.356795 2.275727 -0.215801
v 1.156769 0.627336 -0.121009
v 1.232270 0.627336 -0.108319
v 1.232708 0.729463 -0.112010
v 0.446985 2.359406 -0.205114
v 0.356357 2.359406 -0.212109
v -3.826552 2.348513 1.254577
v -1.989405 2.348514 1.472269
v -3.826551 0.640314 1.254577
v -1.989404 0.640315 1.472269
v -1.909797 0.495504 1.406178
v -1.927448 0.495504 1.555135
v -3.913552 0.495503 1.319793
v -3.913552 0.645503 1.319792
v -1.909797 0.645504 1.406178
v -1.927448 0.645504 1.555135
v -3.895902 0.495503 1.170835
v -3.895902 0.645503 1.170835
v -2.653905 1.143930 1.428802
v -3.170338 1.143930 1.367608
v -2.754782 1.863952 1.416849
v -2.653905 1.759442 1.428802
v -2.683452 1.831272 1.425301
v -3.170338 1.759442 1.367608
v -3.069461 1.863952 1.379561
v -3.140792 1.831271 1.371109
v -3.254093 1.158623 1.309652
v -2.580664 1.151620 1.540820
v -2.563676 1.163345 1.397461
v -3.271309 1.068063 1.454939
v -3.271309 1.158623 1.454939
v -2.558423 1.075067 1.388041
v -3.254093 1.068063 1.309652
v -2.575410 1.063342 1.531400
v -2.907569 1.071702 1.359917
v -2.906858 1.147877 1.353914
v -2.922634 1.154984 1.487050
v -2.923346 1.078809 1.493053
v -3.081142 1.076538 1.337405
v -3.081142 1.150148 1.337405
v -3.096661 1.150148 1.468374
v -3.096661 1.076538 1.468374
v -2.749062 1.150148 1.509563
v -2.749062 1.076538 1.509563
v -2.733543 1.076538 1.378593
v -2.733543 1.150148 1.378593
v -3.262190 1.846094 1.312221
v -2.573284 1.842435 1.543646
v -2.556626 1.851265 1.403068
v -3.279123 1.758426 1.455126
v -3.279123 1.846094 1.455126
v -2.551038 1.763658 1.391607
v -3.262190 1.758427 1.312221
v -2.567696 1.754827 1.532184
v -2.908198 1.846531 1.365279
v -2.907339 1.923365 1.358032
v -2.922605 1.923985 1.486866
v -2.923393 1.851884 1.493515
v -3.085569 1.825207 1.341913
v -3.085569 1.900109 1.341913
v -3.100454 1.900109 1.467534
v -3.100454 1.825207 1.467534
v -2.745163 1.900109 1.509634
v -2.745163 1.825207 1.509634
v -2.730278 1.825207 1.384013
v -2.730278 1.900109 1.384013
v -3.206138 1.139769 1.323064
v -3.209130 1.805666 1.400785
v -3.209468 1.805666 1.328887
v -3.145659 1.139769 1.405666
v -3.214953 1.139769 1.397455
v -3.142668 1.808663 1.327945
v -3.136845 1.139769 1.331275
v -3.142330 1.808663 1.399843
v -3.137478 1.474449 1.337144
v -3.200269 1.474449 1.323696
v -3.214321 1.474449 1.391586
v -3.151529 1.474449 1.405033
v -3.135387 1.307109 1.330126
v -3.207286 1.307109 1.321607
v -3.216410 1.307109 1.398603
v -3.144511 1.307109 1.407123
v -3.216411 1.641789 1.398603
v -3.144511 1.641789 1.407123
v -3.135388 1.641789 1.330126
v -3.207287 1.641789 1.321607
v -2.668011 1.139770 1.383654
v -2.671219 1.805666 1.467938
v -2.671642 1.805666 1.390003
v -2.602011 1.139770 1.473260
v -2.677568 1.139770 1.464307
v -2.598804 1.808663 1.388976
v -2.592454 1.139770 1.392606
v -2.598382 1.808663 1.466911
v -2.593929 1.474449 1.392641
v -2.667977 1.474449 1.385127
v -2.676095 1.474449 1.464272
v -2.602047 1.474449 1.471786
v -2.590866 1.307109 1.391354
v -2.669263 1.307109 1.382065
v -2.679157 1.307109 1.465559
v -2.600759 1.307109 1.474849
v -2.674766 1.641789 1.462098
v -2.604221 1.641789 1.470458
v -2.595258 1.641789 1.394815
v -2.665802 1.641789 1.386456
v -2.938268 1.849677 1.423074
v -2.889062 1.147237 1.427428
v -2.942855 1.147237 1.421054
v -2.886635 1.852838 1.424239
v -2.941811 1.500284 1.421070
v -2.889122 1.500284 1.426668
v -2.943952 1.323760 1.421663
v -2.888136 1.323760 1.428277
v -2.940919 1.676807 1.419980
v -2.890694 1.676807 1.425932
v -2.887846 1.852838 1.405448
v -2.929236 1.147237 1.403021
v -2.928540 1.849677 1.405580
v -2.886766 1.147237 1.408053
v -2.886143 1.500284 1.397746
v -2.927675 1.500284 1.393471
v -2.884579 1.323760 1.398255
v -2.928790 1.323760 1.393016
v -2.926776 1.676807 1.393255
v -2.887375 1.676807 1.397923
v -3.150976 1.597259 1.389621
v -3.037352 1.595027 1.400211
v -3.152448 1.635561 1.384324
v -3.148722 1.594716 1.370603
v -3.035135 1.595027 1.381502
v -2.919493 1.594131 1.395539
v -2.921815 1.594463 1.415138
v -2.921737 1.633935 1.414478
v -3.037352 1.632706 1.400211
v -2.919415 1.633603 1.394880
v -3.035135 1.632706 1.381502
v -3.150195 1.633018 1.365306
v -3.150975 1.345062 1.389621
v -3.037351 1.342830 1.400211
v -3.152448 1.383364 1.384324
v -3.148722 1.342519 1.370603
v -3.035134 1.342829 1.381502
v -2.919492 1.341933 1.395539
v -2.921815 1.342265 1.415138
v -2.921737 1.381737 1.414478
v -3.037351 1.380509 1.400211
v -2.919415 1.381405 1.394880
v -3.035134 1.380509 1.381502
v -3.150194 1.380820 1.365306
v -2.668533 1.629788 1.446788
v -2.781484 1.632020 1.430529
v -2.665862 1.591486 1.441982
v -2.666279 1.632332 1.427770
v -2.779267 1.632020 1.411821
v -2.894988 1.632917 1.398443
v -2.897310 1.632585 1.418041
v -2.897232 1.593113 1.417382
v -2.781484 1.594341 1.430529
v -2.894909 1.593445 1.397783
v -2.779267 1.594341 1.411821
v -2.663609 1.594030 1.422964
v -2.668532 1.379061 1.446788
v -2.781483 1.381293 1.430529
v -2.665862 1.340759 1.441982
v -2.897309 1.381857 1.418041
v -2.897232 1.342385 1.417382
v -2.781483 1.343613 1.430529
v -2.894909 1.342717 1.397783
v -2.779266 1.343613 1.411821
v -2.663608 1.343302 1.422964
v -1.767163 2.348514 -0.466547
v -3.604311 2.348513 -0.684240
v -1.767162 0.640315 -0.466548
v -3.604310 0.640314 -0.684240
v -3.683917 0.495503 -0.618148
v -3.666266 0.495503 -0.767106
v -1.680161 0.495504 -0.531763
v -1.680161 0.645504 -0.531763
v -3.683917 0.645503 -0.618148
v -3.666266 0.645503 -0.767106
v -1.697811 0.495504 -0.382805
v -1.697811 0.645504 -0.382805
v -2.939808 1.143929 -0.640773
v -2.423376 1.143930 -0.579579
v -2.838932 1.863952 -0.628820
v -2.939808 1.759441 -0.640773
v -2.910263 1.831271 -0.637272
v -2.423376 1.759442 -0.579579
v -2.524252 1.863952 -0.591532
v -2.452922 1.831272 -0.583080
v -2.339621 1.158623 -0.521623
v -3.013050 1.151619 -0.752791
v -3.030037 1.163344 -0.609432
v -2.322405 1.068063 -0.666909
v -2.322405 1.158623 -0.666909
v -3.035291 1.075066 -0.600012
v -2.339621 1.068063 -0.521623
v -3.018304 1.063342 -0.743371
v -2.686144 1.071702 -0.571888
v -2.686855 1.147877 -0.565885
v -2.671079 1.154984 -0.699021
v -2.670368 1.078809 -0.705024
v -2.512572 1.076538 -0.549375
v -2.512572 1.150148 -0.549375
v -2.497053 1.150148 -0.680345
v -2.497053 1.076538 -0.680345
v -2.844652 1.150148 -0.721533
v -2.844652 1.076538 -0.721533
v -2.860171 1.076538 -0.590564
v -2.860171 1.150148 -0.590564
v -2.331524 1.846094 -0.524192
v -3.020431 1.842434 -0.755616
v -3.037088 1.851265 -0.615039
v -2.314591 1.758427 -0.667097
v -2.314591 1.846095 -0.667097
v -3.042676 1.763657 -0.603578
v -2.331524 1.758427 -0.524192
v -3.026019 1.754827 -0.744155
v -2.685517 1.846531 -0.577250
v -2.686376 1.923365 -0.570003
v -2.671109 1.923985 -0.698836
v -2.670321 1.851883 -0.705486
v -2.508145 1.825207 -0.553884
v -2.508145 1.900109 -0.553884
v -2.493260 1.900109 -0.679505
v -2.493260 1.825207 -0.679505
v -2.848551 1.900109 -0.721605
v -2.848551 1.825207 -0.721605
v -2.863436 1.825207 -0.595984
v -2.863436 1.900109 -0.595984
v -2.387576 1.139769 -0.535035
v -2.384584 1.805666 -0.612756
v -2.384246 1.805666 -0.540858
v -2.448054 1.139769 -0.617636
v -2.378760 1.139769 -0.609425
v -2.451046 1.808663 -0.539916
v -2.456869 1.139769 -0.543245
v -2.451385 1.808663 -0.611814
v -2.456237 1.474449 -0.549115
v -2.393445 1.474449 -0.535667
v -2.379394 1.474449 -0.603556
v -2.442185 1.474449 -0.617004
v -2.458326 1.307109 -0.542097
v -2.386427 1.307109 -0.533577
v -2.377304 1.307109 -0.610574
v -2.449203 1.307109 -0.619094
v -2.377304 1.641789 -0.610574
v -2.449203 1.641789 -0.619094
v -2.458326 1.641789 -0.542097
v -2.386427 1.641789 -0.533577
v -2.925703 1.139769 -0.595624
v -2.922495 1.805666 -0.679909
v -2.922072 1.805666 -0.601973
v -2.991702 1.139769 -0.685231
v -2.916145 1.139769 -0.676278
v -2.994910 1.808663 -0.600946
v -3.001259 1.139769 -0.604577
v -2.995333 1.808662 -0.678882
v -2.999785 1.474449 -0.604612
v -2.925738 1.474449 -0.597098
v -2.917620 1.474449 -0.676243
v -2.991667 1.474449 -0.683757
v -3.002848 1.307109 -0.603325
v -2.924450 1.307109 -0.594035
v -2.914557 1.307109 -0.677530
v -2.992954 1.307109 -0.686820
v -2.918949 1.641789 -0.674069
v -2.989493 1.641789 -0.682428
v -2.998456 1.641789 -0.606786
v -2.927912 1.641789 -0.598427
v -2.655447 1.849677 -0.635045
v -2.704651 1.147237 -0.639399
v -2.650858 1.147237 -0.633025
v -2.707079 1.852838 -0.636210
v -2.651904 1.500284 -0.633041
v -2.704593 1.500284 -0.638638
v -2.649761 1.323760 -0.633633
v -2.705576 1.323760 -0.640247
v -2.652795 1.676807 -0.631951
v -2.703021 1.676807 -0.637903
v -2.705868 1.852838 -0.617419
v -2.664477 1.147237 -0.614991
v -2.665174 1.849677 -0.617551
v -2.706947 1.147237 -0.620024
v -2.707572 1.500284 -0.609717
v -2.666040 1.500284 -0.605442
v -2.709134 1.323760 -0.610225
v -2.664924 1.323760 -0.604987
v -2.666938 1.676807 -0.605225
v -2.706339 1.676807 -0.609894
v -2.442739 1.597259 -0.601592
v -2.556362 1.595027 -0.612181
v -2.441266 1.635561 -0.596295
v -2.444993 1.594716 -0.582574
v -2.558579 1.595027 -0.593472
v -2.674222 1.594131 -0.607510
v -2.671899 1.594463 -0.627108
v -2.671978 1.633934 -0.626449
v -2.556362 1.632706 -0.612181
v -2.674300 1.633603 -0.606850
v -2.558579 1.632706 -0.593472
v -2.443520 1.633018 -0.577277
v -2.442739 1.345062 -0.601592
v -2.556362 1.342830 -0.612181
v -2.441266 1.383364 -0.596295
v -2.444992 1.342519 -0.582574
v -2.558578 1.342829 -0.593472
v -2.674222 1.341933 -0.607509
v -2.671898 1.342265 -0.627108
v -2.671977 1.381737 -0.626449
v -2.556362 1.380509 -0.612181
v -2.674299 1.381405 -0.606850
v -2.558578 1.380509 -0.593472
v -2.443519 1.380820 -0.577277
v -2.925182 1.629788 -0.658759
v -2.812230 1.632020 -0.642500
v -2.927852 1.591486 -0.653953
v -2.927435 1.632331 -0.639741
v -2.814447 1.632020 -0.623791
v -2.698727 1.632916 -0.610413
v -2.696404 1.632585 -0.630012
v -2.696483 1.593113 -0.629353
v -2.812230 1.594340 -0.642500
v -2.698805 1.593445 -0.609754
v -2.814447 1.594341 -0.623791
v -2.930106 1.594030 -0.634935
v -2.925181 1.379060 -0.658759
v -2.812230 1.381293 -0.642500
v -2.927852 1.340759 -0.653952
v -2.696404 1.381857 -0.630012
v -2.696482 1.342385 -0.629353
v -2.812230 1.343613 -0.642500
v -2.698804 1.342717 -0.609754
v -2.814446 1.343613 -0.623791
v -2.930105 1.343302 -0.634935
v 1.087644 -0.004494 1.872029
v 1.205315 0.495506 0.878977
v 1.087643 0.495506 1.872029
v 1.205315 -0.004494 0.878977
v 1.322987 -0.004494 -0.114076
v 1.322986 0.495506 -0.114076
v -4.666541 -0.004497 -0.823803
v -4.784213 0.495503 0.169249
v -4.666542 0.495503 -0.823803
v -4.784213 -0.004497 0.169250
v -4.901884 -0.004497 1.162302
v -4.901885 0.495503 1.162302
v -0.845154 -0.004495 1.643004
v 0.147898 0.495505 1.760675
v -0.845155 0.495505 1.643003
v 0.147898 -0.004495 1.760675
v 1.140951 -0.004494 1.878347
v 1.140951 0.495506 1.878346
v -4.817364 -0.004497 1.172318
v -3.824312 0.495503 1.289989
v -4.817364 0.495503 1.172317
v -3.824311 -0.004497 1.289989
v -2.831259 -0.004496 1.407661
v -2.831259 0.495504 1.407660
v -2.595916 -0.004496 -0.578447
v -3.588969 0.495503 -0.696118
v -2.595916 0.495504 -0.578447
v -3.588968 -0.004497 -0.696118
v -4.582021 -0.004497 -0.813790
v -4.582021 0.495503 -0.813790
v 1.376294 -0.004494 -0.107759
v 0.383241 0.495505 -0.225430
v 1.376294 0.495506 -0.107759
v 0.383242 -0.004495 -0.225430
v -0.609811 -0.004495 -0.343102
v -0.609811 0.495505 -0.343102
v -2.831259 -0.004496 1.407661
v -1.838207 0.495504 1.525332
v -2.831259 0.495504 1.407660
v -1.838207 -0.004496 1.525332
v -0.845154 -0.004495 1.643003
v -0.845155 0.495505 1.643003
v -0.609811 -0.004495 -0.343102
v -1.602863 0.495504 -0.460773
v -0.609811 0.495505 -0.343102
v -1.602863 -0.004496 -0.460773
v -2.595916 -0.004496 -0.578445
v -2.595916 0.495504 -0.578445
v 1.301422 -0.004494 -0.132935
v 2.294474 -0.004494 -0.015263
v 1.301421 0.495506 -0.132935
v 2.294474 0.495506 -0.015263
v 2.939891 0.495507 0.061215
v 2.704548 -0.004493 2.047320
v 2.822220 -0.004493 1.054268
v 2.822220 0.495507 1.054268
v 2.704548 0.495507 2.047320
v 2.939893 -0.004493 0.061216
v 1.067494 -0.004494 1.841223
v 1.067494 0.495506 1.841222
v 2.060546 -0.004494 1.958894
v 2.060546 0.495506 1.958894
v 2.705964 -0.004493 2.035373
v 2.705964 0.495507 2.035373
v 1.133502 2.500000 1.941205
v 0.938069 -0.000000 1.941077
v 1.153522 -0.000000 1.966607
v 0.983617 2.500000 1.751025
v 0.963469 2.500000 1.921057
v 1.179052 -0.000000 1.751154
v 1.153650 2.500000 1.771173
v 0.963599 -0.000000 1.725624
v 1.147418 1.250000 1.776085
v 1.128591 1.250000 1.934973
v 0.969702 1.250000 1.916146
v 0.988530 1.250000 1.757257
v 0.953918 0.625000 1.919397
v 0.974237 0.625000 1.747921
v 1.155849 0.625000 1.769441
v 1.135530 0.625000 1.940917
v 0.955331 0.312500 1.927472
v 0.977204 0.312500 1.742886
v 1.161790 0.312500 1.764759
v 1.139917 0.312500 1.949345
v 1.138424 1.875000 1.783173
v 1.121502 1.875000 1.925979
v 0.978696 1.875000 1.909057
v 0.995618 1.875000 1.766251
v 0.147418 2.499999 1.824360
v -0.048014 -0.000001 1.824231
v 0.167439 -0.000001 1.849761
v -0.002466 2.499999 1.634179
v -0.022614 2.499999 1.804212
v 0.192969 -0.000001 1.634309
v 0.167566 2.499999 1.654327
v -0.022484 -0.000001 1.608778
v 0.161335 1.249999 1.659239
v 0.142508 1.249999 1.818128
v -0.016381 1.249999 1.799300
v 0.002446 1.249999 1.640412
v -0.032165 0.624999 1.802552
v -0.011846 0.624999 1.631075
v 0.169766 0.624999 1.652595
v 0.149447 0.624999 1.824072
v -0.030752 0.312499 1.810626
v -0.008879 0.312499 1.626041
v 0.175707 0.312499 1.647913
v 0.153834 0.312499 1.832499
v 0.152341 1.874999 1.666327
v 0.135419 1.874999 1.809134
v -0.007387 1.874999 1.792212
v 0.009535 1.874999 1.649406
v -1.833351 2.499998 1.589649
v -2.028783 -0.000002 1.589520
v -1.813330 -0.000002 1.615051
v -1.983235 2.499998 1.399469
v -2.003383 2.499998 1.569501
v -1.787800 -0.000002 1.399598
v -1.813203 2.499998 1.419617
v -2.003253 -0.000002 1.374068
v -1.819435 1.249998 1.424529
v -1.838262 1.249998 1.583417
v -1.997150 1.249998 1.564589
v -1.978323 1.249998 1.405701
v -2.012935 0.624998 1.567841
v -1.992616 0.624998 1.396364
v -1.811004 0.624998 1.417884
v -1.831323 0.624998 1.589361
v -2.011521 0.312498 1.575915
v -1.989648 0.312498 1.391330
v -1.805063 0.312498 1.413203
v -1.826936 0.312498 1.597788
v -1.828429 1.874998 1.431617
v -1.845351 1.874998 1.574423
v -1.988157 1.874998 1.557501
v -1.971235 1.874998 1.414695
v -4.815221 2.499996 1.236313
v -5.010653 -0.000004 1.236184
v -4.795200 -0.000004 1.261715
v -4.965105 2.499996 1.046133
v -4.985253 2.499996 1.216165
v -4.769670 -0.000004 1.046262
v -4.795073 2.499996 1.066281
v -4.985123 -0.000004 1.020732
v -4.801304 1.249996 1.071193
v -4.820131 1.249996 1.230081
v -4.979020 1.249996 1.211254
v -4.960192 1.249996 1.052365
v -4.994804 0.624996 1.214505
v -4.974485 0.624996 1.043028
v -4.792873 0.624997 1.064549
v -4.813193 0.624997 1.236025
v -4.993390 0.312496 1.222580
v -4.971518 0.312496 1.037994
v -4.786933 0.312496 1.059867
v -4.808805 0.312496 1.244452
v -4.810298 1.874996 1.078281
v -4.827220 1.874996 1.221087
v -4.970026 1.874996 1.204165
v -4.953105 1.874996 1.061359
v 1.366006 2.500000 -0.020946
v 1.170573 -0.000001 -0.021074
v 1.386026 -0.000000 0.004456
v 1.216121 2.500000 -0.211126
v 1.195973 2.500000 -0.041093
v 1.411556 -0.000000 -0.210997
v 1.386153 2.500000 -0.190978
v 1.196103 -0.000001 -0.236527
v 1.379922 1.250000 -0.186066
v 1.361094 1.250000 -0.027178
v 1.202206 1.249999 -0.046005
v 1.221034 1.249999 -0.204893
v 1.186422 0.624999 -0.042754
v 1.206741 0.624999 -0.214230
v 1.388353 0.625000 -0.192710
v 1.368034 0.625000 -0.021233
v 1.187835 0.312499 -0.034679
v 1.209708 0.312499 -0.219265
v 1.394294 0.312500 -0.197392
v 1.372421 0.312500 -0.012806
v 1.370928 1.875000 -0.178978
v 1.354006 1.875000 -0.036172
v 1.211200 1.874999 -0.053093
v 1.228122 1.874999 -0.195900
v 0.375159 2.499999 -0.138356
v 0.179726 -0.000001 -0.138484
v 0.395179 -0.000001 -0.112954
v 0.225274 2.499999 -0.328536
v 0.205126 2.499999 -0.158503
v 0.420709 -0.000001 -0.328407
v 0.395307 2.499999 -0.308388
v 0.205256 -0.000001 -0.353937
v 0.389075 1.249999 -0.303476
v 0.370248 1.249999 -0.144588
v 0.211359 1.249999 -0.163415
v 0.230187 1.249999 -0.322304
v 0.195575 0.624999 -0.160164
v 0.215894 0.624999 -0.331640
v 0.397506 0.624999 -0.310120
v 0.377187 0.624999 -0.138644
v 0.196989 0.312499 -0.152089
v 0.218861 0.312499 -0.336675
v 0.403447 0.312499 -0.314802
v 0.381574 0.312499 -0.130216
v 0.387430 1.874999 -0.302180
v 0.368951 1.874999 -0.146232
v 0.213004 1.874999 -0.164711
v 0.231482 1.874999 -0.320659
v -1.603357 2.499998 -0.372799
v -1.798790 -0.000002 -0.372928
v -1.583337 -0.000002 -0.347398
v -1.753242 2.499998 -0.562980
v -1.773390 2.499998 -0.392947
v -1.557807 -0.000002 -0.562850
v -1.583209 2.499998 -0.542832
v -1.773260 -0.000002 -0.588381
v -1.589441 1.249998 -0.537920
v -1.608269 1.249998 -0.379032
v -1.767157 1.249998 -0.397859
v -1.748330 1.249998 -0.556747
v -1.782941 0.624998 -0.394607
v -1.762622 0.624998 -0.566084
v -1.581010 0.624998 -0.544564
v -1.601329 0.624998 -0.373087
v -1.781528 0.312498 -0.386533
v -1.759655 0.312498 -0.571118
v -1.575069 0.312498 -0.549246
v -1.596942 0.312498 -0.364660
v -1.591086 1.874998 -0.536624
v -1.609565 1.874998 -0.380676
v -1.765513 1.874998 -0.399155
v -1.747034 1.874998 -0.555103
v -4.592550 2.499996 -0.727003
v -4.787982 -0.000004 -0.727131
v -4.572530 -0.000004 -0.701601
v -4.742435 2.499996 -0.917183
v -4.762583 2.499996 -0.747151
v -4.547000 -0.000004 -0.917054
v -4.572402 2.499996 -0.897035
v -4.762453 -0.000004 -0.942584
v -4.578634 1.249996 -0.892123
v -4.597461 1.249996 -0.733235
v -4.756350 1.249996 -0.752062
v -4.737522 1.249996 -0.910951
v -4.772134 0.624996 -0.748811
v -4.751815 0.624996 -0.920287
v -4.570203 0.624996 -0.898767
v -4.590522 0.624996 -0.727291
v -4.770720 0.312496 -0.740736
v -4.748848 0.312496 -0.925322
v -4.564262 0.312496 -0.903449
v -4.586134 0.312496 -0.718863
v -4.580278 1.874996 -0.890827
v -4.598758 1.874996 -0.734879
v -4.754705 1.874996 -0.753358
v -4.736226 1.874996 -0.909306
v -3.819456 2.499997 1.354306
v -4.014888 -0.000003 1.354177
v -3.799436 -0.000003 1.379708
v -3.969340 2.499997 1.164126
v -3.989488 2.499997 1.334158
v -3.773905 -0.000003 1.164255
v -3.799308 2.499997 1.184274
v -3.989358 -0.000003 1.138725
v -3.805539 1.249997 1.189186
v -3.824367 1.249997 1.348074
v -3.983255 1.249997 1.329246
v -3.964427 1.249997 1.170358
v -3.999039 0.624997 1.332498
v -3.978720 0.624997 1.161021
v -3.797108 0.624997 1.182541
v -3.817428 0.624997 1.354018
v -3.997625 0.312497 1.340573
v -3.975753 0.312497 1.155987
v -3.791167 0.312497 1.177860
v -3.813039 0.312497 1.362445
v -3.814534 1.874997 1.196274
v -3.831455 1.874997 1.339080
v -3.974262 1.874997 1.322158
v -3.957340 1.874997 1.179352
v -3.589463 2.499997 -0.608143
v -3.784895 -0.000003 -0.608271
v -3.569442 -0.000003 -0.582741
v -3.739347 2.499997 -0.798323
v -3.759495 2.499997 -0.628290
v -3.543912 -0.000003 -0.798193
v -3.569315 2.499997 -0.778175
v -3.759365 -0.000003 -0.823724
v -3.575546 1.249997 -0.773263
v -3.594374 1.249997 -0.614375
v -3.753262 1.249997 -0.633202
v -3.734435 1.249997 -0.792090
v -3.769046 0.624997 -0.629951
v -3.748727 0.624997 -0.801427
v -3.567116 0.624997 -0.779907
v -3.587435 0.624997 -0.608430
v -3.767632 0.312497 -0.621876
v -3.745760 0.312497 -0.806462
v -3.561174 0.312497 -0.784589
v -3.583046 0.312497 -0.600003
v -3.577191 1.874997 -0.771967
v -3.595670 1.874997 -0.616019
v -3.751618 1.874997 -0.634498
v -3.733139 1.874997 -0.790446
v 2.393187 0.489309 -0.072046
v 1.794637 0.489308 -0.142971
v 2.170207 1.598854 -0.098468
v 2.393186 1.321701 -0.072047
v 2.350873 1.448402 -0.076212
v 2.297822 1.513981 -0.083314
v 1.794637 1.329984 -0.142971
v 2.026064 1.598854 -0.115548
v 1.852177 1.454826 -0.136153
v 1.936833 1.553425 -0.126122
v 2.329530 0.852867 -0.079589
v 2.329530 0.956673 -0.079589
v 2.226445 0.852867 -0.091804
v 2.226445 0.956673 -0.091804
v 2.306542 0.883975 -0.149954
v 2.306542 0.925565 -0.149954
v 2.265241 0.883975 -0.154848
v 2.265241 0.925565 -0.154848
v 2.254943 0.935936 -0.156068
v 2.254943 0.873605 -0.156068
v 2.316841 0.873605 -0.148734
v 2.316841 0.935936 -0.148734
v 2.277207 0.915747 -0.172384
v 2.277207 0.893794 -0.172384
v 2.299007 0.893794 -0.169801
v 2.299007 0.915747 -0.169801
v 2.239174 0.863236 -0.111104
v 2.239173 0.946304 -0.111104
v 2.321665 0.863236 -0.101329
v 2.321665 0.946304 -0.101329
v 2.272845 0.767874 -0.127775
v 2.274873 0.773906 -0.138147
v 2.276450 0.785970 -0.137960
v 2.275999 0.792002 -0.127401
v 2.273970 0.785970 -0.117030
v 2.272393 0.773906 -0.117217
v 2.253547 0.773080 -0.130062
v 2.257099 0.778702 -0.140253
v 2.261723 0.789943 -0.139705
v 2.262795 0.795565 -0.128966
v 2.259243 0.789943 -0.118775
v 2.254619 0.778702 -0.119323
v 2.236245 0.783140 -0.132112
v 2.241163 0.787966 -0.142141
v 2.248519 0.797620 -0.141269
v 2.250957 0.802447 -0.130368
v 2.246039 0.797620 -0.120340
v 2.238683 0.787966 -0.121211
v 2.222118 0.797365 -0.133786
v 2.228152 0.801069 -0.143683
v 2.237738 0.808477 -0.142547
v 2.241292 0.812180 -0.131514
v 2.235258 0.808477 -0.121617
v 2.225672 0.801069 -0.122753
v 2.212129 0.814788 -0.134969
v 2.218951 0.817116 -0.144773
v 2.230115 0.821773 -0.143450
v 2.234457 0.824101 -0.132324
v 2.227635 0.821773 -0.122520
v 2.216471 0.817116 -0.123843
v 2.206958 0.834221 -0.135582
v 2.214188 0.835015 -0.145337
v 2.226169 0.836603 -0.143918
v 2.230919 0.837397 -0.132743
v 2.223689 0.836603 -0.122988
v 2.211708 0.835015 -0.124408
v 2.206958 0.854339 -0.135582
v 2.214188 0.853545 -0.145337
v 2.226169 0.851956 -0.143918
v 2.230919 0.851162 -0.132743
v 2.223689 0.851956 -0.122988
v 2.211708 0.853545 -0.124408
v 2.212129 0.873772 -0.134969
v 2.218951 0.871443 -0.144773
v 2.230115 0.866787 -0.143450
v 2.234457 0.864458 -0.132324
v 2.227635 0.866787 -0.122520
v 2.216471 0.871443 -0.123843
v 2.222118 0.891194 -0.133786
v 2.228152 0.887491 -0.143683
v 2.237738 0.880083 -0.142547
v 2.241292 0.876379 -0.131514
v 2.235258 0.880083 -0.121617
v 2.225672 0.887491 -0.122753
v 2.236245 0.905420 -0.132112
v 2.241163 0.900593 -0.142141
v 2.248519 0.890939 -0.141269
v 2.250957 0.886113 -0.130368
v 2.246039 0.890939 -0.120340
v 2.238683 0.900593 -0.121211
v 2.253547 0.915479 -0.130062
v 2.257099 0.909858 -0.140253
v 2.261723 0.898616 -0.139705
v 2.262795 0.892995 -0.128966
v 2.259243 0.898616 -0.118775
v 2.254619 0.909858 -0.119323
v 2.272844 0.920686 -0.127775
v 2.274873 0.914654 -0.138147
v 2.276450 0.902590 -0.137960
v 2.275999 0.896558 -0.127401
v 2.273970 0.902590 -0.117030
v 2.272393 0.914654 -0.117217
v 2.292823 0.920686 -0.125408
v 2.293274 0.914654 -0.135966
v 2.291697 0.902590 -0.136153
v 2.289668 0.896558 -0.125782
v 2.289217 0.902590 -0.115223
v 2.290794 0.914654 -0.115036
v 2.312120 0.915479 -0.123121
v 2.311048 0.909858 -0.133860
v 2.306424 0.898616 -0.134408
v 2.302872 0.892995 -0.124217
v 2.303944 0.898616 -0.113478
v 2.308568 0.909858 -0.112930
v 2.329422 0.905420 -0.121071
v 2.326984 0.900593 -0.131972
v 2.319628 0.890939 -0.132843
v 2.314710 0.886113 -0.122814
v 2.317148 0.890939 -0.111914
v 2.324504 0.900593 -0.111042
v 2.343549 0.891194 -0.119397
v 2.339996 0.887491 -0.130430
v 2.330409 0.880083 -0.131566
v 2.324376 0.876379 -0.121669
v 2.327929 0.880083 -0.110636
v 2.337516 0.887491 -0.109500
v 2.353538 0.873772 -0.118213
v 2.349196 0.871443 -0.129340
v 2.338032 0.866787 -0.130662
v 2.331211 0.864458 -0.120859
v 2.335552 0.866787 -0.109733
v 2.346716 0.871443 -0.108410
v 2.358709 0.854339 -0.117601
v 2.353959 0.853545 -0.128775
v 2.341979 0.851957 -0.130195
v 2.334749 0.851162 -0.120440
v 2.339499 0.851957 -0.109265
v 2.351479 0.853545 -0.107846
v 2.358709 0.834221 -0.117601
v 2.353959 0.835015 -0.128775
v 2.341979 0.836603 -0.130195
v 2.334749 0.837397 -0.120440
v 2.339499 0.836603 -0.109265
v 2.351479 0.835015 -0.107846
v 2.353538 0.814788 -0.118213
v 2.349196 0.817116 -0.129340
v 2.338032 0.821773 -0.130662
v 2.331211 0.824101 -0.120859
v 2.335552 0.821773 -0.109733
v 2.346716 0.817116 -0.108410
v 2.343549 0.797365 -0.119397
v 2.339996 0.801069 -0.130430
v 2.330409 0.808477 -0.131566
v 2.324376 0.812180 -0.121669
v 2.327929 0.808477 -0.110636
v 2.337516 0.801069 -0.109500
v 2.329422 0.783140 -0.121071
v 2.326984 0.787966 -0.131972
v 2.319628 0.797620 -0.132843
v 2.314710 0.802447 -0.122814
v 2.317148 0.797620 -0.111914
v 2.324504 0.787966 -0.111042
v 2.312120 0.773081 -0.123121
v 2.311049 0.778702 -0.133860
v 2.306424 0.789944 -0.134408
v 2.302872 0.795565 -0.124217
v 2.303944 0.789944 -0.113478
v 2.308568 0.778702 -0.112930
v 2.292823 0.767874 -0.125408
v 2.293274 0.773906 -0.135966
v 2.291697 0.785970 -0.136153
v 2.289668 0.792002 -0.125782
v 2.289217 0.785970 -0.115223
v 2.290794 0.773906 -0.115036
v 2.370792 0.495506 -0.098506
v 2.370791 1.359619 -0.098506
v 2.354801 1.359619 0.036437
v 2.354802 0.495506 0.036437
v 2.477374 1.359619 -0.085877
v 2.461384 1.359619 0.049066
v 2.477375 0.495506 -0.085877
v 2.461385 0.495506 0.049066
v 2.410147 1.508786 0.042995
v 2.426137 1.508786 -0.091948
v 2.334821 1.458616 -0.102768
v 2.318831 1.458616 0.032174
v 2.303031 1.623113 0.030302
v 2.319021 1.623113 -0.104641
v 2.251983 1.542949 -0.112584
v 2.235993 1.542949 0.022359
v 2.186659 1.688756 0.016513
v 2.202649 1.688756 -0.118430
v 2.165801 1.589732 -0.122796
v 2.149811 1.589732 0.012147
v 2.080703 1.701196 0.003958
v 2.096693 1.701196 -0.130985
v 2.096693 1.598497 -0.130985
v 2.080703 1.598497 0.003958
v 1.822595 0.495506 -0.163464
v 1.822595 1.359619 -0.163464
v 1.806605 1.359619 -0.028521
v 1.806605 0.495506 -0.028521
v 1.716012 1.359619 -0.176094
v 1.700022 1.359619 -0.041151
v 1.716013 0.495506 -0.176094
v 1.700023 0.495506 -0.041151
v 1.751259 1.508786 -0.035080
v 1.767249 1.508786 -0.170022
v 1.858565 1.458615 -0.159202
v 1.842575 1.458615 -0.024259
v 1.858375 1.623112 -0.022387
v 1.874365 1.623112 -0.157330
v 1.941403 1.542948 -0.149386
v 1.925413 1.542948 -0.014443
v 1.974747 1.688756 -0.008598
v 1.990737 1.688756 -0.143541
v 2.027585 1.589732 -0.139174
v 2.011595 1.589732 -0.004231
v 2.633680 -0.004494 -1.231962
v 2.610217 -0.004494 -1.033956
v 1.786542 -0.004494 -1.131557
v 1.810005 -0.004494 -1.329563
v 1.786542 0.134807 -1.131557
v 2.610217 0.134808 -1.033956
v 2.633861 0.134808 -1.233488
v 1.810185 0.134807 -1.331089
v 1.689045 -0.004494 -0.135742
v 2.492502 -0.004493 -0.040536
v 2.492502 0.134808 -0.040536
v 1.668827 0.134808 -0.138138
v 2.555262 -0.004494 -0.570179
v 2.555262 0.134808 -0.570179
v 1.731587 -0.004494 -0.667780
v 1.639983 0.495117 -0.124974
v 2.490564 0.495118 -0.024184
v 2.555262 0.512432 -0.570179
v 1.714849 0.512432 -0.669764
v 1.731587 0.134808 -0.667780
v 2.585800 -0.004494 -0.827897
v 2.585800 0.134808 -0.827897
v 1.762125 -0.004494 -0.925498
v 1.731587 0.399191 -0.667780
v 2.555262 0.399192 -0.570179
v 2.583663 0.388203 -0.809861
v 1.759988 0.388203 -0.907462
v 1.762125 0.134807 -0.925498
v 1.762125 0.263609 -0.925498
v 2.585800 0.263610 -0.827897
v 2.610217 0.282120 -1.033956
v 1.794503 0.282120 -1.130614
v 2.493288 0.253190 -0.047169
v 1.669613 0.253189 -0.144770
v 2.555262 0.263610 -0.570179
v 1.731587 0.263609 -0.667780
v 1.668827 0.399191 -0.138138
v 2.492502 0.399192 -0.040536
v 1.766750 0.497897 -0.624320
v 1.766750 0.797609 -0.624320
v 1.760555 0.797609 -0.572033
v 1.760555 0.497897 -0.572033
v 1.728541 0.497897 -0.628847
v 1.722345 0.497897 -0.576560
v 1.722345 0.797609 -0.576560
v 1.728540 0.797609 -0.628847
v 1.869158 0.346541 -1.461350
v 1.874749 0.449036 -1.508534
v 1.844399 0.569350 -1.288321
v 1.842946 0.477119 -1.276061
v 1.819321 0.346541 -1.467255
v 1.801504 0.477119 -1.280971
v 1.802957 0.569350 -1.293232
v 1.824912 0.449036 -1.514439
v 1.706066 0.735399 -0.084987
v 1.706065 0.848371 -0.084987
v 1.656229 0.848371 -0.090892
v 1.656229 0.735399 -0.090892
v 1.765633 0.858986 -0.614703
v 1.722112 0.858986 -0.619860
v 1.765633 0.760332 -0.614703
v 1.722112 0.760332 -0.619860
v 1.812084 0.753844 -0.993196
v 1.765404 0.753844 -0.998727
v 1.808700 0.652013 -0.964642
v 1.762021 0.652013 -0.970174
v 1.799432 0.363929 -0.896828
v 1.799432 0.696566 -0.896828
v 1.792555 0.696566 -0.838798
v 1.792555 0.363929 -0.838798
v 1.769442 0.363929 -0.900382
v 1.762566 0.363929 -0.842351
v 1.762566 0.696566 -0.842351
v 1.769442 0.696566 -0.900382
v 1.824402 0.237931 -1.107554
v 1.824401 0.627007 -1.107554
v 1.817525 0.627007 -1.049524
v 1.817525 0.237931 -1.049524
v 1.794412 0.237931 -1.111108
v 1.787536 0.237931 -1.053077
v 1.787536 0.627007 -1.053077
v 1.794412 0.627007 -1.111108
v 1.849127 0.123509 -1.316214
v 1.844057 0.512585 -1.316815
v 1.837180 0.512585 -1.258785
v 1.842251 0.123509 -1.258184
v 1.819137 0.123509 -1.319768
v 1.812261 0.123509 -1.261737
v 1.812261 0.512585 -1.261737
v 1.819137 0.512585 -1.319768
v 2.546782 0.497898 -0.531890
v 2.546782 0.797610 -0.531890
v 2.540586 0.797610 -0.479603
v 2.540586 0.497898 -0.479603
v 2.508572 0.497898 -0.536417
v 2.502376 0.497898 -0.484131
v 2.502376 0.797610 -0.484131
v 2.508572 0.797610 -0.536418
v 2.649189 0.346542 -1.368921
v 2.654780 0.449036 -1.416105
v 2.624430 0.569350 -1.195891
v 2.622977 0.477119 -1.183631
v 2.599352 0.346542 -1.374826
v 2.581535 0.477119 -1.188542
v 2.582988 0.569350 -1.200802
v 2.604944 0.449036 -1.422010
v 2.486097 0.735400 0.007443
v 2.486097 0.848371 0.007443
v 2.436260 0.848371 0.001538
v 2.436260 0.735400 0.001538
v 2.545664 0.858987 -0.522274
v 2.502143 0.858987 -0.527431
v 2.545664 0.760332 -0.522274
v 2.502143 0.760332 -0.527431
v 2.592115 0.753845 -0.900766
v 2.545435 0.753845 -0.906298
v 2.588732 0.652014 -0.872213
v 2.542052 0.652014 -0.877744
v 2.574295 0.363930 -0.805011
v 2.574295 0.696566 -0.805011
v 2.567418 0.696566 -0.746981
v 2.567418 0.363930 -0.746980
v 2.544093 0.363930 -0.808590
v 2.537217 0.363930 -0.750559
v 2.537216 0.696566 -0.750559
v 2.544093 0.696566 -0.808590
v 2.598174 0.237931 -1.015866
v 2.598173 0.627007 -1.015866
v 2.591297 0.627007 -0.957836
v 2.591297 0.237931 -0.957836
v 2.567972 0.237931 -1.019445
v 2.561095 0.237931 -0.961414
v 2.561095 0.627007 -0.961415
v 2.567972 0.627007 -1.019445
v 2.623320 0.123509 -1.224476
v 2.623320 0.512586 -1.224476
v 2.616443 0.512586 -1.166446
v 2.616444 0.123509 -1.166446
v 2.593118 0.123509 -1.228055
v 2.586242 0.123509 -1.170025
v 2.586242 0.512586 -1.170025
v 2.593118 0.512586 -1.228055
v 0.192913 3.827340 0.856577
v 0.215715 3.827340 0.664147
v 0.192913 3.639960 0.856578
v 0.215715 3.639960 0.664147
v 0.078259 2.348392 1.824175
v 0.095909 2.498392 1.675217
v 0.078259 2.498392 1.824175
v 0.095909 2.348392 1.675217
v 0.331614 2.348392 -0.313944
v 0.313964 2.498392 -0.164986
v 0.331614 2.498392 -0.313944
v 0.313964 2.348392 -0.164986
v -0.799339 3.827339 0.732146
v -0.776537 3.827339 0.539716
v -0.799339 3.640720 0.732146
v -0.776537 3.640720 0.539716
v -1.793192 3.827338 0.621235
v -1.770391 3.827338 0.428804
v -1.793192 3.639959 0.621235
v -1.770391 3.639959 0.428804
v -0.914794 2.348391 1.706503
v -1.907847 2.348391 1.588831
v -1.907847 2.498391 1.588831
v -0.897143 2.498391 1.557545
v -1.890196 2.348391 1.439874
v -1.890196 2.498391 1.439874
v -0.914794 2.498391 1.706503
v -0.897143 2.348391 1.557545
v -0.661438 2.348391 -0.431616
v -1.654491 2.348391 -0.549287
v -1.654491 2.498391 -0.549287
v -0.679089 2.498391 -0.282658
v -1.672142 2.348391 -0.400330
v -1.672142 2.498391 -0.400330
v -0.661438 2.498391 -0.431616
v -0.679089 2.348391 -0.282658
v -1.781791 3.675625 0.525019
v -0.788739 3.675626 0.642691
v -1.854454 3.043629 1.138240
v -0.861402 3.043630 1.255911
v 0.204314 3.675626 0.760362
v 0.131651 3.043630 1.373582
v -0.941753 2.298027 1.934016
v 0.051554 2.300389 2.049541
v -1.935171 2.294637 1.819427
v -0.901160 2.301054 1.936035
v -0.846897 2.284832 1.957426
v -0.778131 2.301106 1.950565
v -0.694265 2.289923 1.970817
v -0.621650 2.303199 1.967177
v -0.491657 2.296632 1.988637
v -0.413537 2.309998 1.985568
v -0.363497 2.280339 2.018849
v -0.276898 2.299877 2.011093
v -0.171877 2.304243 2.019510
v -0.119693 2.288939 2.039808
v -0.002276 2.299589 2.043900
v -1.849845 2.302575 1.822218
v -1.797582 2.278952 1.850196
v -1.628301 2.300863 1.850048
v -1.578017 2.288558 1.867355
v -1.366894 2.303835 1.878283
v -1.290900 2.287240 1.902592
v -1.205920 2.297455 1.903241
v -1.103874 2.301115 1.911958
v -1.055719 2.276158 1.940681
v -0.983385 2.294841 1.932021
v -1.926316 2.376813 1.744690
v 0.059790 2.376814 1.980034
v -0.933263 2.376814 1.862362
v -1.628410 2.294637 -0.769388
v 0.357075 2.300389 -0.528816
v -0.635723 2.298027 -0.648635
v 0.276977 3.043630 0.147142
v 0.204314 3.675626 0.760362
v -0.716075 3.043630 0.029471
v -1.709128 3.043629 -0.088201
v -0.788739 3.675626 0.642691
v -1.781791 3.675625 0.525019
v -0.595782 2.301054 -0.641110
v -0.538023 2.284832 -0.649227
v -0.472764 2.301106 -0.626485
v -0.386488 2.289923 -0.626576
v -0.316735 2.303199 -0.606066
v -0.185326 2.296632 -0.596552
v -0.110087 2.309998 -0.575310
v -0.053655 2.280339 -0.595975
v 0.028734 2.299877 -0.568194
v 0.132814 2.304243 -0.551835
v 0.188296 2.288939 -0.559375
v 0.303418 2.299588 -0.535911
v -1.544795 2.302574 -0.752160
v -1.487440 2.278952 -0.767150
v -1.322882 2.300863 -0.727443
v -1.269946 2.288558 -0.732519
v -1.062115 2.303834 -0.693803
v -0.982544 2.287240 -0.699679
v -0.899767 2.297455 -0.680450
v -0.798509 2.301115 -0.665076
v -0.744975 2.276158 -0.681749
v -0.676668 2.294841 -0.656425
v -1.637266 2.376813 -0.694652
v 0.348839 2.376814 -0.459309
v -0.644214 2.376814 -0.576980
v -1.793193 3.827338 0.621234
v -1.770391 3.827338 0.428804
v -1.793193 3.639959 0.621234
v -1.770391 3.639959 0.428804
v -1.907847 2.348391 1.588831
v -1.890197 2.498391 1.439874
v -1.907847 2.498391 1.588831
v -1.890197 2.348391 1.439874
v -1.654491 2.348390 -0.549287
v -1.672142 2.498390 -0.400329
v -1.654491 2.498390 -0.549287
v -1.672142 2.348390 -0.400330
v -2.785445 3.827338 0.496803
v -2.762643 3.827338 0.304373
v -2.785445 3.640719 0.496803
v -2.762643 3.640719 0.304373
v -3.779298 3.827338 0.385891
v -3.756496 3.827338 0.193461
v -3.779298 3.639958 0.385891
v -3.756496 3.639958 0.193461
v -2.900900 2.348390 1.471160
v -3.893952 2.348390 1.353489
v -3.893952 2.498390 1.353489
v -2.883249 2.498390 1.322202
v -3.876302 2.348390 1.204531
v -3.876302 2.498390 1.204531
v -2.900900 2.498390 1.471160
v -2.883249 2.348390 1.322202
v -2.647544 2.348390 -0.666959
v -3.640597 2.348390 -0.784631
v -3.640597 2.498390 -0.784631
v -2.665195 2.498390 -0.518001
v -3.658247 2.348390 -0.635673
v -3.658247 2.498390 -0.635673
v -2.647544 2.498390 -0.666959
v -2.665195 2.348390 -0.518001
v -3.767897 3.675624 0.289676
v -2.774845 3.675625 0.407348
v -3.840559 3.043628 0.902897
v -2.847507 3.043628 1.020568
v -1.781792 3.675625 0.525019
v -1.854455 3.043629 1.138239
v -2.927858 2.298026 1.698673
v -1.934552 2.300388 1.814197
v -3.921276 2.294636 1.584084
v -2.887266 2.301053 1.700692
v -2.833003 2.284831 1.722083
v -2.764235 2.301105 1.715222
v -2.680371 2.289922 1.735473
v -2.607756 2.303198 1.731834
v -2.477762 2.296631 1.753294
v -2.399642 2.309997 1.750224
v -2.349603 2.280338 1.783506
v -2.263003 2.299876 1.775750
v -2.157983 2.304242 1.784167
v -2.105798 2.288938 1.804465
v -1.988381 2.299588 1.808557
v -3.835951 2.302574 1.586875
v -3.783688 2.278951 1.614853
v -3.614407 2.300862 1.614705
v -3.564123 2.288557 1.632012
v -3.352999 2.303834 1.642940
v -3.277006 2.287239 1.667249
v -3.192026 2.297454 1.667898
v -3.089980 2.301114 1.676615
v -3.041824 2.276156 1.705338
v -2.969491 2.294840 1.696678
v -3.912421 2.376812 1.509348
v -1.926317 2.376813 1.744690
v -2.919368 2.376813 1.627019
v -3.614516 2.294636 -1.004731
v -1.629031 2.300388 -0.764159
v -2.621829 2.298026 -0.883978
v -1.709129 3.043629 -0.088201
v -1.781792 3.675625 0.525019
v -2.702181 3.043628 -0.205872
v -3.695233 3.043628 -0.323544
v -2.774845 3.675625 0.407348
v -3.767897 3.675624 0.289676
v -2.581888 2.301053 -0.876453
v -2.524128 2.284830 -0.884570
v -2.458870 2.301105 -0.861828
v -2.372594 2.289922 -0.861919
v -2.302841 2.303198 -0.841410
v -2.171432 2.296631 -0.831895
v -2.096193 2.309997 -0.810653
v -2.039760 2.280338 -0.831318
v -1.957372 2.299875 -0.803537
v -1.853293 2.304242 -0.787178
v -1.797810 2.288938 -0.794718
v -1.682688 2.299587 -0.771255
v -3.530902 2.302573 -0.987503
v -3.473547 2.278951 -1.002493
v -3.308988 2.300862 -0.962786
v -3.256052 2.288557 -0.967862
v -3.048221 2.303833 -0.929147
v -2.968650 2.287239 -0.935022
v -2.885872 2.297454 -0.915793
v -2.784615 2.301114 -0.900419
v -2.731081 2.276157 -0.917092
v -2.662774 2.294840 -0.891768
v -3.623373 2.376812 -0.929995
v -1.637267 2.376813 -0.694652
v -2.630320 2.376813 -0.812323
v 1.045813 2.500000 1.937298
v 1.172538 3.750000 0.867841
v 1.298807 2.500000 -0.197764
v 1.125349 3.895226 0.932997
v 1.260052 3.895226 0.948958
v 0.978523 2.316468 2.229776
v 1.123988 2.302083 2.229749
v 1.137576 3.808035 0.829808
v 1.272279 3.808035 0.845770
v 0.968391 2.230236 2.125089
v 1.113857 2.215851 2.125062
v 1.011641 2.721354 1.874933
v 1.050250 2.967852 1.687036
v 1.048636 3.184386 1.473861
v 1.082779 3.413363 1.290881
v 1.244185 3.655153 1.136753
v 1.217803 3.413363 1.306880
v 1.190224 3.195062 1.503483
v 1.156847 2.967852 1.699667
v 1.150474 2.721354 1.891385
v 1.107918 3.576496 1.026214
v 1.095036 3.325965 1.187446
v 1.078138 3.091773 1.366197
v 1.061712 2.886125 1.590314
v 1.025561 2.622090 1.757458
v 1.164395 2.622090 1.773909
v 1.168308 2.886126 1.602945
v 1.219725 3.102449 1.395819
v 1.230059 3.325965 1.203446
v 1.244818 3.558755 1.021096
v 1.108608 3.663496 1.130704
v 1.273335 2.313969 -0.552097
v 1.434189 2.306517 -0.524094
v 1.100883 3.898150 0.801255
v 1.254761 3.912634 0.802106
v 1.247128 2.209174 -0.429440
v 1.407981 2.201723 -0.401437
v 1.109477 3.799861 0.920228
v 1.263356 3.814346 0.921079
v 1.139477 3.656907 0.617720
v 1.176662 3.422137 0.444003
v 1.204081 3.198160 0.242998
v 1.209686 2.952853 0.041778
v 1.225115 2.704249 -0.154858
v 1.362744 2.714945 -0.151386
v 1.346815 2.952853 0.058027
v 1.325152 3.183983 0.274358
v 1.284920 3.422137 0.456831
v 1.280469 3.656934 0.634484
v 1.229282 2.616134 -0.048619
v 1.197238 2.864091 0.146825
v 1.171008 3.118506 0.334671
v 1.165028 3.339111 0.542181
v 1.126682 3.565628 0.725703
v 1.267674 3.565655 0.742467
v 1.273281 3.339135 0.555059
v 1.292079 3.104329 0.366031
v 1.334367 2.864091 0.163074
v 1.366912 2.626831 -0.045147
v 1.303881 4.135836 1.009032
v 1.333143 4.135836 0.762084
v 1.303881 3.897865 1.009032
v 1.333143 3.897865 0.762084
v 0.807233 3.936872 0.913796
v 0.192912 3.827340 0.856579
v 0.215714 3.827340 0.664148
v 0.827991 3.936872 0.738611
v 0.192912 3.639960 0.856579
v 0.808027 3.758013 0.913635
v 0.828726 3.758013 0.738954
v 0.215715 3.639960 0.664148
v 1.071308 2.348516 1.941869
v 0.078256 2.348515 1.824198
v 0.078256 2.498516 1.824198
v 1.088959 2.498516 1.792911
v 0.095906 2.348515 1.675240
v 0.095906 2.498516 1.675240
v 1.071308 2.498516 1.941869
v 1.088959 2.348516 1.792911
v 1.324664 2.348516 -0.196250
v 0.331611 2.348515 -0.313921
v 0.331611 2.498516 -0.313921
v 1.307013 2.498516 -0.047292
v 0.313961 2.348515 -0.164964
v 0.313961 2.498516 -0.164964
v 1.324664 2.498516 -0.196250
v 1.307013 2.348516 -0.047292
v 1.219129 2.349999 -0.056156
v 1.368087 2.349999 -0.038506
v 1.150394 2.349999 1.798642
v 1.150394 2.500000 1.798642
v 1.219129 2.499999 -0.056156
v 1.368086 2.500000 -0.038506
v 1.001437 2.349999 1.780991
v 1.001437 2.499999 1.780991
v 1.197366 3.858378 0.878035
v 1.123492 3.074086 1.501466
v 0.204313 3.675626 0.760363
v 0.131650 3.043630 1.373584
v 1.043667 2.293721 2.175133
v 0.051688 2.301639 2.048404
v 0.148304 2.302787 2.061101
v 0.189672 2.278188 2.087537
v 0.363184 2.305871 2.083863
v 0.413107 2.291996 2.101925
v 0.546890 2.305871 2.105632
v 0.623007 2.304320 2.116009
v 0.693749 2.272074 2.152619
v 0.816375 2.301243 2.141616
v 0.876749 2.305829 2.144755
v 0.936610 2.270975 2.182359
v 0.993423 2.298223 2.165239
v 1.052836 2.383357 2.097753
v 0.059783 2.376762 1.980082
v 1.197366 3.858378 0.878035
v 1.271239 3.074086 0.254604
v 0.204313 3.675626 0.760363
v 0.276977 3.043630 0.147143
v 1.351066 2.293721 -0.419063
v 0.356940 2.301639 -0.527677
v 0.453848 2.302787 -0.517442
v 0.500248 2.278188 -0.533478
v 0.668097 2.305871 -0.489355
v 0.720859 2.291996 -0.495250
v 0.851803 2.305871 -0.467587
v 0.928237 2.304320 -0.459888
v 1.005576 2.272074 -0.478951
v 1.122235 2.301242 -0.439594
v 1.181670 2.305829 -0.428537
v 1.248662 2.270975 -0.451109
v 1.299901 2.298223 -0.421186
v 1.341896 2.383357 -0.341683
v 0.348844 2.376762 -0.459355
v -4.760949 3.858375 0.172006
v -4.834822 3.074083 0.795437
v -3.767897 3.675624 0.289677
v -3.840559 3.043628 0.902898
v -4.609396 2.499996 -0.887257
v -4.736122 3.749996 0.182200
v -4.862390 2.499997 1.247805
v -4.688933 3.895223 0.117044
v -4.823636 3.895223 0.101082
v -4.543835 2.337605 -1.161209
v -4.688954 2.323970 -1.162042
v -4.701160 3.808032 0.220232
v -4.835864 3.808032 0.204271
v -4.534958 2.250692 -1.055854
v -4.680078 2.237057 -1.056687
v -4.575224 2.721350 -0.824893
v -4.613833 2.967849 -0.636995
v -4.612220 3.184383 -0.423821
v -4.646363 3.413360 -0.240840
v -4.807769 3.655150 -0.086713
v -4.781386 3.413360 -0.256840
v -4.753807 3.195059 -0.453442
v -4.720430 2.967849 -0.649627
v -4.714057 2.721350 -0.841344
v -4.671501 3.576493 0.023826
v -4.658619 3.325962 -0.137406
v -4.641721 3.091770 -0.316157
v -4.625294 2.886122 -0.540273
v -4.589144 2.622087 -0.707417
v -4.727977 2.622087 -0.723868
v -4.731891 2.886122 -0.552905
v -4.783308 3.102446 -0.345778
v -4.793643 3.325962 -0.153405
v -4.808402 3.558752 0.028945
v -4.672192 3.663492 -0.080663
v -4.833942 2.338048 1.577626
v -4.993363 2.331716 1.551137
v -4.664467 3.898147 0.248785
v -4.818345 3.912631 0.247935
v -4.809608 2.234282 1.455982
v -4.969029 2.227951 1.429493
v -4.673061 3.799858 0.129812
v -4.826940 3.814343 0.128961
v -4.703061 3.656904 0.432321
v -4.740245 3.422133 0.606038
v -4.767664 3.198157 0.807043
v -4.773269 2.952850 1.008263
v -4.788697 2.704246 1.204899
v -4.926327 2.714942 1.201427
v -4.910398 2.952850 0.992014
v -4.888735 3.183980 0.775683
v -4.848504 3.422133 0.593210
v -4.844053 3.656930 0.415557
v -4.792865 2.616131 1.098659
v -4.760821 2.864088 0.903216
v -4.734591 3.118503 0.715369
v -4.728612 3.339108 0.507860
v -4.690266 3.565625 0.324337
v -4.831257 3.565652 0.307573
v -4.836864 3.339132 0.494981
v -4.855662 3.104326 0.684009
v -4.897950 2.864088 0.886967
v -4.930495 2.626827 1.095187
v -4.867465 4.135832 0.041009
v -4.896727 4.135832 0.287957
v -4.867465 3.897861 0.041009
v -4.896727 3.897861 0.287957
v -4.370817 3.936869 0.136244
v -3.756496 3.827338 0.193462
v -3.779298 3.827338 0.385893
v -4.391575 3.936869 0.311429
v -3.756496 3.639958 0.193462
v -4.371611 3.758011 0.136405
v -4.392310 3.758011 0.311087
v -3.779298 3.639958 0.385893
v -4.634891 2.348513 -0.891828
v -3.641838 2.348513 -0.774157
v -3.641838 2.498513 -0.774157
v -4.652541 2.498513 -0.742870
v -3.659489 2.348513 -0.625199
v -3.659489 2.498513 -0.625199
v -4.634891 2.498513 -0.891828
v -4.652541 2.348513 -0.742871
v -4.888247 2.348513 1.246291
v -3.895194 2.348513 1.363962
v -3.895194 2.498513 1.363962
v -4.870595 2.498513 1.097333
v -3.877543 2.348513 1.215005
v -3.877543 2.498513 1.215005
v -4.888247 2.498513 1.246291
v -4.870595 2.348513 1.097333
v -4.782712 2.349996 1.106197
v -4.931670 2.349996 1.088546
v -4.713977 2.349996 -0.748601
v -4.713977 2.499996 -0.748601
v -4.782712 2.499996 1.106197
v -4.931670 2.499996 1.088546
v -4.565020 2.349996 -0.730950
v -4.565020 2.499996 -0.730950
v -4.912161 2.318028 1.448118
v -3.921139 2.295913 1.582924
v -4.812343 2.313846 1.463607
v -4.780674 2.284265 1.493254
v -4.597216 2.305003 1.496840
v -4.519231 2.291122 1.518232
v -4.356517 2.312334 1.518944
v -4.284010 2.293462 1.544056
v -4.086151 2.307833 1.554921
v -4.030446 2.279255 1.586539
v -3.955793 2.296190 1.579899
v -4.906476 2.373614 1.400133
v -3.912558 2.375544 1.510502
v -4.760949 3.858375 0.172006
v -4.687076 3.074083 -0.451425
v -3.767897 3.675624 0.289677
v -3.695233 3.043628 -0.323543
v -4.609736 2.318028 -1.104106
v -3.614653 2.295913 -1.003569
v -4.509062 2.313846 -1.095838
v -4.471342 2.284265 -1.117263
v -4.292126 2.305003 -1.077873
v -4.211301 2.291122 -1.080447
v -4.052927 2.312334 -1.043112
v -3.976559 2.293462 -1.050584
v -3.781640 2.307833 -1.014906
v -3.720088 2.279254 -1.032630
v -3.649055 2.296190 -1.008726
v -4.615422 2.373614 -1.056121
v -3.623235 2.375544 -0.931147
vn -0.1177 -0.0000 0.9931
vn -0.0000 -1.0000 -0.0000
vn -0.0000 1.0000 -0.0000
vn -0.9931 -0.0000 -0.1177
vn 0.1177 -0.0000 -0.9931
vn 0.9931 -0.0000 0.1177
vn 0.3803 0.6427 -0.6651
vn -0.2536 0.8053 -0.5360
vn -0.3411 0.7105 0.6155
vn 0.2254 0.6163 0.7545
vn -0.6959 -0.2551 -0.6713
vn -0.7912 -0.3661 0.4898
vn -0.2578 -0.6778 -0.6885
vn 0.3556 -0.7607 -0.5430
vn 0.2211 -0.7440 0.6305
vn -0.3870 -0.5980 0.7019
vn 0.7908 0.3379 -0.5104
vn 0.6600 0.3532 0.6630
vn 0.3111 0.6125 -0.7267
vn 0.1804 0.6973 0.6937
vn -0.3508 -0.6688 0.6555
vn -0.3552 -0.6520 0.6699
vn 0.1884 0.6710 0.7172
vn -0.3328 -0.6036 0.7245
vn 0.2018 0.6957 0.6894
vn -0.3519 -0.6173 0.7037
vn 0.2284 0.6720 0.7045
vn -0.1902 -0.6310 -0.7521
vn 0.3449 0.6470 -0.6801
vn -0.2016 -0.6755 -0.7092
vn 0.3333 0.6107 -0.7183
vn -0.1996 -0.6905 -0.6952
vn 0.3702 0.6198 -0.6919
vn -0.2081 -0.6704 -0.7122
vn 0.4092 0.9112 0.0485
vn 0.3797 0.9240 0.0450
vn 0.3957 0.6056 -0.6904
vn -0.2370 0.7083 -0.6649
vn -0.3261 0.8111 0.4855
vn 0.2446 0.6413 0.7273
vn -0.7035 -0.3592 -0.6132
vn -0.7975 -0.2506 0.5488
vn -0.2463 -0.6862 -0.6845
vn 0.3660 -0.7677 -0.5259
vn 0.2391 -0.7382 0.6308
vn -0.3726 -0.6019 0.7063
vn 0.8023 0.3130 -0.5083
vn 0.6785 0.3409 0.6507
vn 0.3398 0.5976 -0.7262
vn 0.2124 0.6869 0.6951
vn -0.3352 -0.6396 0.6918
vn -0.3420 -0.6927 0.6349
vn 0.1929 0.6271 0.7547
vn -0.3781 -0.7110 0.5929
vn 0.1296 0.5851 0.8005
vn -0.3866 -0.6372 0.6667
vn 0.1975 0.6468 0.7367
vn -0.1844 -0.6737 -0.7156
vn 0.3748 0.6701 -0.6406
vn -0.1616 -0.6502 -0.7424
vn 0.3529 0.7270 -0.5891
vn -0.1525 -0.5653 -0.8106
vn 0.3664 0.6598 -0.6560
vn -0.2161 -0.6267 -0.7487
vn 0.6984 0.7135 0.0558
vn -0.0108 0.9997 -0.0219
vn -0.0823 0.7143 0.6949
vn 0.5182 0.5901 0.6191
vn 0.7135 -0.6983 0.0574
vn 0.5182 -0.5901 0.6191
vn -0.0823 -0.7143 0.6949
vn 0.0155 -0.9997 -0.0191
vn 0.0562 -0.6973 -0.7146
vn 0.1125 0.7280 -0.6763
vn 0.6911 0.5597 -0.4573
vn 0.6048 -0.6127 -0.5087
vn 0.6954 -0.7107 0.1063
vn 0.7037 0.7023 0.1078
vn 0.6695 0.7385 0.0793
vn 0.7330 -0.6746 0.0869
vn 0.0265 -0.9996 0.0031
vn -0.0107 -0.9998 0.0171
vn 0.0055 0.9998 0.0188
vn -0.0265 0.9996 -0.0031
vn 0.6549 0.7220 0.2232
vn -0.0260 0.9775 0.2094
vn -0.0952 0.5872 0.8038
vn 0.5325 0.4789 0.6979
vn 0.7481 -0.6566 -0.0964
vn 0.5151 -0.6759 0.5271
vn -0.0691 -0.8092 0.5834
vn 0.0390 -0.9695 -0.2418
vn 0.0431 -0.8131 -0.5805
vn 0.1144 0.6028 -0.7896
vn 0.7260 0.4501 -0.5199
vn 0.5814 -0.6935 -0.4256
vn 0.6883 -0.6735 0.2697
vn 0.6994 0.7121 -0.0605
vn 0.6552 0.7515 0.0776
vn 0.7649 -0.6378 0.0906
vn 0.0208 -0.9998 0.0025
vn -0.0345 -0.9698 0.2416
vn 0.0392 0.9774 -0.2077
vn -0.0024 1.0000 -0.0003
vn 0.6069 0.0117 0.7947
vn -0.1378 0.0084 0.9904
vn -0.1177 -0.0078 0.9930
vn 0.6189 -0.0111 0.7854
vn 0.7947 0.0117 -0.6069
vn 0.7854 -0.0111 -0.6190
vn 0.1177 -0.0078 -0.9930
vn 0.1376 0.0082 -0.9905
vn 0.7811 -0.0053 -0.6244
vn 0.6241 -0.0052 0.7814
vn 0.5751 -0.0000 0.8181
vn 0.8181 -0.0000 -0.5751
vn 0.1579 -0.0000 -0.9874
vn 0.1077 -0.0035 -0.9942
vn -0.1092 -0.0039 0.9940
vn -0.1579 -0.0000 0.9874
vn 0.6890 0.0242 0.7243
vn -0.0589 0.0172 0.9981
vn 0.7240 0.0239 -0.6894
vn 0.0589 0.0169 -0.9981
vn 0.6211 0.0035 0.7837
vn -0.1139 0.0024 0.9935
vn -0.1177 -0.0085 0.9930
vn 0.6189 -0.0121 0.7853
vn 0.7837 0.0035 -0.6211
vn 0.7853 -0.0121 -0.6189
vn 0.1177 -0.0085 -0.9930
vn 0.1139 0.0025 -0.9935
vn 0.7689 0.0034 -0.6394
vn 0.6391 0.0033 0.7691
vn 0.6271 0.0167 0.7787
vn 0.7787 0.0167 -0.6271
vn 0.1099 0.0118 -0.9939
vn 0.0825 0.0024 -0.9966
vn -0.0829 0.0024 0.9966
vn -0.1099 0.0118 0.9939
vn 0.6912 -0.0077 0.7226
vn -0.0555 -0.0054 0.9984
vn 0.7224 -0.0076 -0.6915
vn 0.0555 -0.0053 -0.9984
vn 0.7833 0.0016 -0.6216
vn 0.4525 -0.0023 0.8918
vn 0.4348 -0.0183 0.9003
vn 0.7857 -0.0070 -0.6186
vn 0.7683 -0.0002 -0.6401
vn 0.4698 0.0129 0.8827
vn 0.4714 0.0099 0.8819
vn 0.7803 0.0097 -0.6253
vn 0.7256 -0.0099 -0.6880
vn 0.5177 0.0185 0.8553
vn 0.0780 -0.0013 -0.9970
vn 0.0450 -0.0109 -0.9989
vn -0.4749 0.0234 0.8797
vn -0.4682 0.0129 0.8835
vn -0.4619 0.0054 0.8869
vn -0.4932 -0.0036 0.8699
vn 0.1139 0.0012 -0.9935
vn 0.1101 0.0080 -0.9939
vn 0.1177 -0.0058 -0.9930
vn -0.5248 -0.0155 0.8511
vn 0.7670 -0.6349 0.0925
vn 0.0655 -0.9977 0.0146
vn 0.0365 -0.9993 0.0109
vn 0.7221 -0.6858 0.0916
vn 0.6315 0.7730 0.0610
vn 0.6810 0.7279 0.0799
vn 0.0078 -0.9999 0.0073
vn 0.7082 -0.6997 0.0939
vn 0.6934 0.7143 0.0942
vn -0.0096 0.9999 0.0080
vn -0.0373 0.9993 -0.0074
vn -0.0646 0.9977 -0.0227
vn 0.6935 0.7143 0.0942
vn 0.7674 0.6349 0.0893
vn 0.0671 0.9977 0.0011
vn 0.0380 0.9993 -0.0021
vn 0.7235 0.6858 0.0797
vn 0.6283 -0.7730 0.0883
vn 0.6808 -0.7279 0.0814
vn 0.0093 0.9999 -0.0053
vn 0.7105 0.6997 0.0742
vn 0.6962 -0.7143 0.0705
vn -0.0075 -0.9999 -0.0101
vn -0.0380 -0.9993 -0.0015
vn -0.0681 -0.9977 0.0070
vn 0.9903 -0.0669 0.1216
vn 0.9926 -0.0375 0.1158
vn 0.9939 -0.0086 0.1100
vn 0.6963 -0.7143 0.0705
vn 0.4798 -0.8755 0.0569
vn 0.0569 -0.8755 -0.4798
vn -0.4798 -0.8755 -0.0569
vn -0.0569 -0.8755 0.4798
vn -0.1175 0.0510 0.9918
vn -0.9918 0.0510 -0.1175
vn 0.1175 0.0510 -0.9918
vn 0.9918 0.0510 0.1175
vn -0.1176 0.0300 0.9926
vn 0.1176 0.0300 -0.9926
vn 0.9926 0.0300 0.1176
vn -0.9926 0.0300 -0.1176
vn -0.0538 -0.8894 0.4539
vn 0.4539 -0.8894 0.0538
vn 0.0538 -0.8894 -0.4539
vn -0.4539 -0.8894 -0.0538
vn -0.9899 0.0800 -0.1173
vn 0.1173 0.0800 -0.9899
vn 0.9899 0.0800 0.1173
vn -0.1173 0.0800 0.9899
vn -0.9925 0.0322 -0.1176
vn 0.9925 0.0322 0.1176
vn -0.1176 0.0322 0.9925
vn 0.1176 0.0322 -0.9925
vn -0.0558 0.7135 0.6984
vn 0.0219 0.9997 -0.0108
vn -0.6949 0.7143 -0.0823
vn -0.6191 0.5901 0.5182
vn -0.0574 -0.6983 0.7135
vn -0.6191 -0.5901 0.5182
vn -0.6949 -0.7143 -0.0823
vn 0.0191 -0.9997 0.0155
vn 0.7146 -0.6973 0.0562
vn 0.6763 0.7280 0.1125
vn 0.4573 0.5597 0.6911
vn 0.5087 -0.6127 0.6048
vn -0.1063 -0.7107 0.6954
vn -0.1078 0.7023 0.7037
vn -0.0793 0.7385 0.6695
vn -0.0869 -0.6746 0.7330
vn -0.0031 -0.9996 0.0265
vn -0.0171 -0.9998 -0.0107
vn -0.0188 0.9998 0.0055
vn 0.0031 0.9996 -0.0265
vn -0.2232 0.7220 0.6549
vn -0.2094 0.9775 -0.0260
vn -0.8038 0.5872 -0.0952
vn -0.6979 0.4789 0.5325
vn 0.0964 -0.6566 0.7481
vn -0.5271 -0.6759 0.5151
vn -0.5834 -0.8092 -0.0691
vn 0.2418 -0.9695 0.0390
vn 0.5805 -0.8131 0.0431
vn 0.7896 0.6028 0.1144
vn 0.5199 0.4501 0.7260
vn 0.4256 -0.6935 0.5814
vn -0.2697 -0.6735 0.6883
vn 0.0605 0.7121 0.6994
vn -0.0776 0.7515 0.6552
vn -0.0906 -0.6378 0.7649
vn -0.0025 -0.9998 0.0208
vn -0.2416 -0.9698 -0.0345
vn 0.2077 0.9774 0.0392
vn 0.0003 1.0000 -0.0024
vn -0.7947 0.0117 0.6069
vn -0.9904 0.0084 -0.1378
vn -0.9930 -0.0078 -0.1177
vn -0.7854 -0.0111 0.6190
vn 0.6190 -0.0111 0.7854
vn 0.9930 -0.0078 0.1177
vn 0.9905 0.0082 0.1376
vn 0.6244 -0.0053 0.7811
vn -0.7814 -0.0052 0.6241
vn -0.8181 -0.0000 0.5751
vn 0.9874 -0.0000 0.1579
vn 0.9942 -0.0035 0.1077
vn -0.9940 -0.0039 -0.1092
vn -0.9874 -0.0000 -0.1579
vn -0.7243 0.0242 0.6890
vn -0.9981 0.0172 -0.0589
vn 0.6894 0.0239 0.7240
vn 0.9981 0.0169 0.0589
vn -0.7837 0.0035 0.6211
vn -0.9935 0.0024 -0.1139
vn -0.9930 -0.0085 -0.1177
vn -0.7853 -0.0121 0.6189
vn 0.9930 -0.0085 0.1177
vn 0.9935 0.0025 0.1139
vn 0.6394 0.0034 0.7689
vn -0.7691 0.0033 0.6391
vn -0.7787 0.0167 0.6271
vn 0.9939 0.0118 0.1099
vn 0.9966 0.0024 0.0825
vn -0.9966 0.0024 -0.0829
vn -0.9939 0.0118 -0.1099
vn -0.7226 -0.0077 0.6912
vn -0.9984 -0.0054 -0.0555
vn 0.6915 -0.0076 0.7224
vn 0.9984 -0.0053 0.0555
vn 0.6216 0.0016 0.7833
vn -0.8918 -0.0023 0.4525
vn -0.9003 -0.0183 0.4348
vn 0.6186 -0.0070 0.7857
vn 0.6401 -0.0002 0.7683
vn -0.8827 0.0129 0.4698
vn -0.8819 0.0099 0.4714
vn 0.6253 0.0097 0.7803
vn 0.6880 -0.0099 0.7256
vn -0.8553 0.0185 0.5177
vn 0.9970 -0.0013 0.0780
vn 0.9989 -0.0109 0.0450
vn -0.8797 0.0234 -0.4749
vn -0.8835 0.0129 -0.4682
vn -0.8869 0.0054 -0.4619
vn -0.8699 -0.0036 -0.4932
vn 0.9935 0.0012 0.1139
vn 0.9939 0.0080 0.1101
vn 0.9930 -0.0058 0.1177
vn -0.8511 -0.0155 -0.5248
vn -0.0925 -0.6349 0.7670
vn -0.0146 -0.9977 0.0655
vn -0.0109 -0.9993 0.0365
vn -0.0916 -0.6858 0.7221
vn -0.0610 0.7730 0.6315
vn -0.0799 0.7279 0.6810
vn -0.0073 -0.9999 0.0078
vn -0.0939 -0.6997 0.7082
vn -0.0942 0.7143 0.6935
vn -0.0080 0.9999 -0.0096
vn 0.0074 0.9993 -0.0373
vn 0.0227 0.9977 -0.0646
vn -0.0916 -0.6857 0.7221
vn -0.0893 0.6349 0.7674
vn -0.0011 0.9977 0.0671
vn 0.0021 0.9993 0.0381
vn -0.0797 0.6857 0.7235
vn -0.0883 -0.7730 0.6283
vn -0.0814 -0.7279 0.6808
vn 0.0053 0.9999 0.0093
vn -0.0742 0.6997 0.7105
vn -0.0705 -0.7143 0.6963
vn 0.0101 -0.9999 -0.0075
vn 0.0015 -0.9993 -0.0380
vn -0.0070 -0.9977 -0.0681
vn -0.1216 -0.0669 0.9903
vn -0.1158 -0.0375 0.9926
vn -0.1100 -0.0086 0.9939
vn -0.1178 0.0001 0.9930
vn 0.0001 1.0000 -0.0014
vn -0.9929 0.0001 -0.1191
vn 0.8920 -0.4391 0.1076
vn 0.9929 0.0001 0.1191
vn -0.8931 0.4367 -0.1077
vn -0.0002 -1.0000 0.0014
vn 0.1175 -0.0001 -0.9931
vn -0.9932 -0.0001 -0.1163
vn 0.8924 0.4391 0.1039
vn 0.9932 -0.0001 0.1163
vn -0.8936 -0.4367 -0.1040
vn 0.0558 0.7135 -0.6984
vn -0.0219 0.9997 0.0108
vn 0.6949 0.7143 0.0823
vn 0.6191 0.5901 -0.5182
vn 0.0574 -0.6983 -0.7135
vn 0.6191 -0.5901 -0.5182
vn 0.6949 -0.7143 0.0823
vn -0.0191 -0.9997 -0.0155
vn -0.7146 -0.6973 -0.0562
vn -0.6763 0.7280 -0.1125
vn -0.4573 0.5597 -0.6911
vn -0.5087 -0.6127 -0.6048
vn 0.1063 -0.7107 -0.6954
vn 0.1078 0.7023 -0.7037
vn 0.0793 0.7385 -0.6695
vn 0.0869 -0.6746 -0.7330
vn 0.0031 -0.9996 -0.0265
vn 0.0171 -0.9998 0.0107
vn 0.0188 0.9998 -0.0055
vn -0.0031 0.9996 0.0265
vn 0.2232 0.7220 -0.6549
vn 0.2094 0.9775 0.0260
vn 0.8038 0.5872 0.0952
vn 0.6979 0.4789 -0.5325
vn -0.0964 -0.6566 -0.7481
vn 0.5271 -0.6759 -0.5151
vn 0.5834 -0.8092 0.0691
vn -0.2418 -0.9695 -0.0390
vn -0.5805 -0.8131 -0.0431
vn -0.7896 0.6028 -0.1144
vn -0.5199 0.4501 -0.7260
vn -0.4256 -0.6935 -0.5814
vn 0.2697 -0.6735 -0.6883
vn -0.0605 0.7121 -0.6994
vn 0.0776 0.7515 -0.6552
vn 0.0906 -0.6378 -0.7649
vn 0.0025 -0.9998 -0.0208
vn 0.2416 -0.9698 0.0345
vn -0.2077 0.9774 -0.0392
vn -0.0003 1.0000 0.0024
vn 0.9904 0.0084 0.1378
vn -0.6069 0.0117 -0.7947
vn -0.6190 -0.0111 -0.7854
vn -0.9905 0.0082 -0.1376
vn -0.6244 -0.0053 -0.7811
vn 0.7814 -0.0052 -0.6241
vn -0.5751 -0.0000 -0.8181
vn -0.9942 -0.0035 -0.1077
vn 0.9940 -0.0039 0.1092
vn 0.7243 0.0242 -0.6890
vn 0.9981 0.0172 0.0589
vn -0.6894 0.0239 -0.7240
vn -0.9981 0.0169 -0.0589
vn 0.9935 0.0024 0.1139
vn -0.6211 0.0035 -0.7837
vn -0.6189 -0.0121 -0.7853
vn -0.9930 -0.0086 -0.1177
vn -0.9935 0.0025 -0.1139
vn -0.6394 0.0034 -0.7689
vn 0.7691 0.0033 -0.6391
vn -0.6271 0.0167 -0.7787
vn -0.9966 0.0024 -0.0825
vn 0.9966 0.0024 0.0829
vn 0.7226 -0.0077 -0.6912
vn 0.9984 -0.0054 0.0555
vn -0.6915 -0.0076 -0.7224
vn -0.9984 -0.0053 -0.0555
vn -0.6216 0.0016 -0.7833
vn 0.8918 -0.0023 -0.4525
vn 0.9003 -0.0183 -0.4348
vn -0.6186 -0.0070 -0.7857
vn -0.6401 -0.0002 -0.7683
vn 0.8827 0.0129 -0.4698
vn 0.8819 0.0099 -0.4714
vn -0.6253 0.0097 -0.7803
vn -0.6880 -0.0099 -0.7256
vn 0.8553 0.0185 -0.5177
vn -0.9970 -0.0013 -0.0780
vn -0.9989 -0.0109 -0.0450
vn 0.8797 0.0234 0.4749
vn 0.8835 0.0129 0.4682
vn 0.8869 0.0054 0.4619
vn 0.8699 -0.0036 0.4932
vn -0.9935 0.0012 -0.1139
vn -0.9939 0.0079 -0.1101
vn -0.9930 -0.0058 -0.1177
vn 0.8511 -0.0155 0.5248
vn 0.0925 -0.6349 -0.7670
vn 0.0146 -0.9977 -0.0655
vn 0.0109 -0.9993 -0.0365
vn 0.0916 -0.6858 -0.7221
vn 0.0610 0.7730 -0.6315
vn 0.0799 0.7279 -0.6810
vn 0.0073 -0.9999 -0.0078
vn 0.0939 -0.6997 -0.7082
vn 0.0942 0.7143 -0.6935
vn 0.0080 0.9999 0.0096
vn -0.0074 0.9993 0.0373
vn -0.0227 0.9977 0.0646
vn 0.0916 -0.6857 -0.7221
vn 0.0893 0.6349 -0.7674
vn 0.0011 0.9977 -0.0671
vn -0.0021 0.9993 -0.0381
vn 0.0797 0.6857 -0.7235
vn 0.0883 -0.7730 -0.6283
vn 0.0814 -0.7279 -0.6808
vn -0.0053 0.9999 -0.0093
vn 0.0742 0.6997 -0.7105
vn 0.0705 -0.7143 -0.6963
vn -0.0101 -0.9999 0.0075
vn -0.0015 -0.9993 0.0380
vn 0.0070 -0.9977 0.0681
vn 0.1216 -0.0669 -0.9903
vn 0.1158 -0.0375 -0.9926
vn 0.1100 -0.0086 -0.9939
vn 0.1178 0.0001 -0.9930
vn -0.0001 1.0000 0.0014
vn -0.8920 -0.4391 -0.1076
vn 0.8931 0.4367 0.1077
vn 0.0002 -1.0000 -0.0014
vn 0.9929 0.0001 0.1190
vn -0.7947 0.0116 0.6069
vn -0.7854 -0.0111 0.6189
vn -0.9874 -0.0000 -0.1580
vn -0.0942 0.7143 0.6934
vn -0.7897 0.6028 -0.1144
vn 0.9874 -0.0000 0.1580
vn 0.0942 0.7143 -0.6934
vn -0.1176 -0.0219 0.9928
vn 0.9928 -0.0219 0.1176
vn 0.1176 -0.0219 -0.9928
vn -0.9928 -0.0219 -0.1176
vn -0.9928 0.0245 -0.1176
vn -0.9929 0.0187 -0.1177
vn -0.9929 0.0188 -0.1177
vn 0.1177 0.0146 -0.9929
vn 0.1177 0.0125 -0.9930
vn 0.1177 0.0147 -0.9929
vn 0.9929 0.0147 0.1177
vn 0.9930 0.0125 0.1177
vn -0.1177 0.0081 0.9930
vn -0.1177 0.0105 0.9930
vn -0.1176 0.0251 0.9927
vn 0.9929 0.0171 0.1177
vn 0.1177 0.0171 -0.9929
vn -0.9930 -0.0075 -0.1177
vn -0.9918 0.0497 -0.1175
vn 0.1175 0.0497 -0.9918
vn 0.9918 0.0497 0.1175
vn -0.1175 0.0497 0.9918
vn -0.9930 0.0130 -0.1177
vn 0.1177 0.0130 -0.9930
vn 0.9930 0.0130 0.1177
vn -0.1177 0.0130 0.9930
vn -0.1177 -0.0045 0.9930
vn -0.1177 -0.0113 0.9930
vn 0.9930 -0.0045 0.1177
vn 0.9930 -0.0113 0.1177
vn 0.1177 -0.0045 -0.9930
vn 0.1177 -0.0113 -0.9930
vn -0.9930 -0.0045 -0.1177
vn -0.9930 -0.0113 -0.1177
vn 0.1177 0.0073 -0.9930
vn 0.9930 0.0073 0.1177
vn -0.1177 0.0053 0.9930
vn -0.9930 0.0024 -0.1177
vn -0.9437 -0.0000 -0.3309
vn 0.9349 -0.0000 -0.3550
vn 0.9403 -0.0000 -0.3402
vn 0.0256 -0.9760 -0.2161
vn 0.0528 0.8938 -0.4454
vn 0.0544 -0.8866 -0.4593
vn 0.0544 0.8866 -0.4593
vn -0.8260 -0.0000 -0.5636
vn 0.0256 0.9760 -0.2161
vn 0.0528 -0.8938 -0.4454
vn 0.9949 -0.0000 -0.1012
vn -0.8348 -0.0000 -0.5506
vn 0.3012 -0.4896 -0.8183
vn -0.0736 0.4319 -0.8989
vn -0.1786 0.3709 -0.9113
vn 0.4202 -0.4204 -0.8042
vn 0.1296 0.9914 0.0154
vn 0.1685 0.5254 -0.8340
vn 0.0311 0.5254 -0.8503
vn -0.1296 0.9914 -0.0154
vn -0.0434 0.4635 0.8850
vn -0.1646 0.4635 0.8707
vn 0.3866 0.3709 -0.8444
vn 0.6045 0.7934 0.0716
vn 0.3800 0.9239 0.0450
vn 0.2817 0.4319 -0.8568
vn -0.0311 -0.5254 0.8503
vn -0.1685 -0.5254 0.8340
vn -0.1296 -0.9914 -0.0154
vn 0.1296 -0.9914 0.0154
vn 0.2817 -0.4319 -0.8568
vn 0.1646 -0.4635 -0.8707
vn 0.3800 -0.9239 0.0450
vn 0.0434 -0.4635 -0.8850
vn -0.0434 -0.4635 0.8850
vn 0.0736 -0.4319 0.8989
vn 0.1646 0.4635 -0.8707
vn 0.3012 0.4896 -0.8183
vn 0.0736 0.4319 0.8989
vn -0.7878 -0.6088 -0.0934
vn -0.3177 -0.3226 -0.8916
vn -0.2206 -0.4204 -0.8801
vn -0.6045 -0.7934 -0.0716
vn -0.4202 -0.4204 0.8042
vn -0.3800 -0.9239 -0.0450
vn -0.3012 -0.4896 0.8183
vn 0.1016 0.4896 0.8660
vn -0.0311 0.5254 0.8503
vn -0.1646 -0.4635 0.8707
vn -0.2817 -0.4319 0.8568
vn -0.0736 -0.4319 -0.8989
vn 0.2643 0.2846 0.9215
vn -0.5173 -0.3226 0.7927
vn 0.1786 0.3709 0.9113
vn 0.4202 0.4204 -0.8042
vn -0.3864 -0.2028 -0.8997
vn 0.5329 0.1789 -0.8270
vn 0.4723 0.2846 -0.8342
vn -0.1786 -0.3709 -0.9113
vn -0.3249 -0.1789 -0.9287
vn -0.9175 -0.3827 -0.1087
vn -0.2643 -0.2846 -0.9215
vn -0.5329 -0.1789 0.8270
vn -0.4723 -0.2846 0.8342
vn 0.7878 0.6088 0.0934
vn 0.5173 0.3226 -0.7927
vn -0.4220 -0.0692 -0.9040
vn 0.5643 0.0610 -0.8233
vn 0.3864 0.2028 0.8998
vn 0.3177 0.3226 0.8916
vn 0.9175 0.3827 0.1087
vn 0.2206 0.4204 0.8801
vn -0.3866 -0.3709 0.8444
vn 0.5860 0.2028 -0.7845
vn -0.4220 0.0692 -0.9040
vn 0.5643 -0.0610 -0.8233
vn -0.3563 0.0610 -0.9324
vn -0.9846 0.1305 -0.1167
vn -0.9846 -0.1305 -0.1167
vn -0.3563 -0.0610 -0.9324
vn -0.5643 0.0610 0.8233
vn -0.5643 -0.0610 0.8233
vn 0.9846 0.1305 0.1167
vn 0.6216 0.0692 -0.7803
vn -0.3864 0.2028 -0.8997
vn 0.5329 -0.1789 -0.8270
vn 0.4220 -0.0692 0.9040
vn 0.4220 0.0692 0.9040
vn 0.9846 -0.1305 0.1167
vn 0.6216 -0.0692 -0.7803
vn -0.3177 0.3226 -0.8916
vn 0.4723 -0.2846 -0.8342
vn -0.2643 0.2846 -0.9215
vn -0.7878 0.6088 -0.0934
vn -0.9175 0.3827 -0.1087
vn -0.3249 0.1789 -0.9287
vn -0.4723 0.2846 0.8342
vn -0.5329 0.1789 0.8270
vn 0.9175 -0.3827 0.1087
vn 0.5860 -0.2028 -0.7845
vn -0.2206 0.4204 -0.8801
vn 0.3866 -0.3709 -0.8444
vn 0.3177 -0.3226 0.8916
vn 0.3864 -0.2028 0.8998
vn 0.7878 -0.6088 0.0934
vn 0.5173 -0.3226 -0.7927
vn -0.1016 0.4896 -0.8660
vn -0.3800 0.9239 -0.0450
vn -0.2817 0.4319 0.8568
vn -0.3866 0.3709 0.8444
vn -0.6045 0.7934 -0.0716
vn 0.6045 -0.7934 0.0716
vn 0.1016 -0.4896 0.8660
vn 0.2206 -0.4204 0.8801
vn -0.1685 0.5254 0.8340
vn -0.1016 -0.4896 -0.8660
vn 0.0311 -0.5254 -0.8503
vn 0.3249 0.1789 0.9287
vn -0.3012 0.4896 0.8183
vn 0.1685 -0.5254 -0.8340
vn 0.0434 0.4635 -0.8850
vn -0.5860 -0.2028 0.7845
vn 0.3563 0.0610 0.9324
vn -0.6216 -0.0692 0.7803
vn 0.3563 -0.0610 0.9324
vn -0.6216 0.0692 0.7803
vn 0.3249 -0.1789 0.9287
vn -0.5860 0.2028 0.7845
vn 0.2643 -0.2846 0.9215
vn -0.5173 0.3226 0.7927
vn 0.1786 -0.3709 0.9113
vn -0.4202 0.4204 0.8042
vn 0.9793 0.1657 0.1160
vn 0.8046 0.1228 -0.5810
vn 0.7140 0.3880 -0.5828
vn 0.8494 0.5181 0.1006
vn -0.5054 -0.5774 -0.6413
vn 0.6413 -0.5774 -0.5054
vn 0.7022 -0.7071 0.0832
vn -0.7022 -0.7071 -0.0832
vn -0.9778 -0.1745 -0.1159
vn -0.5603 -0.1157 -0.8202
vn -0.4574 -0.3492 -0.8178
vn -0.8385 -0.5357 -0.0994
vn -0.5951 -0.8005 -0.0705
vn -0.3117 -0.5368 -0.7840
vn -0.3028 -0.9524 -0.0359
vn -0.1116 -0.6290 -0.7693
vn 0.5303 0.5820 -0.6165
vn 0.6108 0.7884 0.0724
vn 0.3068 0.7100 -0.6338
vn 0.3061 0.9513 0.0363
vn 0.0866 -0.6766 -0.7312
vn 0.0802 0.7314 -0.6772
vn -0.9793 0.1657 -0.1160
vn -0.8494 0.5181 -0.1006
vn -0.5581 0.3880 -0.7335
vn -0.6465 0.1228 -0.7529
vn 0.6413 -0.5773 -0.5054
vn 0.9778 -0.1745 0.1159
vn 0.7364 -0.1157 -0.6665
vn 0.6359 -0.3492 -0.6883
vn 0.4863 -0.5368 -0.6895
vn 0.5951 -0.8005 0.0705
vn 0.8385 -0.5357 0.0994
vn 0.2883 -0.6290 -0.7219
vn 0.3028 -0.9524 0.0359
vn -0.6108 0.7884 -0.0724
vn -0.3715 0.5820 -0.7233
vn -0.3061 0.9513 -0.0363
vn -0.1501 0.7100 -0.6880
vn -0.5064 -0.5802 -0.6379
vn 0.6414 -0.5802 -0.5019
vn -0.8623 0.3099 -0.4005
vn -0.5044 0.5744 -0.6446
vn 0.9337 0.3015 -0.1930
vn 0.6411 0.5744 -0.5089
vn 0.6120 0.0201 0.7906
vn 0.5054 -0.5773 0.6413
vn -0.6038 -0.5926 0.5331
vn -0.7911 -0.0060 0.6116
vn -0.6940 -0.7160 -0.0755
vn -0.9934 -0.0182 -0.1129
vn 0.4916 0.5194 0.6990
vn 0.6387 0.5872 -0.4973
vn -0.5527 0.5268 -0.6458
vn -0.7086 0.4758 0.5211
vn -0.9925 0.0073 -0.1221
vn 0.9301 0.3023 -0.2084
vn 0.6478 0.5996 -0.4699
vn -0.5201 0.5996 -0.6083
vn -0.8557 0.2433 -0.4567
vn 0.9238 0.3454 -0.1653
vn 0.6339 0.6048 -0.4820
vn -0.4821 0.6145 -0.6244
vn -0.8567 0.3465 -0.3821
vn 0.6320 0.0037 0.7750
vn -0.7956 0.0037 0.6058
vn -0.7625 -0.1566 0.6278
vn 0.6353 -0.0746 0.7686
vn 0.6413 0.5774 -0.5054
vn 0.5054 0.5774 0.6413
vn -0.6413 -0.5774 0.5054
vn -0.6413 0.5773 0.5054
vn -0.5054 0.5773 -0.6413
vn 0.6731 0.2569 -0.6935
vn 0.7476 0.6087 -0.2656
vn 0.6657 -0.5894 0.4576
vn 0.5943 -0.7917 -0.1417
vn -0.7542 -0.5894 0.2894
vn -0.6649 0.6087 -0.4330
vn -0.4923 0.2569 -0.8316
vn -0.5447 -0.7917 -0.2766
vn 0.5079 0.5708 0.6452
vn -0.6446 0.5708 0.5086
vn -0.6391 -0.5916 0.4916
vn 0.5065 -0.5916 0.6273
vn -0.6592 0.7322 -0.1713
vn 0.6810 0.7322 -0.0125
vn 0.7320 -0.6597 0.1702
vn -0.7515 -0.6597 -0.0056
vn -0.6381 0.6734 -0.3732
vn 0.7077 0.6734 -0.2137
vn 0.6966 -0.6263 0.3500
vn -0.7591 -0.6263 0.1775
vn 0.7854 -0.0000 -0.6190
vn 0.6190 -0.0000 0.7854
vn -0.7854 -0.0000 0.6190
vn -0.6190 -0.0000 -0.7854
vn 0.7828 0.0092 -0.6223
vn 0.6157 0.0092 0.7880
vn 0.6222 0.0093 0.7828
vn 0.7879 0.0093 -0.6157
vn -0.0887 -0.7057 0.7029
vn -0.0830 -0.7085 0.7008
vn 0.0834 -0.7054 -0.7039
vn 0.0872 -0.7088 -0.7000
vn -0.0882 0.7056 0.7031
vn -0.0830 0.7086 0.7007
vn 0.0834 0.7056 -0.7037
vn 0.0878 0.7086 -0.7001
vn -0.0780 -0.7057 0.7042
vn 0.0788 -0.7088 -0.7010
vn -0.0786 0.7056 0.7043
vn 0.0783 0.7086 -0.7012
vn -0.0842 0.6989 0.7103
vn -0.0868 0.6754 0.7323
vn 0.0868 0.6754 -0.7323
vn 0.0842 0.6989 -0.7103
vn -0.7532 0.4704 0.4598
vn -0.6194 -0.0393 0.7841
vn 0.5351 -0.1015 0.8387
vn 0.6740 0.4395 0.5937
vn -0.6262 -0.7744 -0.0903
vn 0.5320 -0.8463 -0.0295
vn -0.7122 -0.3766 -0.5924
vn -0.5159 0.0993 -0.8509
vn 0.6394 0.0772 -0.7650
vn 0.7102 -0.4583 -0.5344
vn -0.5631 0.8260 0.0241
vn 0.5842 0.8012 0.1299
vn -0.7194 0.4538 0.5259
vn 0.6695 0.4038 0.6235
vn 0.7354 -0.4385 -0.5166
vn 0.7935 -0.4307 -0.4300
vn 0.5954 0.4791 0.6449
vn 0.8042 -0.4556 -0.3816
vn 0.5910 0.4854 0.6443
vn 0.7589 -0.4299 -0.4892
vn 0.6464 0.4295 0.6306
vn -0.6456 -0.4084 -0.6453
vn -0.7605 0.4573 0.4610
vn -0.6358 -0.4546 -0.6238
vn -0.8234 0.4096 0.3928
vn -0.5761 -0.5266 -0.6252
vn -0.7803 0.4247 0.4591
vn -0.6310 -0.4279 -0.6471
vn -0.6600 0.3807 -0.6476
vn -0.6221 0.7714 -0.1336
vn 0.5335 0.8415 -0.0846
vn 0.7585 0.4042 -0.5112
vn -0.6218 0.0487 0.7817
vn 0.5462 0.1211 0.8288
vn -0.7240 -0.4844 0.4911
vn -0.5885 -0.8084 -0.0073
vn 0.5750 -0.8077 0.1308
vn 0.6737 -0.4340 0.5981
vn -0.4819 -0.0396 -0.8753
vn 0.6708 -0.0368 -0.7407
vn -0.6889 0.4497 -0.5684
vn 0.7315 0.5023 -0.4610
vn 0.6599 -0.4511 0.6009
vn 0.5995 -0.4863 0.6357
vn 0.7861 0.4194 -0.4540
vn 0.5541 -0.4853 0.6764
vn 0.8312 0.4191 -0.3654
vn 0.6307 -0.4478 0.6338
vn 0.7703 0.4608 -0.4407
vn -0.7486 -0.4734 0.4642
vn -0.6069 0.4503 -0.6549
vn -0.7753 -0.4563 0.4366
vn -0.5550 0.5195 -0.6497
vn -0.8367 -0.3834 0.3911
vn -0.6329 0.4686 -0.6163
vn -0.7723 -0.4400 0.4582
vn -0.2942 0.6644 0.6870
vn 0.3815 0.6784 0.6279
vn 0.5177 0.6784 -0.5213
vn -0.1314 0.6610 -0.7388
vn 0.5416 -0.4865 0.6855
vn 0.6868 -0.4865 -0.5399
vn 0.2267 -0.7076 -0.6693
vn 0.2198 -0.7367 -0.6395
vn -0.0259 0.6576 -0.7529
vn 0.0732 -0.7090 0.7014
vn -0.1848 0.6538 0.7338
vn 0.0772 -0.7307 0.6783
vn -0.1617 0.6585 0.7350
vn -0.1038 0.6656 0.7390
vn -0.0901 0.6696 0.7372
vn 0.0146 0.6585 -0.7524
vn 0.0717 0.6656 -0.7428
vn 0.0847 0.6696 -0.7379
vn -0.0146 0.6585 0.7524
vn 0.7546 0.4694 -0.4585
vn 0.6220 -0.0403 -0.7820
vn -0.5324 -0.1003 -0.8405
vn -0.6725 0.4405 -0.5947
vn 0.6236 -0.7764 0.0916
vn -0.5346 -0.8447 0.0278
vn 0.7122 -0.3766 0.5924
vn 0.5159 0.0993 0.8509
vn -0.6394 0.0772 0.7650
vn -0.7102 -0.4583 0.5344
vn 0.5631 0.8260 -0.0241
vn -0.5842 0.8012 -0.1299
vn 0.7194 0.4538 -0.5259
vn -0.6695 0.4038 -0.6235
vn -0.7368 -0.4377 0.5154
vn -0.7935 -0.4307 0.4300
vn -0.5954 0.4791 -0.6449
vn -0.8042 -0.4556 0.3816
vn -0.5910 0.4854 -0.6443
vn -0.7589 -0.4299 0.4892
vn -0.6464 0.4295 -0.6306
vn 0.6440 -0.4095 0.6462
vn 0.7605 0.4573 -0.4610
vn 0.6358 -0.4546 0.6238
vn 0.8234 0.4096 -0.3928
vn 0.5761 -0.5266 0.6252
vn 0.7803 0.4247 -0.4591
vn 0.6310 -0.4279 0.6471
vn 0.6600 0.3807 0.6476
vn 0.6221 0.7714 0.1336
vn -0.5335 0.8415 0.0846
vn -0.7585 0.4042 0.5112
vn 0.6218 0.0487 -0.7817
vn -0.5462 0.1211 -0.8288
vn 0.7219 -0.4858 -0.4927
vn 0.5854 -0.8107 0.0043
vn -0.5786 -0.8054 -0.1285
vn -0.6759 -0.4326 -0.5967
vn 0.4855 -0.0418 0.8733
vn -0.6678 -0.0347 0.7436
vn 0.6911 0.4481 0.5671
vn -0.7295 0.5036 0.4628
vn -0.6599 -0.4511 -0.6009
vn -0.5995 -0.4863 -0.6357
vn -0.7861 0.4194 0.4540
vn -0.5541 -0.4853 -0.6764
vn -0.8312 0.4191 0.3654
vn -0.6307 -0.4478 -0.6338
vn -0.7703 0.4608 0.4407
vn 0.7486 -0.4734 -0.4641
vn 0.6069 0.4503 0.6549
vn 0.7753 -0.4563 -0.4366
vn 0.5550 0.5195 0.6497
vn 0.8367 -0.3834 -0.3911
vn 0.6329 0.4686 0.6163
vn 0.7723 -0.4400 -0.4582
vn 0.2942 0.6644 -0.6870
vn -0.3815 0.6784 -0.6279
vn -0.5177 0.6784 0.5213
vn 0.1314 0.6610 0.7388
vn -0.5416 -0.4865 -0.6855
vn -0.6868 -0.4865 0.5399
vn -0.2267 -0.7076 0.6693
vn -0.2198 -0.7367 0.6395
vn 0.0259 0.6576 0.7529
vn -0.0732 -0.7090 -0.7014
vn 0.1848 0.6538 -0.7338
vn -0.0772 -0.7307 -0.6783
vn -0.0718 0.6656 0.7429
vn -0.0842 0.6715 0.7362
vn 0.1617 0.6585 -0.7350
vn 0.1038 0.6656 -0.7391
vn 0.0902 0.6715 -0.7355
vt -0.000000 0.498047
vt 0.500000 0.498047
vt 0.500000 0.998047
vt -0.000000 0.998047
vt 0.938572 0.564151
vt 0.998214 0.564151
vt 0.998214 0.996208
vt 0.938572 0.996208
vt 0.944336 0.020508
vt 0.944336 0.404297
vt 0.998047 0.404297
vt 0.998047 0.020508
vt 0.883789 0.185547
vt 0.939453 0.185547
vt 0.939453 0.594727
vt 0.883789 0.594727
vt 0.997840 0.328446
vt 0.997840 0.275286
vt 0.944679 0.275286
vt 0.944679 0.328446
vt 0.944336 0.149414
vt 0.998047 0.149414
vt 0.998047 0.535156
vt 0.944336 0.535156
vt 0.882812 0.051758
vt 0.882812 0.441406
vt 0.936523 0.441406
vt 0.936523 0.051758
vt 0.997840 0.357608
vt 0.944679 0.357608
vt 0.944679 0.304447
vt 0.997840 0.304447
vt 0.940882 0.489888
vt 0.997291 0.489888
vt 0.997291 0.546298
vt 0.940882 0.546298
vt 0.940882 0.687645
vt 0.997292 0.687645
vt 0.997291 0.734008
vt 0.940882 0.734008
vt 0.882389 0.003975
vt 0.882389 0.247484
vt 0.933953 0.247484
vt 0.933953 0.003975
vt 0.938572 0.489261
vt 0.938572 0.720754
vt 0.998214 0.720755
vt 0.998214 0.489261
vt 0.882390 0.025341
vt 0.933953 0.025341
vt 0.933953 0.268850
vt 0.882389 0.268850
vt 0.997840 0.546649
vt 0.944679 0.546649
vt 0.944679 0.502957
vt 0.997840 0.502957
vt 0.882390 -0.031589
vt 0.882389 0.231216
vt 0.933953 0.231216
vt 0.933953 -0.031589
vt 0.938572 0.455451
vt 0.938572 0.705289
vt 0.998214 0.705289
vt 0.998214 0.455451
vt 0.882389 -0.010224
vt 0.933953 -0.010224
vt 0.933953 0.252582
vt 0.882389 0.252582
vt 0.940882 0.682622
vt 0.997291 0.682622
vt 0.997291 0.739031
vt 0.940882 0.739031
vt 0.876803 0.003975
vt 0.876802 0.231216
vt 0.939540 0.231216
vt 0.939540 0.003975
vt 0.876803 0.025341
vt 0.939540 0.025341
vt 0.939540 0.252582
vt 0.876802 0.252582
vt 0.997840 0.551383
vt 0.944679 0.551383
vt 0.944679 0.498223
vt 0.997840 0.498223
vt 0.883789 0.230469
vt 0.939453 0.230469
vt 0.939453 0.496094
vt 0.939453 0.769531
vt 0.883789 0.769531
vt 0.883789 0.496094
vt 0.939453 0.851562
vt 0.942383 0.985352
vt 0.998047 0.977539
vt 0.995117 0.851562
vt 0.997070 0.068359
vt 0.998047 0.019531
vt 0.948242 0.018555
vt 0.948242 0.067383
vt 0.995117 0.256836
vt 0.998047 0.100586
vt 0.944336 0.100586
vt 0.944336 0.256836
vt 0.949161 0.093513
vt 0.995390 0.094945
vt 0.996076 0.047914
vt 0.949847 0.047165
vt 0.997981 0.246597
vt 0.998685 0.083035
vt 0.941187 0.082904
vt 0.939804 0.246599
vt 0.997987 0.353451
vt 0.998569 0.189932
vt 0.941158 0.189829
vt 0.939843 0.353454
vt 0.996094 0.978516
vt 0.996772 0.852201
vt 0.938564 0.852202
vt 0.938477 0.979492
vt 0.997568 0.851826
vt 0.997576 0.722994
vt 0.939307 0.722994
vt 0.939316 0.851826
vt 0.998331 0.722014
vt 0.998334 0.597239
vt 0.940084 0.597246
vt 0.940064 0.722004
vt 0.998389 0.597968
vt 0.998402 0.476683
vt 0.940162 0.476677
vt 0.940117 0.597973
vt 0.998562 0.476532
vt 0.998562 0.354337
vt 0.940304 0.354337
vt 0.940305 0.476532
vt 0.998047 0.875977
vt 0.999023 0.743164
vt 0.941095 0.743010
vt 0.939453 0.875977
vt 0.998511 0.742397
vt 0.998519 0.613565
vt 0.940256 0.613565
vt 0.940265 0.742397
vt 0.997739 0.614545
vt 0.997717 0.489781
vt 0.939471 0.489774
vt 0.939474 0.614550
vt 0.997701 0.489092
vt 0.997656 0.367795
vt 0.939414 0.367800
vt 0.939427 0.489086
vt 0.997496 0.368018
vt 0.997497 0.245823
vt 0.939240 0.245823
vt 0.939239 0.368018
vt 0.997070 0.857422
vt 0.996094 0.730469
vt 0.943359 0.730469
vt 0.943359 0.850586
vt 0.994141 0.607422
vt 0.942383 0.607422
vt 0.942383 0.730469
vt 0.996094 0.489258
vt 0.942383 0.489258
vt 0.996094 0.373047
vt 0.943359 0.373047
vt 0.943359 0.489258
vt 0.996094 0.256836
vt 0.942383 0.256836
vt 0.942383 0.373047
vt 0.942383 0.190430
vt 0.940430 0.354492
vt 0.994141 0.354492
vt 0.991211 0.190430
vt 0.940430 0.476562
vt 0.996094 0.476562
vt 0.996094 0.354492
vt 0.939453 0.597656
vt 0.995117 0.597656
vt 0.995117 0.476562
vt 0.941406 0.722656
vt 0.996094 0.722656
vt 0.996094 0.597656
vt 0.996094 0.851562
vt 0.250000 0.083207
vt 0.250000 0.250000
vt 0.499023 0.250000
vt 0.499023 0.083207
vt 0.000977 0.083207
vt 0.000977 0.250000
vt 0.250000 0.083207
vt 0.000977 0.499023
vt 0.250000 0.499023
vt 0.499023 0.499023
vt 0.000977 0.014996
vt 0.000977 0.039828
vt 0.250000 0.039828
vt 0.250000 0.015740
vt 0.236523 0.015488
vt 0.207367 0.012131
vt 0.193867 0.016955
vt 0.167650 0.015579
vt 0.146461 0.009421
vt 0.133112 0.018769
vt 0.113883 0.014556
vt 0.081108 0.016626
vt 0.063257 0.012442
vt 0.041924 0.015966
vt 0.025120 0.010837
vt 0.011074 0.015950
vt 0.250000 0.013928
vt 0.250000 0.039828
vt 0.499023 0.039828
vt 0.499023 0.014996
vt 0.488670 0.013992
vt 0.471036 0.008103
vt 0.458286 0.015969
vt 0.432795 0.014816
vt 0.411761 0.011596
vt 0.392256 0.016826
vt 0.339726 0.012011
vt 0.326784 0.015890
vt 0.284926 0.008984
vt 0.271182 0.016429
vt 0.883447 0.851369
vt 0.883447 0.981505
vt 0.939300 0.981505
vt 0.939300 0.851369
vt 0.943049 0.077368
vt 0.943050 0.014163
vt 0.879844 0.014163
vt 0.879844 0.077368
vt 0.940247 0.245769
vt 0.938571 0.084236
vt 0.882882 0.084314
vt 0.884394 0.245769
vt 0.887827 0.108840
vt 0.942702 0.108122
vt 0.941221 0.052495
vt 0.886346 0.053880
vt 0.998504 0.245769
vt 0.999437 0.084603
vt 0.941188 0.084472
vt 0.997558 0.354283
vt 0.998553 0.193167
vt 0.940352 0.193056
vt 0.939300 0.354283
vt 0.997558 0.981505
vt 0.997558 0.851369
vt 0.997558 0.722537
vt 0.939300 0.722537
vt 0.997558 0.597758
vt 0.939300 0.597758
vt 0.997558 0.476478
vt 0.939300 0.476478
vt 0.998504 0.872992
vt 0.998504 0.742855
vt 0.940247 0.742855
vt 0.940247 0.872992
vt 0.998504 0.614023
vt 0.940247 0.614023
vt 0.998504 0.489245
vt 0.940247 0.489245
vt 0.998504 0.367964
vt 0.940247 0.367964
vt 0.884394 0.742855
vt 0.884394 0.872992
vt 0.884393 0.614023
vt 0.884394 0.489245
vt 0.884394 0.367964
vt 0.881961 0.193056
vt 0.883447 0.354283
vt 0.937729 0.193370
vt 0.883447 0.476478
vt 0.883447 0.597758
vt 0.883447 0.722537
vt 0.940882 0.458945
vt 0.940882 0.515354
vt 0.997291 0.515354
vt 0.997291 0.458945
vt 0.000000 0.000000
vt 0.856880 0.000000
vt 0.958081 0.057212
vt 1.000000 0.195334
vt 1.000000 0.804666
vt 0.958081 0.942788
vt 0.856880 1.000000
vt 0.000000 1.000000
vt 0.940358 0.627304
vt 0.999023 0.626953
vt 0.999023 0.783203
vt 0.940358 0.783554
vt 0.940358 0.730562
vt 0.940358 0.886812
vt 0.999023 0.886719
vt 0.999023 0.730469
vt 0.940358 0.828829
vt 0.999023 0.829102
vt 0.999023 0.985352
vt 0.940358 0.985079
vt 0.876248 0.923766
vt 0.876248 0.865687
vt 0.934327 0.865687
vt 0.934327 0.923766
vt 0.939996 0.400470
vt 0.939996 0.337457
vt 0.876983 0.337457
vt 0.876983 0.400470
vt 0.940358 0.516329
vt 0.999023 0.516602
vt 0.999023 0.672852
vt 0.940358 0.672579
vt 0.940358 0.418062
vt 0.940358 0.574312
vt 0.999023 0.574219
vt 0.999023 0.417969
vt 0.940358 0.314804
vt 0.999023 0.314453
vt 0.999023 0.470703
vt 0.940358 0.471054
vt 0.940358 0.158554
vt 0.999023 0.158203
vt 0.940358 0.261812
vt 0.999023 0.261719
vt 0.940358 0.360079
vt 0.999023 0.360352
vt 0.998047 0.626953
vt 0.998047 0.783203
vt 0.998047 0.886719
vt 0.998047 0.730469
vt 0.879883 0.745117
vt 0.939453 0.745117
vt 0.939453 0.901367
vt 0.879883 0.901367
vt 0.880859 0.923828
vt 0.880859 0.865234
vt 0.940539 0.865687
vt 0.940539 0.923766
vt 0.942529 0.397088
vt 0.942529 0.341424
vt 0.880859 0.340820
vt 0.880859 0.396484
vt 0.879883 0.432617
vt 0.939453 0.432617
vt 0.934540 0.588867
vt 0.879883 0.588867
vt 0.998047 0.574219
vt 0.998047 0.417969
vt 0.998047 0.314453
vt 0.998047 0.470703
vt 0.940134 0.471054
vt 0.998047 0.158203
vt 0.998047 0.261719
vt 0.879883 0.276367
vt 0.939453 0.276367
vt 0.944336 0.599609
vt 0.995624 0.599609
vt 0.995662 0.723633
vt 0.944336 0.723633
vt 0.944336 0.681641
vt 0.944336 0.805664
vt 0.995662 0.805664
vt 0.995624 0.681641
vt 0.944336 0.759766
vt 0.992188 0.759766
vt 0.992188 0.883789
vt 0.944336 0.883789
vt 0.944336 0.511719
vt 0.992188 0.511719
vt 0.992188 0.635742
vt 0.944336 0.635742
vt 0.944336 0.433594
vt 0.944336 0.557617
vt 0.995857 0.557623
vt 0.995720 0.433597
vt 0.944336 0.352539
vt 0.995721 0.352536
vt 0.995858 0.475580
vt 0.944336 0.475586
vt 0.995720 0.681638
vt 0.995857 0.557612
vt 0.995858 0.475592
vt 0.995721 0.599612
vt 0.944336 0.228516
vt 0.995761 0.228510
vt 0.995677 0.352536
vt 0.944336 0.309570
vt 0.995676 0.433597
vt 0.995763 0.309576
vt 0.944336 0.387695
vt 0.992188 0.387695
vt 0.950195 0.433594
vt 0.994956 0.433594
vt 0.994982 0.541016
vt 0.950195 0.541016
vt 0.950195 0.575195
vt 0.950195 0.683594
vt 0.994981 0.683594
vt 0.994956 0.575195
vt 0.950195 0.372070
vt 0.992188 0.372070
vt 0.992188 0.480469
vt 0.950195 0.480469
vt 0.950195 0.155273
vt 0.992188 0.155273
vt 0.992188 0.263672
vt 0.950195 0.263672
vt 0.950195 0.358398
vt 0.950195 0.466797
vt 0.995132 0.466797
vt 0.995171 0.358399
vt 0.950195 0.217773
vt 0.995171 0.217773
vt 0.995132 0.326172
vt 0.950195 0.326172
vt 0.994978 0.575196
vt 0.995020 0.466797
vt 0.995020 0.326171
vt 0.994978 0.433594
vt 0.950195 0.109375
vt 0.995173 0.109377
vt 0.995194 0.217774
vt 0.950195 0.251953
vt 0.995194 0.358398
vt 0.995173 0.251952
vt 0.950195 0.048828
vt 0.992188 0.048828
vt 0.911133 0.186523
vt 0.888672 0.186523
vt 0.890625 0.070312
vt 0.911133 0.070312
vt 0.913086 0.420898
vt 0.893555 0.420898
vt 0.891602 0.303711
vt 0.912109 0.303711
vt 0.914062 0.537109
vt 0.893555 0.535156
vt 0.922852 0.420898
vt 0.923828 0.537109
vt 0.992188 0.535156
vt 0.982422 0.535156
vt 0.980469 0.420898
vt 0.990234 0.420898
vt 0.992188 0.303711
vt 0.981933 0.303223
vt 0.983398 0.186523
vt 0.994141 0.186523
vt 0.921875 0.186523
vt 0.922363 0.303223
vt 0.921875 0.070312
vt 0.981934 0.070312
vt 0.992188 0.070312
vt 0.992188 0.840820
vt 0.982422 0.840820
vt 0.980469 0.726562
vt 0.990234 0.726562
vt 0.914062 0.842773
vt 0.893555 0.840820
vt 0.893555 0.726562
vt 0.913086 0.726562
vt 0.981445 0.608398
vt 0.992188 0.609375
vt 0.891602 0.609375
vt 0.912109 0.609375
vt 0.922852 0.608398
vt 0.922852 0.726562
vt 0.923828 0.842773
vt 0.992188 0.986328
vt 0.982422 0.986328
vt 0.980469 0.872070
vt 0.990234 0.872070
vt 0.914062 0.988281
vt 0.893555 0.986328
vt 0.893555 0.872070
vt 0.913086 0.872070
vt 0.981445 0.753906
vt 0.992188 0.754883
vt 0.891602 0.754883
vt 0.912109 0.754883
vt 0.922852 0.753906
vt 0.922852 0.872070
vt 0.923828 0.988281
vt 0.911133 0.642578
vt 0.890625 0.640625
vt 0.890625 0.526367
vt 0.910156 0.526367
vt 0.888672 0.409180
vt 0.909180 0.409180
vt 0.919922 0.408203
vt 0.919922 0.526367
vt 0.920898 0.642578
vt 0.940882 0.682622
vt 0.997291 0.682622
vt 0.997291 0.739031
vt 0.876802 0.350771
vt 0.939540 0.350771
vt 0.938572 0.818944
vt 0.998214 0.818944
vt 0.939540 0.372136
vt 0.876803 0.372136
vt 0.876802 -0.124915
vt 0.939539 -0.124915
vt 0.938572 0.366731
vt 0.998214 0.366731
vt 0.876802 -0.103550
vt 0.939540 -0.103550
vt 0.626953 0.004883
vt 0.626953 0.073712
vt 0.508789 0.073712
vt 0.508789 0.004883
vt 0.980469 0.004883
vt 0.980469 0.073712
vt 0.862305 0.073712
vt 0.862305 0.004883
vt 0.862305 0.073712
vt 0.744141 0.073712
vt 0.744141 0.004883
vt 0.744141 0.073712
vt 0.626953 0.073712
vt 0.873047 0.132444
vt 0.752930 0.132444
vt 0.752930 0.029297
vt 0.873047 0.029297
vt 0.745117 0.127930
vt 0.745117 0.090820
vt 0.862305 0.090820
vt 0.862305 0.127930
vt 0.626953 0.127930
vt 0.626953 0.090820
vt 0.508789 0.127930
vt 0.508789 0.090820
vt 0.980469 0.090820
vt 0.980469 0.127930
vt 0.866419 0.490818
vt 0.976354 0.490818
vt 0.512903 0.490818
vt 0.622839 0.490818
vt 0.631067 0.490818
vt 0.741003 0.490818
vt 0.749198 0.490818
vt 0.858224 0.490818
vt 0.958984 0.122070
vt 0.958984 0.046875
vt 0.983398 0.023438
vt 0.983398 0.145508
vt 0.883789 0.046875
vt 0.860352 0.023438
vt 0.883789 0.122070
vt 0.860352 0.145508
vt 0.852539 0.492188
vt 0.852539 0.349609
vt 0.994141 0.349609
vt 0.994141 0.492188
vt 0.632812 0.132444
vt 0.511719 0.132444
vt 0.511719 0.029297
vt 0.632812 0.029297
vt 0.752930 0.132444
vt 0.632813 0.132444
vt 0.994141 0.132444
vt 0.994141 0.029297
vt 0.861328 0.355469
vt 0.979492 0.355469
vt 0.979492 0.496094
vt 0.861328 0.496094
vt 0.625000 0.355469
vt 0.743164 0.355469
vt 0.743164 0.496094
vt 0.625000 0.496094
vt 0.506836 0.355469
vt 0.506836 0.496094
vt 0.618159 0.006679
vt 0.618159 0.044110
vt 0.517583 0.044110
vt 0.517583 0.006679
vt 0.971675 0.006679
vt 0.971675 0.044110
vt 0.871099 0.044110
vt 0.871098 0.006679
vt 0.853511 0.006679
vt 0.853511 0.044110
vt 0.752934 0.044110
vt 0.752934 0.006679
vt 0.735419 0.006679
vt 0.735420 0.044110
vt 0.635674 0.044110
vt 0.635674 0.006679
vt 0.864108 0.098010
vt 0.761869 0.098010
vt 0.761869 0.034822
vt 0.864108 0.034822
vt 0.751022 0.136852
vt 0.747350 0.105266
vt 0.860072 0.105266
vt 0.856400 0.136852
vt 0.632908 0.136852
vt 0.629205 0.105266
vt 0.742866 0.105266
vt 0.739163 0.136852
vt 0.514744 0.136852
vt 0.511040 0.105266
vt 0.624702 0.105266
vt 0.620999 0.136852
vt 0.868259 0.136852
vt 0.864556 0.105266
vt 0.978217 0.105266
vt 0.974514 0.136852
vt 0.871098 0.123556
vt 0.971676 0.123556
vt 0.517582 0.123556
vt 0.618160 0.123556
vt 0.635746 0.123556
vt 0.736324 0.123556
vt 0.753838 0.123556
vt 0.853584 0.123556
vt 0.953129 0.116465
vt 0.953129 0.052480
vt 0.973910 0.032547
vt 0.973910 0.136399
vt 0.953217 0.052496
vt 0.889322 0.052496
vt 0.869461 0.032547
vt 0.973910 0.032547
vt 0.889410 0.052480
vt 0.889410 0.116465
vt 0.869461 0.136399
vt 0.869461 0.032547
vt 0.889322 0.116450
vt 0.953217 0.116450
vt 0.863077 0.481577
vt 0.863077 0.360220
vt 0.983603 0.360220
vt 0.983603 0.481577
vt 0.623801 0.098010
vt 0.520731 0.098010
vt 0.520731 0.034822
vt 0.623801 0.034822
vt 0.743991 0.098010
vt 0.641752 0.098010
vt 0.641752 0.034822
vt 0.743991 0.034822
vt 0.985129 0.098010
vt 0.882059 0.098010
vt 0.882059 0.034822
vt 0.985129 0.034822
vt 0.876803 0.115061
vt 0.876803 0.569543
vt 0.939540 0.569543
vt 0.939540 0.115061
vt 0.876803 0.019286
vt 0.939540 0.019286
vt 0.939540 0.473768
vt 0.876803 0.473768
vt 0.997840 0.340557
vt 0.997840 0.287396
vt 0.944679 0.287396
vt 0.944679 0.340557
vt 0.883789 0.872070
vt 0.883789 0.127930
vt 0.939453 0.127930
vt 0.939453 0.872070
vt 0.940882 0.471795
vt 0.940882 0.528205
vt 0.997291 0.528205
vt 0.997291 0.471795
vt 0.500000 0.500000
vt 0.750000 0.500000
vt 0.750000 1.000000
vt 0.500000 1.000000
vt 0.938572 0.774978
vt 0.998214 0.774978
vt 0.998214 0.991006
vt 0.938572 0.991006
vt 0.876803 0.230113
vt 0.939540 0.230113
vt 0.939540 0.457354
vt 0.876803 0.457354
vt 0.944063 0.134098
vt 0.963460 0.111793
vt 0.992581 0.119632
vt 0.992580 0.575498
vt 0.976072 0.591760
vt 0.944063 0.583351
vt 0.976085 0.591751
vt 0.976098 0.591749
vt 0.944088 0.583338
vt 0.944076 0.583340
vt 0.944086 0.134103
vt 0.944099 0.134100
vt 0.963495 0.111794
vt 0.963482 0.111797
vt 0.992612 0.119633
vt 0.992625 0.119630
vt 0.992624 0.575496
vt 0.992611 0.575498
vt 0.992601 0.575502
vt 0.992614 0.575500
vt 0.976106 0.591764
vt 0.976093 0.591766
vt 0.944093 0.583350
vt 0.944105 0.583348
vt 0.944109 0.134096
vt 0.944096 0.134098
vt 0.963472 0.111781
vt 0.963485 0.111778
vt 0.992606 0.119619
vt 0.992593 0.119621
vt 0.882812 0.307617
vt 0.882812 0.692383
vt 0.940430 0.692383
vt 0.940430 0.307617
vt 0.876803 0.325888
vt 0.876803 0.553129
vt 0.939540 0.553129
vt 0.939540 0.325888
vt 0.908171 0.115061
vt 0.908171 0.569543
vt 0.908171 0.019286
vt 0.908171 0.473768
vt 0.997840 0.313976
vt 0.944679 0.313976
vt 0.940882 0.500000
vt 0.997291 0.500000
vt 0.943359 0.852539
vt 0.943359 0.147461
vt 0.997070 0.147461
vt 0.997070 0.852539
vt 0.001276 0.001126
vt 0.498101 0.001127
vt 0.498101 0.247109
vt 0.001276 0.247109
vt 0.324179 0.247109
vt 0.324179 0.001127
vt 1.000000 0.627304
vt 1.000000 0.783554
vt 0.940358 0.473835
vt 0.940358 0.630085
vt 1.000000 0.630085
vt 1.000000 0.473835
vt 1.000000 0.886812
vt 1.000000 0.730562
vt 1.000000 0.828829
vt 1.000000 0.985079
vt 1.000000 0.516329
vt 1.000000 0.672579
vt 1.000000 0.574312
vt 1.000000 0.418062
vt 0.940358 0.161334
vt 0.940358 0.317585
vt 1.000000 0.317585
vt 1.000000 0.161334
vt 1.000000 0.314804
vt 1.000000 0.471054
vt 0.940358 0.236679
vt 1.000000 0.236679
vt 0.940358 0.083209
vt 1.000000 0.083209
vt 0.940358 0.339937
vt 1.000000 0.339937
vt 0.940358 0.438204
vt 1.000000 0.438204
vt 1.000000 0.360079
vt 1.000000 0.261812
vt 0.940358 0.005084
vt 1.000000 0.005084
vt 1.000000 0.158554
vt 0.735352 0.001953
vt 0.876953 0.001953
vt 0.876953 0.165039
vt 0.863281 0.191406
vt 0.843750 0.211914
vt 0.822266 0.221680
vt 0.788086 0.221680
vt 0.759766 0.204102
vt 0.754068 0.194986
vt 0.735352 0.163086
vt 0.374023 0.330078
vt 0.374023 0.333984
vt 0.371094 0.333984
vt 0.371094 0.330078
vt 0.369141 0.333984
vt 0.369141 0.330078
vt 0.369141 0.332031
vt 0.366211 0.330078
vt 0.366211 0.333984
vt 0.364258 0.334961
vt 0.364258 0.329102
vt 0.372070 0.327148
vt 0.367188 0.330078
vt 0.367188 0.327148
vt 0.372070 0.336914
vt 0.367188 0.336914
vt 0.367188 0.333984
vt 0.371094 0.332031
vt 0.375977 0.329102
vt 0.375977 0.334961
vt 0.378906 0.333984
vt 0.375977 0.332031
vt 0.375977 0.333984
vt 0.383789 0.333984
vt 0.383789 0.332031
vt 0.380859 0.327148
vt 0.380859 0.329102
vt 0.378906 0.329102
vt 0.378906 0.327148
vt 0.380859 0.333984
vt 0.380859 0.334961
vt 0.378906 0.330078
vt 0.380859 0.330078
vt 0.380859 0.332031
vt 0.378906 0.332031
vt 0.383789 0.334961
vt 0.383789 0.329102
vt 0.383789 0.327148
vt 0.375977 0.330078
vt 0.376953 0.332031
vt 0.376953 0.333984
vt 0.376953 0.334961
vt 0.376953 0.327148
vt 0.376953 0.329102
vt 0.375977 0.327148
vt 0.381836 0.333984
vt 0.376953 0.330078
vt 0.378906 0.334961
vt 0.383789 0.330078
vt 0.381836 0.329102
vt 0.381836 0.330078
vt 0.381836 0.332031
vt 0.381836 0.334961
vt 0.381836 0.327148
vt 0.882812 0.552734
vt 0.939453 0.552734
vt 0.939453 0.606445
vt 0.882812 0.606445
vt 0.935811 0.164965
vt 0.935811 0.210035
vt 0.878605 0.210035
vt 0.878605 0.164965
vt 0.882812 0.202148
vt 0.939453 0.202148
vt 0.940430 0.560547
vt 0.880859 0.560547
vt 0.880859 0.171875
vt 0.940430 0.171875
vt 0.945312 0.532227
vt 0.945312 0.109375
vt 0.997070 0.109375
vt 0.997070 0.532227
vt 0.880859 0.621094
vt 0.940430 0.621094
vt 0.940430 0.681641
vt 0.880859 0.681641
vt 0.997070 0.597656
vt 0.945312 0.597656
vt 0.940430 0.734375
vt 0.880859 0.734375
vt 0.939453 0.662109
vt 0.882812 0.662109
vt 0.997070 0.664062
vt 0.945312 0.664062
vt 0.939453 0.708984
vt 0.882812 0.708984
vt 0.997070 0.721680
vt 0.945312 0.721680
vt 0.997070 0.765625
vt 0.945312 0.765625
vt 0.940430 0.775391
vt 0.880859 0.775391
vt 0.882812 0.745117
vt 0.945312 0.999023
vt 0.945312 0.933594
vt 0.997070 0.933594
vt 0.997070 0.999023
vt 0.945312 0.867188
vt 0.997070 0.867188
vt 0.945312 0.809570
vt 0.997070 0.809570
vt 0.429688 0.412109
vt 0.429688 0.440430
vt 0.426758 0.440430
vt 0.426758 0.412109
vt 0.092773 0.060547
vt 0.005859 0.060547
vt 0.019531 0.000000
vt 0.092773 0.000000
vt 0.122070 0.146484
vt 0.122070 0.046875
vt 0.494141 0.046875
vt 0.494141 0.146484
vt 0.334961 0.062500
vt 0.098620 0.062500
vt 0.098620 0.000977
vt 0.334961 0.000977
vt 0.030273 0.004883
vt 0.493164 0.004883
vt 0.493164 0.092773
vt 0.018555 0.092773
vt 0.462891 0.000977
vt 0.462891 0.074219
vt 0.069336 0.074219
vt 0.069336 0.000977
vt 0.449449 0.439530
vt 0.439453 0.440430
vt 0.439453 0.412109
vt 0.449449 0.412109
vt 0.413385 0.062184
vt 0.181327 0.062188
vt 0.181327 0.001643
vt 0.413423 0.001436
vt 0.449219 0.062500
vt 0.449219 0.000977
vt 0.012695 0.390342
vt 0.012695 0.148438
vt 0.349609 0.148438
vt 0.353560 0.390342
vt 0.434570 0.440430
vt 0.434570 0.412109
vt 0.181641 0.060547
vt 0.073242 0.060547
vt 0.073242 0.000000
vt 0.181641 0.000000
vt 0.408203 0.062500
vt 0.316406 0.062500
vt 0.316406 0.000977
vt 0.408203 0.000977
vt 0.036867 0.360352
vt 0.036867 0.214844
vt 0.485528 0.214844
vt 0.485528 0.360352
vt 0.186523 0.060547
vt 0.186523 0.000000
vt 0.496094 0.000977
vt 0.497070 0.062500
vt 0.016602 0.300781
vt 0.016602 0.188477
vt 0.412109 0.188477
vt 0.416992 0.300781
vt 0.334961 0.120117
vt 0.102254 0.115298
vt 0.449219 0.120117
vt 0.334961 0.120117
vt 0.408203 0.127930
vt 0.316406 0.120117
vt 0.493164 0.099688
vt 0.493164 0.173907
vt 0.018555 0.173907
vt 0.018555 0.099688
vt 0.093194 0.059899
vt 0.186944 0.059899
vt 0.186945 0.115562
vt 0.093186 0.123390
vt 0.181641 0.116211
vt 0.073242 0.116211
vt 0.413698 0.060547
vt 0.412861 0.111437
vt 0.024414 0.167969
vt 0.474609 0.167969
vt 0.470703 0.256836
vt 0.024414 0.256836
vt 0.181641 0.174805
vt 0.073242 0.169922
vt 0.412950 0.111426
vt 0.413698 0.174805
vt 0.495117 0.286133
vt 0.495117 0.368164
vt 0.001953 0.368164
vt 0.001953 0.286133
vt 0.102283 0.115293
vt 0.334961 0.180664
vt 0.098620 0.180664
vt 0.449219 0.120117
vt 0.441406 0.175781
vt 0.493164 0.161244
vt 0.493164 0.254994
vt 0.018555 0.254994
vt 0.018555 0.161244
vt 0.413335 0.180118
vt 0.415468 0.229058
vt 0.181746 0.235932
vt 0.181846 0.180041
vt 0.482422 0.385742
vt 0.491211 0.468750
vt 0.003906 0.468750
vt 0.003906 0.385742
vt 0.098620 0.180664
vt 0.334961 0.237305
vt 0.091648 0.229242
vt 0.986328 0.983398
vt 0.951172 0.983398
vt 0.951172 0.782227
vt 0.986328 0.782227
vt 0.986328 0.753906
vt 0.986328 0.955078
vt 0.951172 0.955078
vt 0.951172 0.753906
vt 0.988281 0.846680
vt 0.988281 0.873047
vt 0.953125 0.873047
vt 0.953125 0.846680
vt 0.976562 0.955078
vt 0.976562 0.753906
vt 0.979492 0.873047
vt 0.979492 0.908203
vt 0.953125 0.908203
vt 0.892578 0.590820
vt 0.917969 0.590820
vt 0.917969 0.791992
vt 0.892578 0.791992
vt 0.957031 0.757812
vt 0.957031 0.682617
vt 0.989258 0.682617
vt 0.989258 0.757812
vt 0.898926 0.682176
vt 0.930664 0.682176
vt 0.930664 0.757614
vt 0.898926 0.757614
vt 0.884803 0.757614
vt 0.884803 0.682176
vt 0.988281 0.164062
vt 0.957031 0.164062
vt 0.957031 0.094727
vt 0.988281 0.094727
vt 0.969727 0.451172
vt 0.969536 0.283874
vt 0.983589 0.283874
vt 0.983398 0.451172
vt 0.921875 0.172852
vt 0.891602 0.172852
vt 0.891602 0.103516
vt 0.921875 0.103516
vt 0.957700 0.283885
vt 0.990828 0.283885
vt 0.989258 0.451172
vt 0.957031 0.451172
vt 0.930006 0.283885
vt 0.930664 0.451172
vt 0.898926 0.451172
vt 0.897380 0.283885
vt 0.899123 0.283824
vt 0.884803 0.451172
vt 0.884606 0.283824
vt 0.969727 0.571289
vt 0.983398 0.571289
vt 0.957031 0.571289
vt 0.989258 0.571289
vt 0.930664 0.571070
vt 0.898926 0.571070
vt 0.884803 0.571070
vt 0.969727 0.682617
vt 0.983398 0.682617
vt 0.969727 0.757812
vt 0.983398 0.757812
vt 0.986328 0.692383
vt 0.951172 0.692383
vt 0.951172 0.491211
vt 0.986328 0.491211
vt 0.986328 0.462891
vt 0.986328 0.664062
vt 0.951172 0.664062
vt 0.951172 0.462891
vt 0.976562 0.664062
vt 0.976562 0.462891
vt 0.892578 0.299805
vt 0.917969 0.299805
vt 0.917969 0.500977
vt 0.892578 0.500977
vt 0.986328 0.403320
vt 0.951172 0.403320
vt 0.951172 0.202148
vt 0.986328 0.202148
vt 0.986328 0.173828
vt 0.986328 0.375000
vt 0.951172 0.375000
vt 0.951172 0.173828
vt 0.976562 0.375000
vt 0.976562 0.173828
vt 0.892578 0.010742
vt 0.917969 0.010742
vt 0.917969 0.211914
vt 0.892578 0.211914
vt 0.986328 0.788086
vt 0.951172 0.788086
vt 0.951172 0.586914
vt 0.986328 0.586914
vt 0.986328 0.558594
vt 0.986328 0.759766
vt 0.951172 0.759766
vt 0.951172 0.558594
vt 0.976562 0.759766
vt 0.976562 0.558594
vt 0.892578 0.395508
vt 0.917969 0.395508
vt 0.917969 0.596680
vt 0.892578 0.596680
vt 0.986328 0.866211
vt 0.951172 0.866211
vt 0.951172 0.665039
vt 0.986328 0.665039
vt 0.986328 0.636719
vt 0.986328 0.837891
vt 0.951172 0.837891
vt 0.951172 0.636719
vt 0.976562 0.837891
vt 0.976562 0.636719
vt 0.892578 0.473633
vt 0.917969 0.473633
vt 0.917969 0.674805
vt 0.892578 0.674805
vt 0.957031 0.640625
vt 0.957031 0.565430
vt 0.989258 0.565430
vt 0.989258 0.640625
vt 0.899414 0.565430
vt 0.930664 0.565430
vt 0.930664 0.640625
vt 0.899414 0.640625
vt 0.884766 0.640625
vt 0.884766 0.565430
vt 0.969727 0.333984
vt 0.969536 0.166687
vt 0.983589 0.166687
vt 0.983398 0.333984
vt 0.957700 0.166697
vt 0.990827 0.166697
vt 0.989258 0.333984
vt 0.957031 0.333984
vt 0.930016 0.166697
vt 0.930664 0.333984
vt 0.899414 0.333984
vt 0.897892 0.166697
vt 0.899618 0.166637
vt 0.884766 0.333984
vt 0.884561 0.166637
vt 0.969727 0.454102
vt 0.983398 0.454102
vt 0.957031 0.454102
vt 0.989258 0.454102
vt 0.930664 0.454102
vt 0.899414 0.454102
vt 0.884766 0.454102
vt 0.969727 0.565430
vt 0.983398 0.565430
vt 0.969727 0.640625
vt 0.983398 0.640625
vt 0.986328 0.575195
vt 0.951172 0.575195
vt 0.951172 0.374023
vt 0.986328 0.374023
vt 0.986328 0.345703
vt 0.986328 0.546875
vt 0.951172 0.546875
vt 0.951172 0.345703
vt 0.976562 0.546875
vt 0.976562 0.345703
vt 0.892578 0.182617
vt 0.917969 0.182617
vt 0.917969 0.383789
vt 0.892578 0.383789
vt 0.986328 0.286133
vt 0.951172 0.286133
vt 0.951172 0.084961
vt 0.986328 0.084961
vt 0.986328 0.056641
vt 0.986328 0.257812
vt 0.951172 0.257812
vt 0.951172 0.056641
vt 0.976562 0.257812
vt 0.976562 0.056641
vt 0.892578 0.639648
vt 0.917969 0.639648
vt 0.917969 0.840820
vt 0.892578 0.840820
vt 0.986328 0.670898
vt 0.951172 0.670898
vt 0.951172 0.469727
vt 0.986328 0.469727
vt 0.986328 0.441406
vt 0.986328 0.642578
vt 0.951172 0.642578
vt 0.951172 0.441406
vt 0.976562 0.642578
vt 0.976562 0.441406
vt 0.892578 0.278320
vt 0.917969 0.278320
vt 0.917969 0.479492
vt 0.892578 0.479492
vt 0.957031 0.121094
vt 0.930664 0.121094
vt 0.899414 0.121094
vt 0.989258 0.121094
vt 0.920898 0.213867
vt 0.894531 0.213867
vt 0.894531 0.153320
vt 0.920898 0.153320
vt 0.018589 0.236773
vt 0.493170 0.236773
vt 0.493164 0.307086
vt 0.002970 0.307086
vt 0.940065 0.739897
vt 0.940065 0.382338
vt 0.883242 0.382338
vt 0.883242 0.739897
vt 0.994788 0.739897
vt 0.994788 0.382338
vt 0.994571 0.997710
vt 0.994571 0.640150
vt 0.939847 0.640150
vt 0.939847 0.997710
vt 0.883025 0.640150
vt 0.883025 0.997710
vt 0.940065 0.024779
vt 0.883242 0.024779
vt 0.994788 0.024779
vt 0.994570 0.282591
vt 0.939847 0.282591
vt 0.883025 0.282591
vt 0.000100 0.502278
vt 0.498454 0.502278
vt 0.249277 0.876043
vt 0.883789 0.627930
vt 0.883789 0.849609
vt 0.941406 0.849609
vt 0.939453 0.627930
vt 0.998047 0.063477
vt 0.997070 0.012695
vt 0.943359 0.013672
vt 0.943359 0.064453
vt 0.940430 0.219727
vt 0.940430 0.093750
vt 0.884766 0.093750
vt 0.884766 0.219727
vt 0.879697 0.134552
vt 0.938375 0.134552
vt 0.938375 0.075874
vt 0.879697 0.075874
vt 0.999023 0.219727
vt 0.999023 0.093750
vt 0.998047 0.130859
vt 0.998047 0.004883
vt 0.939453 0.004883
vt 0.939453 0.130859
vt 0.996094 0.849609
vt 0.998047 0.627930
vt 0.998047 0.499023
vt 0.939453 0.499023
vt 0.998047 0.374023
vt 0.939453 0.374023
vt 0.998047 0.252930
vt 0.939453 0.252930
vt 0.996863 0.938287
vt 0.999023 0.716797
vt 0.940430 0.716797
vt 0.942259 0.938335
vt 0.999023 0.587891
vt 0.940430 0.587891
vt 0.999023 0.462891
vt 0.940430 0.462891
vt 0.999023 0.341797
vt 0.940430 0.341797
vt 0.884766 0.716797
vt 0.884573 0.938237
vt 0.884766 0.587891
vt 0.884766 0.462891
vt 0.884766 0.341797
vt 0.883789 0.004883
vt 0.883789 0.130859
vt 0.883789 0.252930
vt 0.883789 0.374023
vt 0.883789 0.499023
vt 0.883447 0.851369
vt 0.939300 0.981505
vt 0.939300 0.851369
vt 0.943050 0.077368
vt 0.940247 0.245769
vt 0.937407 0.025570
vt 0.882894 0.025722
vt 0.887479 0.111371
vt 0.944770 0.108044
vt 0.940656 0.049916
vt 0.883366 0.053989
vt 0.998504 0.245769
vt 0.999211 0.026090
vt 0.942097 0.025918
vt 0.997558 0.354283
vt 0.998348 0.134668
vt 0.941306 0.134532
vt 0.939300 0.354283
vt 0.997558 0.981505
vt 0.997558 0.722537
vt 0.997558 0.476478
vt 0.998504 0.614023
vt 0.940247 0.614023
vt 0.998504 0.489245
vt 0.940247 0.489245
vt 0.998504 0.367964
vt 0.940247 0.367964
vt 0.884394 0.742855
vt 0.884394 0.614023
vt 0.881976 0.134511
vt 0.936608 0.134966
vt 0.883447 0.476478
vt 0.883447 0.722537
vt 0.996283 0.431443
vt 0.996283 0.239011
vt 0.940497 0.239011
vt 0.940497 0.431443
vt 0.938591 0.726449
vt 0.938591 0.781182
vt 0.995785 0.781182
vt 0.995785 0.726449
vt 0.886074 0.239011
vt 0.886074 0.431443
vt 0.885713 0.431443
vt 0.885546 0.661005
vt 0.940135 0.660940
vt 0.940135 0.431443
vt 0.886475 0.002181
vt 0.886475 0.191341
vt 0.939972 0.191341
vt 0.939972 0.002181
vt 0.883846 0.416936
vt 0.937506 0.417001
vt 0.994810 0.191341
vt 0.994810 0.002181
vt 0.939727 0.416494
vt 0.995055 0.416494
vt 0.996525 0.660513
vt 0.940256 0.660513
vt 0.877930 0.237305
vt 0.938477 0.237305
vt 0.938477 0.458008
vt 0.877930 0.458008
vt 0.877930 0.125977
vt 0.877930 0.566406
vt 0.938477 0.566406
vt 0.938477 0.125977
vt 0.938572 0.224658
vt 0.998214 0.224658
vt 0.998214 0.656715
vt 0.938572 0.656715
vt 0.877930 0.373047
vt 0.938477 0.373047
vt 0.938477 0.813477
vt 0.877930 0.813477
vt 0.250000 0.039812
vt 0.499023 0.040372
vt 0.250000 0.016134
vt 0.274269 0.016086
vt 0.285271 0.008530
vt 0.328074 0.016997
vt 0.340948 0.012743
vt 0.374140 0.016973
vt 0.393267 0.016490
vt 0.411832 0.006635
vt 0.441835 0.015527
vt 0.456857 0.016916
vt 0.472761 0.006290
vt 0.486310 0.014571
vt 0.499023 0.013169
vt 0.883789 0.784180
vt 0.883789 0.994141
vt 0.941406 0.994141
vt 0.939453 0.784180
vt 0.997070 0.084961
vt 0.997070 0.034180
vt 0.944336 0.034180
vt 0.943359 0.085938
vt 0.887695 0.125000
vt 0.935547 0.125000
vt 0.935547 0.076172
vt 0.887695 0.076172
vt 0.998047 0.287109
vt 0.998047 0.161133
vt 0.939453 0.161133
vt 0.939453 0.287109
vt 0.996094 0.994141
vt 0.998047 0.784180
vt 0.998047 0.655273
vt 0.939453 0.655273
vt 0.998047 0.530273
vt 0.939453 0.530273
vt 0.998047 0.409180
vt 0.939453 0.409180
vt 0.997113 0.926725
vt 0.942077 0.926763
vt 0.884613 0.926685
vt 0.883789 0.161133
vt 0.883789 0.287109
vt 0.883789 0.409180
vt 0.883789 0.530273
vt 0.883789 0.655273
vt 0.883789 0.810547
vt 0.883789 0.940430
vt 0.939453 0.940430
vt 0.939453 0.810547
vt 0.939453 0.078125
vt 0.939453 0.025391
vt 0.887695 0.025391
vt 0.887695 0.078125
vt 0.937085 0.039166
vt 0.883486 0.039291
vt 0.886835 0.110770
vt 0.943563 0.108062
vt 0.940062 0.050504
vt 0.883334 0.053965
vt 0.998663 0.039642
vt 0.942499 0.039487
vt 0.997070 0.313477
vt 0.998047 0.107422
vt 0.941406 0.107422
vt 0.939453 0.313477
vt 0.997070 0.940430
vt 0.997070 0.810547
vt 0.997070 0.681641
vt 0.939453 0.681641
vt 0.997070 0.556641
vt 0.939453 0.556641
vt 0.997070 0.435547
vt 0.939453 0.435547
vt 0.882812 0.107422
vt 0.883789 0.313477
vt 0.936523 0.107422
vt 0.883789 0.435547
vt 0.883789 0.556641
vt 0.883789 0.681641
vt 0.998047 0.555664
vt 0.998047 0.504883
vt 0.948242 0.504883
vt 0.948242 0.555664
vt 0.944336 0.677734
vt 0.944336 0.730469
vt 0.997070 0.730469
vt 0.997070 0.677734
vt 0.884766 0.256836
vt 0.943359 0.256836
vt 0.943359 0.466797
vt 0.884766 0.466797
vt 0.942383 0.763672
vt 0.998047 0.763672
vt 0.998047 0.964844
vt 0.942383 0.964844
vt 0.884766 0.345703
vt 0.884766 0.556641
vt 0.943359 0.556641
vt 0.943359 0.345703
vt 0.994141 0.557617
vt 0.945312 0.557617
vt 0.945312 0.509766
vt 0.994141 0.509766
vt 0.942383 0.674805
vt 0.993164 0.674805
vt 0.993164 0.724609
vt 0.942383 0.724609
vt 0.884766 0.270508
vt 0.884766 0.473633
vt 0.941406 0.473633
vt 0.941406 0.270508
vt 0.940430 0.756836
vt 0.940430 0.951172
vt 0.994141 0.951172
vt 0.994141 0.756836
vt 0.884766 0.355469
vt 0.941406 0.355469
vt 0.941406 0.558594
vt 0.884766 0.558594
vt 0.887695 0.145508
vt 0.887695 0.560547
vt 0.945312 0.560547
vt 0.945312 0.145508
vt 0.944336 0.246094
vt 0.999023 0.246094
vt 0.999023 0.640625
vt 0.944336 0.640625
vt 0.887695 0.377930
vt 0.945312 0.377930
vt 0.945312 0.793945
vt 0.887695 0.793945
vt 0.999023 0.351562
vt 0.999023 0.302734
vt 0.950195 0.302734
vt 0.950195 0.351562
vt 0.946289 0.471680
vt 0.946289 0.523438
vt 0.998047 0.523438
vt 0.998047 0.471680
vt 0.499023 0.039429
vt 0.250000 0.037416
vt 0.499023 0.014330
vt 0.250000 0.020546
vt 0.275137 0.019341
vt 0.283837 0.010342
vt 0.329309 0.016686
vt 0.349221 0.012456
vt 0.389479 0.018959
vt 0.408146 0.013192
vt 0.457392 0.017621
vt 0.472096 0.008860
vt 0.490362 0.014184
s 1
usemtl MAIN.001
f 3/1/1 4/2/1 2/3/1 1/4/1
f 8/5/1 7/6/1 6/7/1 10/8/1
f 11/9/2 5/10/2 6/11/2 7/12/2
f 12/13/3 8/14/3 10/15/3 9/16/3
f 11/17/4 7/18/4 8/19/4 12/20/4
f 15/1/5 13/4/5 14/3/5 16/2/5
f 20/5/5 22/8/5 18/7/5 19/6/5
f 23/21/2 19/22/2 18/23/2 17/24/2
f 24/25/3 21/26/3 22/27/3 20/28/3
f 23/29/4 24/30/4 20/31/4 19/32/4
f 18/33/6 22/34/6 21/35/6 17/36/6
f 25/37/1 27/38/1 26/39/1 28/40/1
f 32/41/3 26/42/3 27/43/3 35/44/3
f 35/45/6 27/46/6 25/47/6 29/48/6
f 36/49/2 29/50/2 25/51/2 28/52/2
f 33/53/5 34/54/5 31/55/5 30/56/5
f 34/57/3 32/58/3 35/59/3 31/60/3
f 31/61/6 35/62/6 29/63/6 30/64/6
f 33/65/2 30/66/2 29/67/2 36/68/2
f 39/1/6 40/2/6 38/3/6 37/4/6
f 41/69/2 43/70/2 42/71/2 44/72/2
f 48/73/1 42/74/1 43/75/1 51/76/1
f 51/45/6 43/62/6 41/63/6 45/48/6
f 52/77/5 45/78/5 41/79/5 44/80/5
f 49/81/3 50/82/3 47/83/3 46/84/3
f 50/73/1 48/74/1 51/75/1 47/76/1
f 47/45/6 51/62/6 45/63/6 46/48/6
f 49/77/5 46/78/5 45/79/5 52/80/5
f 44/85/4 42/86/4 48/87/4 50/88/4 49/89/4 52/90/4
f 53/69/2 55/70/2 54/71/2 56/72/2
f 60/73/1 54/74/1 55/75/1 63/76/1
f 63/45/6 55/62/6 53/63/6 57/48/6
f 64/77/5 57/78/5 53/79/5 56/80/5
f 61/81/3 62/82/3 59/83/3 58/84/3
f 62/73/1 60/74/1 63/75/1 59/76/1
f 59/45/6 63/62/6 57/63/6 58/48/6
f 61/77/5 58/78/5 57/79/5 64/80/5
f 56/85/4 54/86/4 60/87/4 62/88/4 61/89/4 64/90/4
f 73/91/7 67/92/8 68/93/9 82/94/10
f 67/95/8 71/96/11 72/97/12 68/98/9
f 83/99/13 69/100/14 70/101/15 92/102/16
f 69/103/14 65/104/17 66/105/18 70/106/15
f 77/107/19 65/108/17 69/109/14 83/110/13
f 92/111/16 70/112/15 66/113/18 78/114/20
f 72/115/12 88/116/21 82/117/10 68/118/9
f 88/119/21 89/120/22 81/121/23 82/122/10
f 89/123/22 90/124/24 80/125/25 81/126/23
f 90/127/24 91/128/26 79/129/27 80/130/25
f 91/131/26 92/132/16 78/133/20 79/134/27
f 67/135/8 73/136/7 87/137/28 71/138/11
f 73/139/7 74/140/29 86/141/30 87/142/28
f 74/143/29 75/144/31 85/145/32 86/146/30
f 75/147/31 76/148/33 84/149/34 85/150/32
f 76/151/33 77/152/19 83/153/13 84/154/34
f 71/155/11 87/156/28 88/157/21 72/158/12
f 87/156/28 86/159/30 89/160/22 88/161/21
f 86/159/30 85/162/32 90/163/24 89/160/22
f 85/162/32 84/164/34 91/165/26 90/166/24
f 84/164/34 83/167/13 92/168/16 91/169/26
f 65/170/17 77/171/19 78/172/20 66/173/18
f 77/171/19 76/174/33 79/175/27 78/176/20
f 76/174/33 75/177/31 80/178/25 79/179/27
f 75/177/31 74/180/29 81/181/23 80/182/25
f 74/180/29 73/91/7 82/183/10 81/181/23
f 135/224/37 129/225/38 130/226/39 144/227/40
f 129/228/38 133/229/41 134/230/42 130/231/39
f 145/232/43 131/233/44 132/234/45 154/235/46
f 131/236/44 127/237/47 128/238/48 132/239/45
f 139/240/49 127/241/47 131/242/44 145/232/43
f 154/243/46 132/244/45 128/245/48 140/246/50
f 134/247/42 150/248/51 144/227/40 130/226/39
f 150/248/51 151/249/52 143/250/53 144/227/40
f 151/249/52 152/251/54 142/252/55 143/250/53
f 152/251/54 153/253/56 141/254/57 142/252/55
f 153/253/56 154/243/46 140/246/50 141/254/57
f 129/255/38 135/256/37 149/257/58 133/258/41
f 135/256/37 136/259/59 148/260/60 149/257/58
f 136/259/59 137/261/61 147/262/62 148/260/60
f 137/261/61 138/263/63 146/264/64 147/262/62
f 138/263/63 139/240/49 145/232/43 146/264/64
f 133/258/41 149/257/58 150/265/51 134/266/42
f 149/257/58 148/260/60 151/267/52 150/265/51
f 148/260/60 147/262/62 152/268/54 151/267/52
f 147/262/62 146/264/64 153/269/56 152/268/54
f 146/264/64 145/232/43 154/235/46 153/269/56
f 127/270/47 139/271/49 140/246/50 128/272/48
f 139/271/49 138/273/63 141/254/57 140/246/50
f 138/273/63 137/274/61 142/252/55 141/254/57
f 137/274/61 136/275/59 143/250/53 142/252/55
f 136/275/59 135/224/37 144/227/40 143/250/53
f 6/276/6 5/277/6 9/278/6 10/279/6
f 180/288/65 179/289/66 166/290/67 170/291/68
f 181/292/69 169/293/70 172/294/71 178/295/72
f 181/296/69 180/297/65 170/298/68 169/299/70
f 169/300/70 170/301/68 166/302/67 172/303/71
f 171/304/73 168/305/74 167/306/75 173/307/76
f 183/308/77 182/309/78 176/310/79 177/311/80
f 183/312/77 177/313/80 174/314/81 184/315/82
f 182/316/78 185/317/83 175/318/84 176/319/79
f 177/311/80 176/310/79 180/297/65 181/296/69
f 177/313/80 181/292/69 178/295/72 174/314/81
f 176/319/79 175/318/84 179/289/66 180/288/65
f 167/320/75 168/321/74 185/317/83 182/316/78
f 173/322/76 183/312/77 184/315/82 171/323/73
f 173/324/76 167/325/75 182/309/78 183/308/77
f 200/288/85 199/326/86 186/327/87 190/291/88
f 201/292/89 189/293/90 192/328/91 198/329/92
f 201/330/89 200/331/85 190/332/88 189/333/90
f 189/334/90 190/335/88 186/336/87 192/337/91
f 191/338/93 188/339/94 187/340/95 193/341/96
f 203/342/97 202/343/98 196/344/99 197/345/100
f 203/312/97 197/313/100 194/346/101 204/347/102
f 202/316/98 205/348/103 195/349/104 196/350/99
f 197/345/100 196/344/99 200/331/85 201/330/89
f 197/313/100 201/292/89 198/329/92 194/346/101
f 196/350/99 195/349/104 199/326/86 200/288/85
f 187/320/95 188/351/94 205/348/103 202/316/98
f 193/322/96 203/312/97 204/347/102 191/352/93
f 193/353/96 187/354/95 202/343/98 203/342/97
f 220/355/105 219/356/106 206/357/107 210/358/108
f 221/359/109 209/360/110 212/361/111 218/362/112
f 221/363/109 220/364/105 210/365/108 209/366/110
f 223/367/113 222/368/114 216/369/115 217/370/116
f 223/371/113 217/372/116 214/373/117 224/374/118
f 222/375/114 225/376/119 215/377/120 216/378/115
f 217/370/116 216/369/115 220/364/105 221/363/109
f 217/372/116 221/359/109 218/379/112 214/380/117
f 216/378/115 215/381/120 219/382/106 220/355/105
f 207/383/121 208/384/122 225/385/119 222/375/114
f 213/386/123 223/371/113 224/387/118 211/388/124
f 213/389/123 207/390/121 222/368/114 223/367/113
f 240/391/125 239/392/126 226/393/127 230/394/128
f 241/395/129 229/396/130 232/397/131 238/398/132
f 241/399/129 240/400/125 230/401/128 229/402/130
f 243/403/133 242/404/134 236/405/135 237/406/136
f 243/407/133 237/408/136 234/409/137 244/410/138
f 242/411/134 245/412/139 235/413/140 236/414/135
f 237/406/136 236/405/135 240/400/125 241/399/129
f 237/408/136 241/395/129 238/415/132 234/416/137
f 236/414/135 235/417/140 239/418/126 240/391/125
f 227/419/141 228/420/142 245/421/139 242/411/134
f 233/422/143 243/407/133 244/423/138 231/424/144
f 233/425/143 227/426/141 242/404/134 243/403/133
f 253/427/145 252/428/146 248/429/147 247/430/148
f 255/431/149 254/432/150 250/433/151 251/434/152
f 251/434/152 250/433/151 252/428/146 253/427/145
f 249/435/153 246/436/154 254/432/150 255/431/149
f 249/435/153 255/431/149 265/437/155 256/438/156
f 246/439/154 258/440/157 264/441/158 254/442/150
f 250/443/151 261/444/159 263/445/160 252/446/146
f 251/434/152 253/427/145 262/447/161 260/448/162
f 254/442/150 264/441/158 261/444/159 250/443/151
f 255/431/149 251/434/152 260/448/162 265/437/155
f 253/427/145 247/430/148 259/449/163 262/447/161
f 252/446/146 263/445/160 257/450/164 248/451/147
f 266/452/165 269/453/166 270/454/167 267/455/168
f 268/456/169 266/457/165 267/458/168 274/459/170
f 267/455/168 270/454/167 271/460/171 272/461/172
f 274/459/170 267/458/168 272/462/172 273/463/173
f 274/459/170 273/463/173 275/464/174 276/465/175
f 268/456/169 274/459/170 276/465/175 277/466/176
f 278/439/165 281/440/166 282/441/167 279/442/168
f 280/435/169 278/436/165 279/432/168 286/431/170
f 279/442/168 282/441/167 283/444/171 284/443/172
f 286/431/170 279/432/168 284/433/172 285/434/177
f 286/431/170 285/434/177 287/448/174 288/437/175
f 280/435/169 286/431/170 288/437/175 289/438/176
f 290/467/178 293/468/179 294/469/180 291/470/181
f 292/471/182 290/472/178 291/473/181 298/474/183
f 291/470/181 294/469/180 295/475/184 296/476/185
f 298/474/183 291/473/181 296/477/185 297/478/186
f 298/474/183 297/478/186 299/479/187 300/480/188
f 292/471/182 298/474/183 300/480/188 301/481/189
f 304/482/182 302/483/190 303/484/191 307/485/183
f 307/485/183 303/484/191 305/486/192 306/487/193
f 307/485/183 306/487/193 308/488/187 309/489/188
f 304/482/182 307/485/183 309/489/188 310/490/189
f 311/491/1 313/492/1 312/493/1 314/72/1
f 318/73/3 312/494/3 313/495/3 321/76/3
f 321/45/6 313/496/6 311/497/6 315/48/6
f 322/77/2 315/78/2 311/498/2 314/499/2
f 319/81/5 320/82/5 317/83/5 316/84/5
f 320/500/3 318/74/3 321/75/3 317/501/3
f 317/502/6 321/62/6 315/63/6 316/503/6
f 319/504/2 316/505/2 315/79/2 322/80/2
f 386/5/1 385/6/1 384/7/1 388/8/1
f 389/645/2 383/646/2 384/647/2 385/648/2
f 390/649/3 386/650/3 388/651/3 387/652/3
f 389/653/4 385/654/4 386/655/4 390/656/4
f 390/657/5 387/658/5 383/659/5 389/660/5
f 384/661/6 383/662/6 387/663/6 388/664/6
f 381/1/1 382/2/1 380/3/1 379/4/1
f 413/288/218 412/289/219 399/290/220 403/291/221
f 414/292/222 402/293/223 405/294/224 411/295/225
f 414/296/222 413/297/218 403/298/221 402/299/223
f 402/300/223 403/301/221 399/302/220 405/303/224
f 404/304/226 401/305/227 400/306/228 406/307/229
f 416/308/230 415/309/231 409/310/232 410/311/233
f 416/312/230 410/313/233 407/314/234 417/315/235
f 415/316/231 418/317/236 408/318/237 409/319/232
f 410/311/233 409/310/232 413/297/218 414/296/222
f 410/313/233 414/292/222 411/295/225 407/314/234
f 409/319/232 408/318/237 412/289/219 413/288/218
f 400/320/228 401/321/227 418/317/236 415/316/231
f 406/322/229 416/312/230 417/315/235 404/323/226
f 406/324/229 400/325/228 415/309/231 416/308/230
f 433/288/238 432/326/239 419/327/240 423/291/241
f 434/292/242 422/293/243 425/328/244 431/329/245
f 434/330/242 433/331/238 423/332/241 422/333/243
f 422/334/243 423/335/241 419/336/240 425/337/244
f 424/338/246 421/339/247 420/340/248 426/341/249
f 436/342/250 435/343/251 429/344/252 430/345/253
f 436/312/250 430/313/253 427/346/254 437/347/255
f 435/316/251 438/348/256 428/349/257 429/350/252
f 430/345/253 429/344/252 433/331/238 434/330/242
f 430/313/253 434/292/242 431/329/245 427/346/254
f 429/350/252 428/349/257 432/326/239 433/288/238
f 420/320/248 421/351/247 438/348/256 435/316/251
f 426/322/249 436/312/250 437/347/255 424/352/246
f 426/353/249 420/354/248 435/343/251 436/342/250
f 453/355/258 452/356/259 439/357/260 443/358/261
f 454/359/105 442/360/262 445/361/263 451/362/264
f 454/363/105 453/364/258 443/365/261 442/366/262
f 456/367/265 455/368/266 449/369/267 450/370/115
f 456/371/265 450/372/115 447/373/268 457/374/269
f 455/375/266 458/376/270 448/377/271 449/378/267
f 450/370/115 449/369/267 453/364/258 454/363/105
f 450/372/115 454/359/105 451/379/264 447/380/268
f 449/378/267 448/381/271 452/382/259 453/355/258
f 440/383/272 441/384/273 458/385/270 455/375/266
f 446/386/274 456/371/265 457/387/269 444/388/275
f 446/389/274 440/390/272 455/368/266 456/367/265
f 473/391/276 472/392/277 459/393/278 463/394/279
f 474/395/125 462/396/128 465/397/280 471/398/281
f 474/399/125 473/400/276 463/401/279 462/402/128
f 476/403/282 475/404/283 469/405/284 470/406/135
f 476/407/282 470/408/135 467/409/285 477/410/286
f 475/411/283 478/412/287 468/413/288 469/414/284
f 470/406/135 469/405/284 473/400/276 474/399/125
f 470/408/135 474/395/125 471/415/281 467/416/285
f 469/414/284 468/417/288 472/418/277 473/391/276
f 460/419/289 461/420/290 478/421/287 475/411/283
f 466/422/291 476/407/282 477/423/286 464/424/292
f 466/425/291 460/426/289 475/404/283 476/403/282
f 486/427/293 485/428/294 481/429/295 480/430/296
f 488/431/297 487/432/298 483/433/299 484/434/300
f 484/434/300 483/433/299 485/428/294 486/427/293
f 482/435/301 479/436/302 487/432/298 488/431/297
f 482/435/301 488/431/297 498/437/303 489/438/304
f 479/439/302 491/440/305 497/441/306 487/442/298
f 483/443/299 494/444/307 496/445/308 485/446/294
f 484/434/300 486/427/293 495/447/309 493/448/310
f 487/442/298 497/441/306 494/444/307 483/443/299
f 488/431/297 484/434/300 493/448/310 498/437/303
f 486/427/293 480/430/296 492/449/311 495/447/309
f 485/446/294 496/445/308 490/450/312 481/451/295
f 499/452/313 502/453/314 503/454/315 500/455/316
f 501/456/317 499/457/313 500/458/316 507/459/318
f 500/455/316 503/454/315 504/460/319 505/461/320
f 507/459/318 500/458/316 505/462/320 506/463/321
f 507/459/318 506/463/321 508/464/322 509/465/323
f 501/456/317 507/459/318 509/465/323 510/466/324
f 511/439/313 514/440/314 515/441/315 512/442/325
f 513/435/317 511/436/313 512/432/325 519/431/318
f 512/442/325 515/441/315 516/444/319 517/443/320
f 519/431/318 512/432/325 517/433/320 518/434/321
f 519/431/318 518/434/321 520/448/322 521/437/323
f 513/435/317 519/431/318 521/437/323 522/438/324
f 523/467/326 526/468/327 527/469/328 524/470/329
f 525/471/330 523/472/326 524/473/329 531/474/331
f 524/470/329 527/469/328 528/475/332 529/476/333
f 531/474/331 524/473/329 529/477/333 530/478/334
f 531/474/331 530/478/334 532/479/335 533/480/336
f 525/471/330 531/474/331 533/480/336 534/481/337
f 537/482/330 535/483/338 536/484/339 540/485/331
f 540/485/331 536/484/339 538/486/340 539/487/334
f 540/485/331 539/487/334 541/488/335 542/489/336
f 537/482/330 540/485/331 542/489/336 543/490/337
f 550/81/4 547/84/4 548/83/4 551/82/4
f 545/665/1 552/666/1 553/667/1 544/668/1
f 546/69/6 555/72/6 549/71/6 554/70/6
f 548/669/1 547/670/1 546/671/1 554/672/1
f 551/673/3 548/674/3 554/675/3 549/676/3
f 557/677/341 558/678/341 556/679/341 560/680/341 561/681/341 559/682/341
f 561/683/342 567/684/342 566/685/342 559/686/342
f 557/687/343 565/688/343 564/689/343 558/690/343
f 556/691/344 563/692/344 562/693/344 560/694/344
f 560/695/345 562/696/345 567/697/345 561/698/345
f 559/699/346 566/700/346 565/701/346 557/702/346
f 558/703/347 564/704/347 563/705/347 556/706/347
f 551/707/5 549/708/5 555/709/5 550/710/5
f 550/711/2 555/712/2 546/713/2 547/714/2
f 570/1/4 571/2/4 569/3/4 568/4/4
f 582/715/2 580/716/2 573/647/2 574/648/2
f 575/5/4 574/6/4 573/7/4 577/8/4
f 583/717/3 575/650/3 577/651/3 581/718/3
f 582/719/5 574/654/5 575/655/5 583/720/5
f 580/721/1 572/662/1 576/663/1 581/722/1
f 579/723/6 576/724/6 572/725/6 578/726/6
f 573/661/1 580/721/1 581/722/1 577/664/1
f 578/653/5 582/719/5 583/720/5 579/656/5
f 579/649/3 583/717/3 581/718/3 576/652/3
f 578/645/2 572/646/2 580/716/2 582/715/2
f 590/81/4 587/84/4 588/83/4 591/82/4
f 585/665/5 592/666/5 593/667/5 584/668/5
f 586/69/6 595/72/6 589/71/6 594/70/6
f 588/669/5 587/670/5 586/671/5 594/672/5
f 591/673/2 588/674/2 594/675/2 589/676/2
f 597/677/348 598/678/348 596/679/348 600/680/348 601/681/348 599/682/348
f 601/683/347 607/684/347 606/685/347 599/686/347
f 597/687/349 605/688/349 604/689/349 598/690/349
f 596/691/350 603/692/350 602/693/350 600/694/350
f 600/695/351 602/696/351 607/697/351 601/698/351
f 599/699/352 606/700/352 605/701/352 597/702/352
f 598/703/342 604/704/342 603/705/342 596/706/342
f 591/707/1 589/708/1 595/709/1 590/710/1
f 590/711/3 595/712/3 586/713/3 587/714/3
f 615/5/5 614/6/5 613/7/5 617/8/5
f 618/645/2 612/646/2 613/647/2 614/648/2
f 619/649/3 615/650/3 617/651/3 616/652/3
f 618/653/6 614/654/6 615/655/6 619/656/6
f 619/657/1 616/658/1 612/659/1 618/660/1
f 613/661/4 612/662/4 616/663/4 617/664/4
f 610/1/5 611/2/5 609/3/5 608/4/5
f 642/288/353 641/289/354 628/290/355 632/291/356
f 643/292/357 631/293/358 634/294/359 640/295/360
f 643/296/357 642/297/353 632/298/356 631/299/358
f 631/300/358 632/301/356 628/302/355 634/303/359
f 633/304/361 630/305/362 629/306/363 635/307/364
f 645/308/365 644/309/366 638/310/367 639/311/368
f 645/312/365 639/313/368 636/314/369 646/315/370
f 644/316/366 647/317/371 637/318/372 638/319/367
f 639/311/368 638/310/367 642/297/353 643/296/357
f 639/313/368 643/292/357 640/295/360 636/314/369
f 638/319/367 637/318/372 641/289/354 642/288/353
f 629/320/363 630/321/362 647/317/371 644/316/366
f 635/322/364 645/312/365 646/315/370 633/323/361
f 635/324/364 629/325/363 644/309/366 645/308/365
f 662/288/373 661/326/374 648/327/375 652/291/376
f 663/292/377 651/293/378 654/328/379 660/329/380
f 663/330/377 662/331/373 652/332/376 651/333/378
f 651/334/378 652/335/376 648/336/375 654/337/379
f 653/338/381 650/339/382 649/340/383 655/341/384
f 665/342/385 664/343/386 658/344/387 659/345/388
f 665/312/385 659/313/388 656/346/389 666/347/390
f 664/316/386 667/348/391 657/349/392 658/350/387
f 659/345/388 658/344/387 662/331/373 663/330/377
f 659/313/388 663/292/377 660/329/380 656/346/389
f 658/350/387 657/349/392 661/326/374 662/288/373
f 649/320/383 650/351/382 667/348/391 664/316/386
f 655/322/384 665/312/385 666/347/390 653/352/381
f 655/353/384 649/354/383 664/343/386 665/342/385
f 682/355/109 681/356/393 668/357/263 672/358/110
f 683/359/394 671/360/395 674/361/260 680/362/396
f 683/363/394 682/364/109 672/365/110 671/366/395
f 685/367/397 684/368/398 678/369/116 679/370/399
f 685/371/397 679/372/399 676/373/271 686/374/400
f 684/375/398 687/376/401 677/377/268 678/378/116
f 679/370/399 678/369/116 682/364/109 683/363/394
f 679/372/399 683/359/394 680/379/396 676/380/271
f 678/378/116 677/381/268 681/382/393 682/355/109
f 669/383/402 670/384/403 687/385/401 684/375/398
f 675/386/404 685/371/397 686/387/400 673/388/405
f 675/389/404 669/390/402 684/368/398 685/367/397
f 702/391/129 701/392/406 688/393/280 692/394/130
f 703/395/407 691/396/408 694/397/409 700/398/410
f 703/399/407 702/400/129 692/401/130 691/402/408
f 705/403/411 704/404/412 698/405/136 699/406/413
f 705/407/411 699/408/413 696/409/288 706/410/414
f 704/411/412 707/412/415 697/413/285 698/414/136
f 699/406/413 698/405/136 702/400/129 703/399/407
f 699/408/413 703/395/407 700/415/410 696/416/288
f 698/414/136 697/417/285 701/418/406 702/391/129
f 689/419/416 690/420/417 707/421/415 704/411/412
f 695/422/418 705/407/411 706/423/414 693/424/419
f 695/425/418 689/426/416 704/404/412 705/403/411
f 715/427/420 714/428/421 710/429/422 709/430/423
f 717/431/424 716/432/425 712/433/426 713/434/427
f 713/434/427 712/433/426 714/428/421 715/427/420
f 711/435/428 708/436/429 716/432/425 717/431/424
f 711/435/428 717/431/424 727/437/430 718/438/431
f 708/439/429 720/440/432 726/441/433 716/442/425
f 712/443/426 723/444/434 725/445/435 714/446/421
f 713/434/427 715/427/420 724/447/436 722/448/437
f 716/442/425 726/441/433 723/444/434 712/443/426
f 717/431/424 713/434/427 722/448/437 727/437/430
f 715/427/420 709/430/423 721/449/438 724/447/436
f 714/446/421 725/445/435 719/450/439 710/451/422
f 728/452/440 731/453/441 732/454/442 729/455/443
f 730/456/444 728/457/440 729/458/443 736/459/445
f 729/455/443 732/454/442 733/460/446 734/461/447
f 736/459/445 729/458/443 734/462/447 735/463/448
f 736/459/445 735/463/448 737/464/449 738/465/450
f 730/456/444 736/459/445 738/465/450 739/466/451
f 740/439/440 743/440/441 744/441/442 741/442/452
f 742/435/444 740/436/440 741/432/452 748/431/445
f 741/442/452 744/441/442 745/444/446 746/443/447
f 748/431/445 741/432/452 746/433/447 747/434/448
f 748/431/445 747/434/448 749/448/449 750/437/450
f 742/435/444 748/431/445 750/437/450 751/438/451
f 752/467/453 755/468/454 756/469/455 753/470/456
f 754/471/457 752/472/453 753/473/456 760/474/458
f 753/470/456 756/469/455 757/475/459 758/476/460
f 760/474/458 753/473/456 758/477/460 759/478/461
f 760/474/458 759/478/461 761/479/462 762/480/463
f 754/471/457 760/474/458 762/480/463 763/481/464
f 766/482/457 764/483/465 765/484/466 769/485/458
f 769/485/458 765/484/466 767/486/467 768/487/461
f 769/485/458 768/487/461 770/488/462 771/489/463
f 766/482/457 769/485/458 771/489/463 772/490/464
f 779/81/6 776/84/6 777/83/6 780/82/6
f 774/665/5 781/666/5 782/667/5 773/668/5
f 775/69/4 784/72/4 778/71/4 783/70/4
f 777/669/5 776/670/5 775/671/5 783/672/5
f 780/673/3 777/674/3 783/675/3 778/676/3
f 786/677/468 787/678/468 785/679/468 789/680/468 790/681/468 788/682/468
f 790/683/469 796/684/469 795/685/469 788/686/469
f 786/687/345 794/688/345 793/689/345 787/690/345
f 785/691/470 792/692/470 791/693/470 789/694/470
f 789/695/343 791/696/343 796/697/343 790/698/343
f 788/699/471 795/700/471 794/701/471 786/702/471
f 787/703/472 793/704/472 792/705/472 785/706/472
f 780/707/1 778/708/1 784/709/1 779/710/1
f 779/711/2 784/712/2 775/713/2 776/714/2
f 803/81/6 800/84/6 801/83/6 804/82/6
f 798/665/5 805/666/5 806/667/5 797/668/5
f 799/69/4 808/72/4 802/71/4 807/70/4
f 801/669/5 800/670/5 799/671/5 807/672/5
f 804/673/3 801/674/3 807/675/3 802/676/3
f 810/677/468 811/678/468 809/679/468 813/680/468 814/681/468 812/682/468
f 814/683/469 820/684/469 819/685/469 812/686/469
f 810/687/473 818/688/473 817/689/473 811/690/473
f 809/691/470 816/692/470 815/693/470 813/694/470
f 813/695/343 815/696/343 820/697/343 814/698/343
f 812/699/471 819/700/471 818/701/471 810/702/471
f 811/703/472 817/704/472 816/705/472 809/706/472
f 804/707/1 802/708/1 808/709/1 803/710/1
f 803/711/2 808/712/2 799/713/2 800/714/2
f 828/5/1 827/6/1 826/7/1 830/8/1
f 831/645/2 825/646/2 826/647/2 827/648/2
f 832/649/3 828/650/3 830/651/3 829/652/3
f 831/653/4 827/654/4 828/655/4 832/656/4
f 832/657/5 829/658/5 825/659/5 831/660/5
f 826/661/6 825/662/6 829/663/6 830/664/6
f 823/1/1 824/2/1 822/3/1 821/4/1
f 855/288/218 854/289/219 841/290/220 845/291/221
f 856/292/222 844/293/223 847/294/224 853/295/225
f 856/296/222 855/297/218 845/298/221 844/299/223
f 844/300/223 845/301/221 841/302/220 847/303/224
f 846/304/226 843/305/227 842/306/228 848/307/229
f 858/308/230 857/309/231 851/310/232 852/311/233
f 858/312/230 852/313/233 849/314/234 859/315/235
f 857/316/231 860/317/236 850/318/237 851/319/232
f 852/311/233 851/310/232 855/297/218 856/296/222
f 852/313/233 856/292/222 853/295/225 849/314/234
f 851/319/232 850/318/237 854/289/219 855/288/218
f 842/320/228 843/321/227 860/317/236 857/316/231
f 848/322/229 858/312/230 859/315/235 846/323/226
f 848/324/229 842/325/228 857/309/231 858/308/230
f 875/288/238 874/326/239 861/327/240 865/291/241
f 876/292/242 864/293/243 867/328/244 873/329/245
f 876/330/242 875/331/238 865/332/241 864/333/243
f 864/334/243 865/335/241 861/336/240 867/337/244
f 866/338/246 863/339/247 862/340/248 868/341/249
f 878/342/250 877/343/251 871/344/252 872/345/253
f 878/312/250 872/313/253 869/346/254 879/347/255
f 877/316/251 880/348/256 870/349/257 871/350/252
f 872/345/253 871/344/252 875/331/238 876/330/242
f 872/313/253 876/292/242 873/329/245 869/346/254
f 871/350/252 870/349/257 874/326/239 875/288/238
f 862/320/248 863/351/247 880/348/256 877/316/251
f 868/322/249 878/312/250 879/347/255 866/352/246
f 868/353/249 862/354/248 877/343/251 878/342/250
f 895/355/474 894/356/259 881/357/260 885/358/475
f 896/359/105 884/360/262 887/361/263 893/362/264
f 896/363/105 895/364/474 885/365/475 884/366/262
f 898/367/265 897/368/266 891/369/267 892/370/115
f 898/371/265 892/372/115 889/373/268 899/374/269
f 897/375/266 900/376/270 890/377/476 891/378/267
f 892/370/115 891/369/267 895/364/474 896/363/105
f 892/372/115 896/359/105 893/379/264 889/380/268
f 891/378/267 890/381/476 894/382/259 895/355/474
f 882/383/272 883/384/273 900/385/270 897/375/266
f 888/386/274 898/371/265 899/387/269 886/388/275
f 888/389/274 882/390/272 897/368/266 898/367/265
f 915/391/276 914/392/277 901/393/278 905/394/279
f 916/395/125 904/396/128 907/397/280 913/398/281
f 916/399/125 915/400/276 905/401/279 904/402/128
f 918/403/282 917/404/283 911/405/284 912/406/135
f 918/407/282 912/408/135 909/409/285 919/410/286
f 917/411/283 920/412/287 910/413/288 911/414/284
f 912/406/135 911/405/284 915/400/276 916/399/125
f 912/408/135 916/395/125 913/415/281 909/416/285
f 911/414/284 910/417/288 914/418/277 915/391/276
f 902/419/289 903/420/290 920/421/287 917/411/283
f 908/422/291 918/407/282 919/423/286 906/424/292
f 908/425/291 902/426/289 917/404/283 918/403/282
f 928/427/293 927/428/294 923/429/295 922/430/296
f 930/431/297 929/432/298 925/433/299 926/434/300
f 926/434/300 925/433/299 927/428/294 928/427/293
f 924/435/301 921/436/302 929/432/298 930/431/297
f 924/435/301 930/431/297 940/437/303 931/438/304
f 921/439/302 933/440/305 939/441/306 929/442/298
f 925/443/299 936/444/307 938/445/308 927/446/294
f 926/434/300 928/427/293 937/447/309 935/448/310
f 929/442/298 939/441/306 936/444/307 925/443/299
f 930/431/297 926/434/300 935/448/310 940/437/303
f 928/427/293 922/430/296 934/449/311 937/447/309
f 927/446/294 938/445/308 932/450/312 923/451/295
f 941/452/313 944/453/314 945/454/315 942/455/316
f 943/456/317 941/457/313 942/458/316 949/459/318
f 942/455/316 945/454/315 946/460/319 947/461/320
f 949/459/318 942/458/316 947/462/320 948/463/321
f 949/459/318 948/463/321 950/464/322 951/465/323
f 943/456/317 949/459/318 951/465/323 952/466/324
f 953/439/313 956/440/314 957/441/315 954/442/316
f 955/435/317 953/436/313 954/432/316 961/431/318
f 954/442/316 957/441/315 958/444/319 959/443/320
f 961/431/318 954/432/316 959/433/320 960/434/477
f 961/431/318 960/434/477 962/448/322 963/437/323
f 955/435/317 961/431/318 963/437/323 964/438/324
f 965/467/326 968/468/327 969/469/328 966/470/329
f 967/471/330 965/472/326 966/473/329 973/474/331
f 966/470/329 969/469/328 970/475/332 971/476/333
f 973/474/331 966/473/329 971/477/333 972/478/334
f 973/474/331 972/478/334 974/479/335 975/480/336
f 967/471/330 973/474/331 975/480/336 976/481/337
f 979/482/330 977/483/338 978/484/339 982/485/331
f 982/485/331 978/484/339 980/486/340 981/487/334
f 982/485/331 981/487/334 983/488/335 984/489/336
f 979/482/330 982/485/331 984/489/336 985/490/337
f 993/5/5 992/6/5 991/7/5 995/8/5
f 996/645/2 990/646/2 991/647/2 992/648/2
f 997/649/3 993/650/3 995/651/3 994/652/3
f 996/653/6 992/654/6 993/655/6 997/656/6
f 997/657/1 994/658/1 990/659/1 996/660/1
f 991/661/4 990/662/4 994/663/4 995/664/4
f 988/1/5 989/2/5 987/3/5 986/4/5
f 1020/288/353 1019/289/354 1006/290/355 1010/291/356
f 1021/292/357 1009/293/358 1012/294/359 1018/295/360
f 1021/296/357 1020/297/353 1010/298/356 1009/299/358
f 1009/300/358 1010/301/356 1006/302/355 1012/303/359
f 1011/304/361 1008/305/362 1007/306/363 1013/307/364
f 1023/308/365 1022/309/366 1016/310/367 1017/311/368
f 1023/312/365 1017/313/368 1014/314/369 1024/315/370
f 1022/316/366 1025/317/371 1015/318/372 1016/319/367
f 1017/311/368 1016/310/367 1020/297/353 1021/296/357
f 1017/313/368 1021/292/357 1018/295/360 1014/314/369
f 1016/319/367 1015/318/372 1019/289/354 1020/288/353
f 1007/320/363 1008/321/362 1025/317/371 1022/316/366
f 1013/322/364 1023/312/365 1024/315/370 1011/323/361
f 1013/324/364 1007/325/363 1022/309/366 1023/308/365
f 1040/288/373 1039/326/374 1026/327/375 1030/291/376
f 1041/292/377 1029/293/378 1032/328/379 1038/329/380
f 1041/330/377 1040/331/373 1030/332/376 1029/333/378
f 1029/334/378 1030/335/376 1026/336/375 1032/337/379
f 1031/338/381 1028/339/478 1027/340/383 1033/341/384
f 1043/342/385 1042/343/386 1036/344/387 1037/345/388
f 1043/312/385 1037/313/388 1034/346/389 1044/347/390
f 1042/316/386 1045/348/391 1035/349/392 1036/350/387
f 1037/345/388 1036/344/387 1040/331/373 1041/330/377
f 1037/313/388 1041/292/377 1038/329/380 1034/346/389
f 1036/350/387 1035/349/392 1039/326/374 1040/288/373
f 1027/320/383 1028/351/478 1045/348/391 1042/316/386
f 1033/322/384 1043/312/385 1044/347/390 1031/352/381
f 1033/353/384 1027/354/383 1042/343/386 1043/342/385
f 1060/355/109 1059/356/393 1046/357/263 1050/358/110
f 1061/359/394 1049/360/395 1052/361/260 1058/362/396
f 1061/363/394 1060/364/109 1050/365/110 1049/366/395
f 1063/367/397 1062/368/398 1056/369/116 1057/370/399
f 1063/371/397 1057/372/399 1054/373/271 1064/374/400
f 1062/375/398 1065/376/401 1055/377/479 1056/378/116
f 1057/370/399 1056/369/116 1060/364/109 1061/363/394
f 1057/372/399 1061/359/394 1058/379/396 1054/380/271
f 1056/378/116 1055/381/479 1059/382/393 1060/355/109
f 1047/383/402 1048/384/403 1065/385/401 1062/375/398
f 1053/386/404 1063/371/397 1064/387/400 1051/388/405
f 1053/389/404 1047/390/402 1062/368/398 1063/367/397
f 1080/391/129 1079/392/406 1066/393/280 1070/394/130
f 1081/395/407 1069/396/408 1072/397/278 1078/398/410
f 1081/399/407 1080/400/129 1070/401/130 1069/402/408
f 1083/403/411 1082/404/412 1076/405/136 1077/406/413
f 1083/407/411 1077/408/413 1074/409/288 1084/410/414
f 1082/411/412 1085/412/415 1075/413/285 1076/414/136
f 1077/406/413 1076/405/136 1080/400/129 1081/399/407
f 1077/408/413 1081/395/407 1078/415/410 1074/416/288
f 1076/414/136 1075/417/285 1079/418/406 1080/391/129
f 1067/419/416 1068/420/417 1085/421/415 1082/411/412
f 1073/422/418 1083/407/411 1084/423/414 1071/424/419
f 1073/425/418 1067/426/416 1082/404/412 1083/403/411
f 1093/427/420 1092/428/421 1088/429/422 1087/430/423
f 1095/431/424 1094/432/425 1090/433/426 1091/434/427
f 1091/434/427 1090/433/426 1092/428/421 1093/427/420
f 1089/435/428 1086/436/429 1094/432/425 1095/431/424
f 1089/435/428 1095/431/424 1105/437/430 1096/438/431
f 1086/439/429 1098/440/432 1104/441/433 1094/442/425
f 1090/443/426 1101/444/434 1103/445/435 1092/446/421
f 1091/434/427 1093/427/420 1102/447/436 1100/448/437
f 1094/442/425 1104/441/433 1101/444/434 1090/443/426
f 1095/431/424 1091/434/427 1100/448/437 1105/437/430
f 1093/427/420 1087/430/423 1099/449/438 1102/447/436
f 1092/446/421 1103/445/435 1097/450/439 1088/451/422
f 1106/452/440 1109/453/441 1110/454/442 1107/455/443
f 1108/456/444 1106/457/440 1107/458/443 1114/459/445
f 1107/455/443 1110/454/442 1111/460/446 1112/461/447
f 1114/459/445 1107/458/443 1112/462/447 1113/463/448
f 1114/459/445 1113/463/448 1115/464/449 1116/465/450
f 1108/456/444 1114/459/445 1116/465/450 1117/466/451
f 1118/439/440 1121/440/441 1122/441/442 1119/442/443
f 1120/435/444 1118/436/440 1119/432/443 1126/431/445
f 1119/442/443 1122/441/442 1123/444/446 1124/443/447
f 1126/431/445 1119/432/443 1124/433/447 1125/434/480
f 1126/431/445 1125/434/480 1127/448/449 1128/437/450
f 1120/435/444 1126/431/445 1128/437/450 1129/438/451
f 1130/467/453 1133/468/454 1134/469/455 1131/470/456
f 1132/471/457 1130/472/453 1131/473/456 1138/474/458
f 1131/470/456 1134/469/455 1135/475/459 1136/476/460
f 1138/474/458 1131/473/456 1136/477/460 1137/478/461
f 1138/474/458 1137/478/461 1139/479/462 1140/480/463
f 1132/471/457 1138/474/458 1140/480/463 1141/481/464
f 1144/482/457 1142/483/465 1143/484/466 1147/485/458
f 1147/485/458 1143/484/466 1145/486/467 1146/487/461
f 1147/485/458 1146/487/461 1148/488/462 1149/489/463
f 1144/482/457 1147/485/458 1149/489/463 1150/490/464
f 1151/727/6 1154/728/6 1152/729/6 1153/730/6
f 1154/727/6 1155/728/6 1156/729/6 1152/730/6
f 1157/727/4 1160/728/4 1158/729/4 1159/730/4
f 1160/727/4 1161/728/4 1162/729/4 1158/730/4
f 1163/727/1 1166/728/1 1164/729/1 1165/730/1
f 1166/727/1 1167/728/1 1168/729/1 1164/730/1
f 1169/727/1 1172/728/1 1170/729/1 1171/730/1
f 1172/727/1 1173/728/1 1174/729/1 1170/730/1
f 1175/727/5 1178/728/5 1176/729/5 1177/730/5
f 1178/727/5 1179/728/5 1180/729/5 1176/730/5
f 1181/727/5 1184/728/5 1182/729/5 1183/730/5
f 1184/727/5 1185/728/5 1186/729/5 1182/730/5
f 1187/727/1 1190/728/1 1188/729/1 1189/730/1
f 1190/727/1 1191/728/1 1192/729/1 1188/730/1
f 1193/727/5 1196/728/5 1194/729/5 1195/730/5
f 1196/727/5 1197/728/5 1198/729/5 1194/730/5
f 1199/727/5 1201/730/5 1202/729/5 1200/728/5
f 1200/727/5 1202/730/5 1203/731/5 1208/732/5
f 1204/727/6 1205/728/6 1206/729/6 1207/730/6
f 1205/727/6 1208/728/6 1203/729/6 1206/730/6
f 1209/727/1 1211/728/1 1212/729/1 1210/730/1
f 1211/727/1 1213/732/1 1214/731/1 1212/730/1
f 1237/288/481 1236/733/481 1215/734/481 1219/291/481
f 1235/735/482 1221/736/482 1215/737/482 1236/738/482
f 1238/292/483 1218/293/483 1221/739/483 1235/740/483
f 1238/296/484 1237/741/484 1219/742/484 1218/299/484
f 1218/300/3 1219/301/3 1215/302/3 1221/303/3
f 1220/304/2 1217/305/2 1216/306/2 1222/307/2
f 1228/308/485 1227/743/485 1225/744/486 1226/311/487
f 1228/312/488 1226/313/489 1223/745/489 1229/746/490
f 1229/747/491 1223/748/492 1224/749/492 1230/750/491
f 1227/316/493 1230/751/493 1224/752/494 1225/319/494
f 1231/753/495 1234/754/495 1230/751/495 1227/316/495
f 1233/755/496 1229/747/491 1230/750/491 1234/756/496
f 1232/757/497 1228/312/488 1229/746/490 1233/758/497
f 1232/759/498 1231/760/498 1227/743/498 1228/308/498
f 1222/324/499 1216/761/499 1231/760/499 1232/759/499
f 1222/322/500 1232/757/500 1233/758/500 1220/762/500
f 1220/763/501 1233/755/501 1234/756/501 1217/764/501
f 1216/320/502 1217/765/502 1234/754/502 1231/753/502
f 1226/311/487 1225/744/486 1237/741/503 1238/296/503
f 1226/313/489 1238/292/504 1235/740/504 1223/745/489
f 1223/748/492 1235/735/505 1236/738/505 1224/749/492
f 1225/319/494 1224/752/494 1236/733/506 1237/288/506
f 1261/288/481 1260/733/481 1239/734/481 1243/291/481
f 1259/735/482 1245/736/482 1239/737/482 1260/738/482
f 1262/292/483 1242/293/483 1245/739/483 1259/740/483
f 1262/296/484 1261/741/484 1243/742/484 1242/299/484
f 1242/300/3 1243/301/3 1239/302/3 1245/303/3
f 1244/304/2 1241/305/2 1240/306/2 1246/307/2
f 1252/308/485 1251/743/485 1249/744/486 1250/311/487
f 1252/312/488 1250/313/489 1247/745/489 1253/746/490
f 1253/747/491 1247/748/492 1248/749/492 1254/750/491
f 1251/316/493 1254/751/493 1248/752/494 1249/319/494
f 1255/753/495 1258/754/495 1254/751/495 1251/316/495
f 1257/755/496 1253/747/491 1254/750/491 1258/756/496
f 1256/757/497 1252/312/488 1253/746/490 1257/758/497
f 1256/759/498 1255/760/498 1251/743/498 1252/308/498
f 1246/324/499 1240/761/499 1255/760/499 1256/759/499
f 1246/322/500 1256/757/500 1257/758/500 1244/762/500
f 1244/763/501 1257/755/501 1258/756/501 1241/764/501
f 1240/320/502 1241/765/502 1258/754/502 1255/753/502
f 1250/311/487 1249/744/486 1261/741/503 1262/296/503
f 1250/313/489 1262/292/504 1259/740/504 1247/745/489
f 1247/748/492 1259/735/505 1260/738/505 1248/749/492
f 1249/319/494 1248/752/494 1260/733/506 1261/288/506
f 1285/288/481 1284/733/481 1263/734/481 1267/291/481
f 1283/735/482 1269/736/482 1263/737/482 1284/738/482
f 1286/292/483 1266/293/483 1269/739/483 1283/740/483
f 1286/296/484 1285/741/484 1267/742/484 1266/299/484
f 1266/300/3 1267/301/3 1263/302/3 1269/303/3
f 1268/304/2 1265/305/2 1264/306/2 1270/307/2
f 1276/308/485 1275/743/485 1273/744/486 1274/311/487
f 1276/312/488 1274/313/489 1271/745/489 1277/746/490
f 1277/747/491 1271/748/492 1272/749/492 1278/750/491
f 1275/316/493 1278/751/493 1272/752/494 1273/319/494
f 1279/753/495 1282/754/495 1278/751/495 1275/316/495
f 1281/755/496 1277/747/491 1278/750/491 1282/756/496
f 1280/757/497 1276/312/488 1277/746/490 1281/758/497
f 1280/759/498 1279/760/498 1275/743/498 1276/308/498
f 1270/324/499 1264/761/499 1279/760/499 1280/759/499
f 1270/322/500 1280/757/500 1281/758/500 1268/762/500
f 1268/763/501 1281/755/501 1282/756/501 1265/764/501
f 1264/320/502 1265/765/502 1282/754/502 1279/753/502
f 1274/311/487 1273/744/486 1285/741/503 1286/296/503
f 1274/313/489 1286/292/504 1283/740/504 1271/745/489
f 1271/748/492 1283/735/505 1284/738/505 1272/749/492
f 1273/319/494 1272/752/494 1284/733/506 1285/288/506
f 1309/288/481 1308/733/481 1287/734/481 1291/291/481
f 1307/735/482 1293/736/482 1287/737/482 1308/738/482
f 1310/292/483 1290/293/483 1293/739/483 1307/740/483
f 1310/296/484 1309/741/484 1291/742/484 1290/299/484
f 1290/300/3 1291/301/3 1287/302/3 1293/303/3
f 1292/304/2 1289/305/2 1288/306/2 1294/307/2
f 1300/308/485 1299/743/485 1297/744/486 1298/311/487
f 1300/312/488 1298/313/489 1295/745/489 1301/746/490
f 1301/747/491 1295/748/492 1296/749/492 1302/750/491
f 1299/316/493 1302/751/493 1296/752/494 1297/319/494
f 1303/753/495 1306/754/495 1302/751/495 1299/316/495
f 1305/755/496 1301/747/491 1302/750/491 1306/756/496
f 1304/757/497 1300/312/488 1301/746/490 1305/758/497
f 1304/759/498 1303/760/498 1299/743/498 1300/308/498
f 1294/324/499 1288/761/499 1303/760/499 1304/759/499
f 1294/322/500 1304/757/500 1305/758/500 1292/762/500
f 1292/763/501 1305/755/501 1306/756/501 1289/764/501
f 1288/320/502 1289/765/502 1306/754/502 1303/753/502
f 1298/311/487 1297/744/486 1309/741/503 1310/296/503
f 1298/313/489 1310/292/504 1307/740/504 1295/745/489
f 1295/748/492 1307/735/505 1308/738/505 1296/749/492
f 1297/319/494 1296/752/494 1308/733/506 1309/288/506
f 1333/288/481 1332/733/481 1311/734/481 1315/291/481
f 1331/735/482 1317/736/482 1311/737/482 1332/738/482
f 1334/292/483 1314/293/483 1317/739/483 1331/740/483
f 1334/296/484 1333/741/484 1315/742/484 1314/299/484
f 1314/300/3 1315/301/3 1311/302/3 1317/303/3
f 1316/304/2 1313/305/2 1312/306/2 1318/307/2
f 1324/308/485 1323/743/485 1321/744/486 1322/311/487
f 1324/312/488 1322/313/489 1319/745/489 1325/746/490
f 1325/747/491 1319/748/492 1320/749/492 1326/750/491
f 1323/316/493 1326/751/493 1320/752/494 1321/319/494
f 1327/753/495 1330/754/495 1326/751/495 1323/316/495
f 1329/755/496 1325/747/491 1326/750/491 1330/756/496
f 1328/757/497 1324/312/488 1325/746/490 1329/758/497
f 1328/759/498 1327/760/498 1323/743/498 1324/308/498
f 1318/324/499 1312/761/499 1327/760/499 1328/759/499
f 1318/322/500 1328/757/500 1329/758/500 1316/762/500
f 1316/763/501 1329/755/501 1330/756/501 1313/764/501
f 1312/320/502 1313/765/502 1330/754/502 1327/753/502
f 1322/311/487 1321/744/486 1333/741/503 1334/296/503
f 1322/313/489 1334/292/504 1331/740/504 1319/745/489
f 1319/748/492 1331/735/505 1332/738/505 1320/749/492
f 1321/319/494 1320/752/494 1332/733/506 1333/288/506
f 1357/288/507 1356/733/507 1335/734/508 1339/291/508
f 1355/735/509 1341/736/510 1335/737/510 1356/738/509
f 1358/292/511 1338/293/512 1341/739/512 1355/740/511
f 1358/296/513 1357/741/513 1339/742/514 1338/299/514
f 1338/300/3 1339/301/3 1335/302/3 1341/303/3
f 1340/304/2 1337/305/2 1336/306/2 1342/307/2
f 1348/308/485 1347/743/485 1345/744/485 1346/311/485
f 1348/312/488 1346/313/515 1343/745/515 1349/746/490
f 1349/747/491 1343/748/516 1344/749/516 1350/750/491
f 1347/316/493 1350/751/493 1344/752/517 1345/319/517
f 1351/753/495 1354/754/495 1350/751/495 1347/316/495
f 1353/755/496 1349/747/491 1350/750/491 1354/756/496
f 1352/757/497 1348/312/488 1349/746/490 1353/758/497
f 1352/759/498 1351/760/498 1347/743/498 1348/308/498
f 1342/324/499 1336/761/499 1351/760/499 1352/759/499
f 1342/322/500 1352/757/500 1353/758/500 1340/762/500
f 1340/763/501 1353/755/501 1354/756/501 1337/764/501
f 1336/320/502 1337/765/502 1354/754/502 1351/753/502
f 1346/311/518 1345/744/518 1357/741/513 1358/296/513
f 1346/313/515 1358/292/511 1355/740/511 1343/745/515
f 1343/748/516 1355/735/509 1356/738/509 1344/749/516
f 1345/319/517 1344/752/517 1356/733/507 1357/288/507
f 1381/288/507 1380/733/507 1359/734/508 1363/291/508
f 1379/735/509 1365/736/510 1359/737/510 1380/738/509
f 1382/292/511 1362/293/512 1365/739/512 1379/740/511
f 1382/296/513 1381/741/513 1363/742/514 1362/299/514
f 1362/300/3 1363/301/3 1359/302/3 1365/303/3
f 1364/304/2 1361/305/2 1360/306/2 1366/307/2
f 1372/308/485 1371/743/485 1369/744/485 1370/311/485
f 1372/312/488 1370/313/515 1367/745/515 1373/746/490
f 1373/747/491 1367/748/516 1368/749/516 1374/750/491
f 1371/316/493 1374/751/493 1368/752/517 1369/319/517
f 1375/753/495 1378/754/495 1374/751/495 1371/316/495
f 1377/755/496 1373/747/491 1374/750/491 1378/756/496
f 1376/757/497 1372/312/488 1373/746/490 1377/758/497
f 1376/759/498 1375/760/498 1371/743/498 1372/308/498
f 1366/324/499 1360/761/499 1375/760/499 1376/759/499
f 1366/322/500 1376/757/500 1377/758/500 1364/762/500
f 1364/763/501 1377/755/501 1378/756/501 1361/764/501
f 1360/320/502 1361/765/502 1378/754/502 1375/753/502
f 1370/311/518 1369/744/518 1381/741/513 1382/296/513
f 1370/313/515 1382/292/511 1379/740/511 1367/745/515
f 1367/748/516 1379/735/509 1380/738/509 1368/749/516
f 1369/319/517 1368/752/517 1380/733/507 1381/288/507
f 1405/288/507 1404/733/507 1383/734/508 1387/291/508
f 1403/735/509 1389/736/510 1383/737/510 1404/738/509
f 1406/292/511 1386/293/512 1389/739/512 1403/740/511
f 1406/296/513 1405/741/513 1387/742/514 1386/299/514
f 1386/300/3 1387/301/3 1383/302/3 1389/303/3
f 1388/304/2 1385/305/2 1384/306/2 1390/307/2
f 1396/308/485 1395/743/485 1393/744/485 1394/311/485
f 1396/312/488 1394/313/515 1391/745/515 1397/746/490
f 1397/747/491 1391/748/516 1392/749/516 1398/750/491
f 1395/316/493 1398/751/493 1392/752/517 1393/319/517
f 1399/753/495 1402/754/495 1398/751/495 1395/316/495
f 1401/755/496 1397/747/491 1398/750/491 1402/756/496
f 1400/757/497 1396/312/488 1397/746/490 1401/758/497
f 1400/759/498 1399/760/498 1395/743/498 1396/308/498
f 1390/324/499 1384/761/499 1399/760/499 1400/759/499
f 1390/322/500 1400/757/500 1401/758/500 1388/762/500
f 1388/763/501 1401/755/501 1402/756/501 1385/764/501
f 1384/320/502 1385/765/502 1402/754/502 1399/753/502
f 1394/311/518 1393/744/518 1405/741/513 1406/296/513
f 1394/313/515 1406/292/511 1403/740/511 1391/745/515
f 1391/748/516 1403/735/509 1404/738/509 1392/749/516
f 1393/319/517 1392/752/517 1404/733/507 1405/288/507
f 1429/288/481 1428/733/481 1407/734/481 1411/291/481
f 1427/735/482 1413/736/482 1407/737/482 1428/738/482
f 1430/292/483 1410/293/483 1413/739/483 1427/740/483
f 1430/296/484 1429/741/484 1411/742/484 1410/299/484
f 1410/300/3 1411/301/3 1407/302/3 1413/303/3
f 1412/304/2 1409/305/2 1408/306/2 1414/307/2
f 1420/308/485 1419/743/485 1417/744/486 1418/311/487
f 1420/312/488 1418/313/489 1415/745/489 1421/746/490
f 1421/747/491 1415/748/492 1416/749/492 1422/750/491
f 1419/316/493 1422/751/493 1416/752/494 1417/319/494
f 1423/753/495 1426/754/495 1422/751/495 1419/316/495
f 1425/755/496 1421/747/491 1422/750/491 1426/756/496
f 1424/757/497 1420/312/488 1421/746/490 1425/758/497
f 1424/759/498 1423/760/498 1419/743/498 1420/308/498
f 1414/324/499 1408/761/499 1423/760/499 1424/759/499
f 1414/322/500 1424/757/500 1425/758/500 1412/762/500
f 1412/763/501 1425/755/501 1426/756/501 1409/764/501
f 1408/320/502 1409/765/502 1426/754/502 1423/753/502
f 1418/311/487 1417/744/486 1429/741/503 1430/296/503
f 1418/313/489 1430/292/504 1427/740/504 1415/745/489
f 1415/748/492 1427/735/505 1428/738/505 1416/749/492
f 1417/319/494 1416/752/494 1428/733/506 1429/288/506
f 1453/288/507 1452/733/507 1431/734/508 1435/291/508
f 1451/735/509 1437/736/510 1431/737/510 1452/738/509
f 1454/292/511 1434/293/512 1437/739/512 1451/740/511
f 1454/296/513 1453/741/513 1435/742/514 1434/299/514
f 1434/300/3 1435/301/3 1431/302/3 1437/303/3
f 1436/304/2 1433/305/2 1432/306/2 1438/307/2
f 1444/308/485 1443/743/485 1441/744/485 1442/311/485
f 1444/312/488 1442/313/515 1439/745/515 1445/746/490
f 1445/747/491 1439/748/516 1440/749/516 1446/750/491
f 1443/316/493 1446/751/493 1440/752/517 1441/319/517
f 1447/753/495 1450/754/495 1446/751/495 1443/316/495
f 1449/755/496 1445/747/491 1446/750/491 1450/756/496
f 1448/757/497 1444/312/488 1445/746/490 1449/758/497
f 1448/759/498 1447/760/498 1443/743/498 1444/308/498
f 1438/324/499 1432/761/499 1447/760/499 1448/759/499
f 1438/322/500 1448/757/500 1449/758/500 1436/762/500
f 1436/763/501 1449/755/501 1450/756/501 1433/764/501
f 1432/320/502 1433/765/502 1450/754/502 1447/753/502
f 1442/311/518 1441/744/518 1453/741/513 1454/296/513
f 1442/313/515 1454/292/511 1451/740/511 1439/745/515
f 1439/748/516 1451/735/509 1452/738/509 1440/749/516
f 1441/319/517 1440/752/517 1452/733/507 1453/288/507
f 1455/766/468 1456/767/468 1461/768/468 1463/769/468 1464/770/468 1462/771/468 1457/772/468 1460/773/468 1459/774/468 1458/775/468
f 1481/776/519 1482/777/519 1473/778/519 1474/779/519
f 1470/780/520 1469/781/520 1479/782/520 1480/782/520
f 1483/783/521 1484/784/521 1466/785/521 1465/786/521
f 1481/787/522 1474/779/522 1475/788/522 1483/789/522
f 1482/790/523 1468/790/523 1466/791/523 1484/791/523
f 1472/778/5 1471/779/5 1474/779/5 1473/778/5
f 1471/779/5 1469/781/5 1475/788/5 1474/779/5
f 1470/780/5 1472/778/5 1473/778/5 1476/792/5
f 1469/781/5 1470/780/5 1476/792/5 1475/788/5
f 1478/793/5 1477/793/5 1480/782/5 1479/782/5
f 1469/781/524 1471/779/524 1478/793/524 1479/782/524
f 1472/778/525 1470/780/525 1480/782/525 1477/793/525
f 1471/779/526 1472/778/526 1477/793/526 1478/793/526
f 1473/778/527 1482/790/527 1484/791/527 1476/792/527
f 1467/787/528 1481/787/528 1483/789/528 1465/789/528
f 1475/788/529 1476/792/529 1484/784/529 1483/783/529
f 1467/794/530 1468/795/530 1482/777/530 1481/776/530
f 1618/796/531 1619/796/532 1613/796/533 1612/796/534
f 1557/797/535 1558/798/536 1552/799/537 1551/800/538
f 1488/801/535 1489/802/539 1627/803/540 1626/804/538
f 1499/805/541 1500/806/542 1494/806/543 1493/805/544
f 1628/807/545 1490/808/546 1485/809/547 1623/810/548
f 1547/799/549 1553/799/550 1554/811/548 1548/811/551
f 1558/798/536 1559/798/552 1553/799/550 1552/799/537
f 1555/812/553 1549/812/554 1548/813/551 1554/813/548
f 1487/805/555 1493/805/544 1494/806/543 1488/806/535
f 1563/797/543 1564/798/556 1558/798/536 1557/797/535
f 1488/801/535 1494/801/543 1495/802/557 1489/802/539
f 1503/809/558 1504/805/559 1498/805/560 1497/809/561
f 1502/808/562 1497/809/561 1491/809/563 1496/808/564
f 1568/814/565 1562/814/566 1561/794/567 1567/794/568
f 1564/798/556 1565/798/569 1559/798/552 1558/798/536
f 1563/797/543 1557/797/535 1562/814/566 1568/814/565
f 1507/802/570 1508/808/571 1502/808/562 1501/802/572
f 1569/815/542 1570/816/573 1564/798/556 1563/797/543
f 1510/805/574 1511/805/575 1505/805/576 1504/805/559
f 1570/816/573 1571/816/577 1565/798/569 1564/798/556
f 1583/816/578 1584/817/579 1578/817/558 1577/816/580
f 1584/818/579 1585/819/581 1579/819/582 1578/818/558
f 1559/798/552 1565/798/569 1566/795/563 1560/795/547
f 1560/820/547 1566/820/563 1567/794/568 1561/794/567
f 1575/815/583 1576/816/584 1570/816/573 1569/815/542
f 1516/821/585 1517/821/586 1511/805/575 1510/805/574
f 1576/816/584 1577/816/580 1571/816/577 1570/816/573
f 1586/822/587 1580/822/588 1579/819/582 1585/819/581
f 1586/822/587 1581/815/589 1575/815/583 1580/822/588
f 1580/822/588 1574/822/590 1573/819/591 1579/819/582
f 1575/815/583 1569/815/542 1574/822/590 1580/822/588
f 1581/815/589 1582/816/592 1576/816/584 1575/815/583
f 1522/821/593 1523/821/594 1517/821/586 1516/821/585
f 1582/816/592 1583/816/578 1577/816/580 1576/816/584
f 1595/816/595 1596/817/596 1590/817/597 1589/816/598
f 1596/818/596 1597/819/599 1591/819/600 1590/818/597
f 1571/816/577 1577/816/580 1578/817/558 1572/817/561
f 1572/818/561 1578/818/558 1579/819/582 1573/819/591
f 1587/815/601 1588/816/602 1582/816/592 1581/815/589
f 1528/821/603 1529/821/604 1523/821/594 1522/821/593
f 1588/816/602 1589/816/598 1583/816/578 1582/816/592
f 1598/822/605 1592/822/606 1591/819/600 1597/819/599
f 1598/822/605 1593/815/607 1587/815/601 1592/822/606
f 1592/822/606 1586/822/587 1585/819/581 1591/819/600
f 1587/815/601 1581/815/589 1586/822/587 1592/822/606
f 1593/815/607 1594/816/608 1588/816/602 1587/815/601
f 1534/821/609 1535/821/610 1529/821/604 1528/821/603
f 1594/816/608 1595/816/595 1589/816/598 1588/816/602
f 1607/796/611 1608/823/612 1602/823/613 1601/796/614
f 1608/804/612 1609/803/615 1603/803/616 1602/804/613
f 1583/816/578 1589/816/598 1590/817/597 1584/817/579
f 1584/818/579 1590/818/597 1591/819/600 1585/819/581
f 1599/810/617 1600/796/618 1594/816/608 1593/815/607
f 1540/821/619 1541/821/620 1535/821/610 1534/821/609
f 1600/796/618 1601/796/614 1595/816/595 1594/816/608
f 1610/807/621 1604/807/622 1603/803/616 1609/803/615
f 1610/807/621 1605/810/623 1599/810/617 1604/807/622
f 1604/807/622 1598/822/605 1597/819/599 1603/803/616
f 1599/810/617 1593/815/607 1598/822/605 1604/807/622
f 1605/810/623 1606/796/624 1600/796/618 1599/810/617
f 1546/799/625 1547/799/549 1541/821/620 1540/821/619
f 1606/796/624 1607/796/611 1601/796/614 1600/796/618
f 1620/804/626 1621/803/627 1615/803/628 1614/804/629
f 1619/796/532 1620/823/626 1614/823/629 1613/796/533
f 1595/816/595 1601/796/614 1602/823/613 1596/817/596
f 1596/818/596 1602/804/613 1603/803/616 1597/819/599
f 1611/810/630 1612/796/534 1606/796/624 1605/810/623
f 1612/796/534 1613/796/533 1607/796/611 1606/796/624
f 1621/803/627 1622/807/631 1616/807/632 1615/803/628
f 1562/814/566 1557/797/535 1551/800/538 1556/824/633
f 1491/809/563 1492/805/634 1486/805/635 1485/809/547
f 1611/810/630 1605/810/623 1610/807/621 1616/807/632
f 1615/803/628 1616/807/632 1610/807/621 1609/803/615
f 1617/810/551 1618/796/531 1612/796/534 1611/810/630
f 1503/809/558 1497/809/561 1502/808/562 1508/808/571
f 1496/808/564 1491/809/563 1485/809/547 1490/808/546
f 1512/801/589 1513/802/636 1507/802/570 1506/801/583
f 1614/804/629 1615/803/628 1609/803/615 1608/804/612
f 1607/796/611 1613/796/533 1614/823/629 1608/823/612
f 1556/824/633 1550/824/637 1549/812/554 1555/812/553
f 1622/807/631 1617/810/551 1611/810/630 1616/807/632
f 1492/805/634 1493/805/544 1487/805/555 1486/805/635
f 1624/796/638 1625/796/639 1619/796/532 1618/796/531
f 1625/796/639 1626/823/538 1620/823/626 1619/796/532
f 1495/802/557 1496/808/564 1490/808/546 1489/802/539
f 1497/809/561 1498/805/560 1492/805/634 1491/809/563
f 1623/810/548 1617/810/551 1622/807/631 1628/807/545
f 1498/805/560 1499/805/541 1493/805/544 1492/805/634
f 1511/805/575 1512/806/589 1506/806/583 1505/805/576
f 1489/802/539 1490/808/546 1628/807/545 1627/803/540
f 1501/802/572 1502/808/562 1496/808/564 1495/802/557
f 1626/804/538 1627/803/540 1621/803/627 1620/804/626
f 1499/805/541 1505/805/576 1506/806/583 1500/806/542
f 1500/801/542 1506/801/583 1507/802/570 1501/802/572
f 1513/802/636 1514/808/640 1508/808/571 1507/802/570
f 1514/808/640 1509/809/579 1503/809/558 1508/808/571
f 1509/809/579 1510/805/574 1504/805/559 1503/809/558
f 1519/825/641 1520/826/642 1514/808/640 1513/802/636
f 1515/827/597 1509/809/579 1514/808/640 1520/826/642
f 1523/821/594 1524/828/607 1518/828/601 1517/821/586
f 1524/829/607 1525/825/643 1519/825/641 1518/829/601
f 1515/827/597 1516/821/585 1510/805/574 1509/809/579
f 1511/805/575 1517/821/586 1518/828/601 1512/806/589
f 1512/801/589 1518/829/601 1519/825/641 1513/802/636
f 1525/825/643 1526/826/644 1520/826/642 1519/825/641
f 1526/826/644 1521/827/596 1515/827/597 1520/826/642
f 1521/827/596 1522/821/593 1516/821/585 1515/827/597
f 1531/825/645 1532/826/646 1526/826/644 1525/825/643
f 1527/827/613 1521/827/596 1526/826/644 1532/826/646
f 1535/821/610 1536/828/623 1530/828/617 1529/821/604
f 1536/829/623 1537/825/647 1531/825/645 1530/829/617
f 1527/827/613 1528/821/603 1522/821/593 1521/827/596
f 1523/821/594 1529/821/604 1530/828/617 1524/828/607
f 1524/829/607 1530/829/617 1531/825/645 1525/825/643
f 1537/825/647 1538/826/648 1532/826/646 1531/825/645
f 1538/826/648 1533/827/612 1527/827/613 1532/826/646
f 1533/827/612 1534/821/609 1528/821/603 1527/827/613
f 1543/825/649 1544/826/650 1538/826/648 1537/825/647
f 1539/827/629 1533/827/612 1538/826/648 1544/826/650
f 1547/799/549 1548/811/551 1542/828/630 1541/821/620
f 1548/813/551 1549/812/554 1543/825/649 1542/829/630
f 1539/827/629 1540/821/619 1534/821/609 1533/827/612
f 1535/821/610 1541/821/620 1542/828/630 1536/828/623
f 1536/829/623 1542/829/630 1543/825/649 1537/825/647
f 1550/824/637 1544/826/650 1543/825/649 1549/812/554
f 1550/824/637 1545/800/626 1539/827/629 1544/826/650
f 1545/800/626 1546/799/625 1540/821/619 1539/827/629
f 1556/824/633 1551/800/538 1545/800/626 1550/824/637
f 1559/798/552 1560/795/547 1554/811/548 1553/799/550
f 1560/820/547 1561/794/567 1555/812/553 1554/813/548
f 1551/800/538 1552/799/537 1546/799/625 1545/800/626
f 1552/799/537 1553/799/550 1547/799/549 1546/799/625
f 1562/814/566 1556/824/633 1555/812/553 1561/794/567
f 1623/810/548 1485/809/547 1486/805/635 1624/796/638
f 1500/801/542 1501/802/572 1495/802/557 1494/801/543
f 1572/818/561 1573/819/591 1567/794/568 1566/820/563
f 1571/816/577 1572/817/561 1566/795/563 1565/798/569
f 1623/810/548 1624/796/638 1618/796/531 1617/810/551
f 1627/803/540 1628/807/545 1622/807/631 1621/803/627
f 1574/822/590 1569/815/542 1563/797/543 1568/814/565
f 1574/822/590 1568/814/565 1567/794/568 1573/819/591
f 1487/805/555 1488/806/535 1626/823/538 1625/796/639
f 1504/805/559 1505/805/576 1499/805/541 1498/805/560
f 1486/805/635 1487/805/555 1625/796/639 1624/796/638
f 1634/830/651 1633/831/652 1638/832/653 1637/833/654
f 1629/834/655 1635/835/656 1636/836/657 1632/837/658
f 1634/830/651 1636/838/657 1635/839/656 1633/831/652
f 1631/840/659 1630/841/660 1629/842/655 1632/843/658
f 1633/844/652 1635/845/656 1629/846/655 1630/847/660
f 1639/848/661 1640/849/662 1644/850/663 1643/851/664
f 1630/841/660 1631/840/659 1640/849/662 1639/848/661
f 1633/844/652 1630/847/660 1639/852/661 1638/853/653
f 1643/851/664 1644/850/663 1648/854/665 1647/855/666
f 1637/833/654 1638/832/653 1642/856/667 1641/857/668
f 1638/853/653 1639/852/661 1643/858/664 1642/859/667
f 1641/857/668 1642/856/667 1646/860/669 1645/861/670
f 1642/859/667 1643/858/664 1647/862/666 1646/863/669
f 1646/863/669 1647/862/666 1651/864/671 1650/865/672
f 1647/855/666 1648/854/665 1652/866/2 1651/867/671
f 1645/861/670 1646/860/669 1650/331/672 1649/868/3
f 1658/830/673 1661/833/674 1662/832/675 1657/831/676
f 1653/834/677 1656/837/657 1660/836/658 1659/835/655
f 1658/830/673 1657/831/676 1659/839/655 1660/838/658
f 1655/840/678 1656/843/657 1653/842/677 1654/841/679
f 1657/844/676 1654/847/679 1653/846/677 1659/845/655
f 1663/848/680 1667/851/681 1668/850/682 1664/849/683
f 1654/841/679 1663/848/680 1664/849/683 1655/840/678
f 1657/869/676 1662/870/675 1663/871/680 1654/872/679
f 1667/851/681 1671/855/684 1672/854/685 1668/850/682
f 1661/833/674 1665/857/686 1666/856/687 1662/832/675
f 1662/870/675 1666/873/687 1667/874/681 1663/871/680
f 1665/857/686 1669/861/688 1670/860/689 1666/856/687
f 1666/873/687 1670/875/689 1671/876/684 1667/874/681
f 1670/875/689 1650/865/672 1651/864/671 1671/876/684
f 1671/855/684 1651/867/671 1652/866/2 1672/854/685
f 1669/861/688 1649/868/3 1650/331/672 1670/860/689
f 1674/877/657 1675/878/658 1676/879/690 1673/880/691
f 1677/881/692 1680/882/693 1676/883/690 1675/884/658
f 1678/885/694 1679/886/695 1680/887/693 1677/888/692
f 1686/889/6 1683/890/696 1682/891/697 1685/892/657
f 1681/893/698 1682/894/697 1683/895/696 1684/896/699
f 1676/897/690 1680/898/693 1679/899/695 1673/900/691
f 1681/901/698 1687/902/700 1685/903/657 1682/904/697
f 1684/905/699 1692/906/701 1687/907/700 1681/908/698
f 1694/909/6 1686/889/6 1685/892/657 1693/910/657
f 1689/911/702 1690/912/703 1691/913/704 1688/914/705
f 1687/902/700 1695/915/658 1693/916/657 1685/903/657
f 1692/917/701 1700/918/706 1695/919/658 1687/920/700
f 1678/921/694 1694/922/6 1693/923/657 1674/924/657
f 1697/925/707 1698/926/708 1699/927/709 1696/928/710
f 1695/915/658 1675/878/658 1674/877/657 1693/916/657
f 1700/929/706 1677/881/692 1675/884/658 1695/930/658
f 1673/931/691 1679/932/695 1678/921/694 1674/924/657
f 1702/933/711 1703/934/712 1704/935/713 1701/936/714
f 1686/889/6 1707/937/6 1705/938/715 1683/890/696
f 1694/909/6 1702/939/711 1707/940/6 1686/889/6
f 1678/921/694 1703/941/712 1702/942/711 1694/922/6
f 1683/943/696 1705/944/715 1706/945/716 1684/946/699
f 1677/947/692 1700/948/706 1701/949/714 1704/950/713
f 1692/917/701 1708/951/4 1701/952/714 1700/918/706
f 1692/917/701 1684/953/699 1706/954/716 1708/951/4
f 1678/955/694 1677/956/692 1704/957/713 1703/958/712
f 1708/951/4 1696/959/710 1699/960/709 1701/952/714
f 1706/961/716 1709/962/717 1696/959/710 1708/951/4
f 1701/963/714 1699/964/709 1698/965/708 1702/966/711
f 1705/967/715 1707/940/6 1697/968/707 1710/969/718
f 1707/940/6 1702/970/711 1698/971/708 1697/968/707
f 1705/972/715 1710/973/718 1709/974/717 1706/975/716
f 1709/976/717 1688/977/705 1691/978/704 1696/979/710
f 1696/980/710 1691/981/704 1690/982/703 1697/983/707
f 1710/984/718 1697/968/707 1690/985/703 1689/986/702
f 1712/987/719 1713/988/720 1714/989/697 1711/990/677
f 1716/991/721 1717/992/722 1718/993/723 1715/994/655
f 1714/995/697 1716/996/721 1715/997/655 1711/998/677
f 1713/999/720 1717/993/722 1716/994/721 1714/1000/697
f 1712/997/719 1718/1001/723 1717/1002/722 1713/1003/720
f 1711/1004/677 1715/1005/655 1718/1006/723 1712/1007/719
f 1720/1008/724 1721/1009/725 1722/1010/726 1719/1011/727
f 1724/1012/728 1725/1013/729 1726/1014/730 1723/1015/731
f 1724/1012/728 1723/1015/731 1719/1016/727 1722/1017/726
f 1728/1018/732 1729/1019/733 1730/1020/734 1727/1021/735
f 1732/1022/736 1729/1023/733 1728/1024/732 1731/1025/737
f 1719/1026/727 1723/1027/731 1726/1028/730 1720/1029/724
f 1728/1030/732 1727/1031/735 1733/1032/738 1731/1033/737
f 1729/1034/733 1732/1035/736 1734/1036/739 1730/1037/734
f 1730/1038/734 1734/1036/739 1733/1039/738 1727/1040/735
f 1736/1041/740 1732/1022/736 1731/1025/737 1735/1042/741
f 1735/1043/741 1731/1033/737 1733/1032/738 1737/1044/742
f 1734/1036/739 1732/1035/736 1736/1045/740 1738/1046/743
f 1734/1036/739 1738/1046/743 1737/1047/742 1733/1039/738
f 1725/1048/729 1736/1041/740 1735/1042/741 1721/1049/725
f 1737/1044/742 1722/1010/726 1721/1009/725 1735/1043/741
f 1738/1046/743 1736/1045/740 1725/1013/729 1724/1012/728
f 1738/1046/743 1724/1012/728 1722/1017/726 1737/1047/742
f 1726/1050/730 1725/1048/729 1721/1049/725 1720/1051/724
f 1740/1052/744 1741/1053/745 1742/1054/745 1739/1055/744
f 1744/1056/746 1745/1057/746 1746/1058/747 1743/1059/747
f 1741/1060/745 1745/1058/746 1744/1059/746 1742/1061/745
f 1739/1062/744 1743/1063/747 1746/1064/747 1740/1065/744
f 1748/1066/744 1749/1067/745 1750/1068/745 1747/1069/744
f 1752/1070/746 1753/1071/746 1754/1072/747 1751/1073/747
f 1749/1074/745 1753/1072/746 1752/1073/746 1750/1075/745
f 1747/1076/744 1751/1077/747 1754/1078/747 1748/1079/744
f 1756/1080/748 1757/1081/749 1758/1082/750 1755/1083/751
f 1760/1084/746 1761/1085/746 1762/1086/747 1759/1087/747
f 1757/1088/749 1761/1086/746 1760/1087/746 1758/1089/750
f 1755/1090/751 1759/1091/747 1762/1092/747 1756/1093/748
f 1764/1094/744 1765/1095/745 1766/1096/745 1763/1097/744
f 1768/1098/746 1769/1099/746 1770/1100/747 1767/1101/747
f 1765/1102/745 1769/1100/746 1768/1101/746 1766/1103/745
f 1763/1104/744 1767/1105/747 1770/1106/747 1764/1107/744
f 1772/1108/724 1773/1109/725 1774/1110/726 1771/1111/727
f 1776/1112/728 1777/1113/729 1778/1114/730 1775/1115/731
f 1776/1112/728 1775/1115/731 1771/1116/727 1774/1117/726
f 1784/1118/736 1781/1119/733 1780/1120/732 1783/1121/737
f 1780/1122/732 1779/1123/735 1785/1124/738 1783/1125/737
f 1781/1126/733 1784/1127/736 1786/1128/739 1782/1129/734
f 1782/1130/734 1786/1128/739 1785/1131/738 1779/1132/735
f 1788/1133/740 1784/1118/736 1783/1121/737 1787/1134/741
f 1787/1135/741 1783/1125/737 1785/1124/738 1789/1136/742
f 1786/1128/739 1784/1127/736 1788/1137/740 1790/1138/743
f 1786/1128/739 1790/1138/743 1789/1139/742 1785/1131/738
f 1777/1140/729 1788/1133/740 1787/1134/741 1773/1141/725
f 1789/1136/742 1774/1110/726 1773/1109/725 1787/1135/741
f 1790/1138/743 1788/1137/740 1777/1113/729 1776/1112/728
f 1790/1138/743 1776/1112/728 1774/1117/726 1789/1139/742
f 1778/1142/730 1777/1140/729 1773/1141/725 1772/1143/724
f 1792/1144/744 1793/1145/745 1794/1146/745 1791/1147/744
f 1796/1148/746 1797/1149/746 1798/1150/747 1795/1151/747
f 1793/1152/745 1797/1150/746 1796/1151/746 1794/1153/745
f 1791/1154/744 1795/1155/747 1798/1156/747 1792/1157/744
f 1800/1158/744 1801/1159/745 1802/1160/745 1799/1161/744
f 1804/1162/746 1805/1163/746 1806/1164/747 1803/1165/747
f 1801/1166/745 1805/1164/746 1804/1165/746 1802/1167/745
f 1799/1168/744 1803/1169/747 1806/1170/747 1800/1171/744
f 1808/1172/744 1809/1173/745 1810/1174/745 1807/1175/744
f 1812/1176/746 1813/1177/746 1814/1178/747 1811/1179/747
f 1809/1180/745 1813/1178/746 1812/1179/746 1810/1181/745
f 1807/1182/744 1811/1183/747 1814/1184/747 1808/1185/744
f 1780/1186/732 1781/1187/733 1782/1188/734 1779/1189/735
f 1771/1190/727 1775/1191/731 1778/1192/730 1772/1193/724
f 1709/1194/717 1710/1195/718 1689/1196/702 1688/1197/705
f 1817/1198/752 1829/1199/753 1830/1200/754 1818/1201/755
f 1815/1202/756 1827/1203/757 1829/1199/753 1817/1198/752
f 1818/1204/755 1830/1205/754 1828/1206/758 1816/1207/759
f 1816/1207/759 1828/1206/758 1827/1208/757 1815/1209/756
f 1819/69/6 1822/72/6 1820/71/6 1821/70/6
f 1838/73/3 1841/76/3 1821/75/3 1820/74/3
f 1841/45/1 1835/48/1 1819/63/1 1821/62/1
f 1842/77/2 1822/80/2 1819/79/2 1835/78/2
f 1823/69/6 1825/70/6 1824/71/6 1826/72/6
f 1846/73/3 1824/74/3 1825/75/3 1849/76/3
f 1849/45/5 1825/62/5 1823/63/5 1843/48/5
f 1850/77/2 1843/78/2 1823/79/2 1826/80/2
f 1829/1199/753 1833/1210/760 1834/1211/761 1830/1200/754
f 1827/1203/757 1831/1212/762 1833/1210/760 1829/1199/753
f 1830/1205/754 1834/1213/761 1832/1214/763 1828/1206/758
f 1828/1206/758 1832/1214/763 1831/1215/762 1827/1208/757
f 1839/81/4 1836/84/4 1837/83/4 1840/82/4
f 1840/73/3 1837/76/3 1841/75/3 1838/74/3
f 1837/45/1 1836/48/1 1835/63/1 1841/62/1
f 1839/77/2 1842/80/2 1835/79/2 1836/78/2
f 1847/81/4 1848/82/4 1845/83/4 1844/84/4
f 1848/73/3 1846/74/3 1849/75/3 1845/76/3
f 1845/45/5 1849/62/5 1843/63/5 1844/48/5
f 1847/77/2 1844/78/2 1843/79/2 1850/80/2
f 1921/1198/752 1933/1199/753 1934/1200/754 1922/1201/755
f 1919/1202/756 1931/1203/757 1933/1199/753 1921/1198/752
f 1922/1204/755 1934/1205/754 1932/1206/758 1920/1207/759
f 1920/1207/759 1932/1206/758 1931/1208/757 1919/1209/756
f 1923/69/6 1926/72/6 1924/71/6 1925/70/6
f 1942/73/3 1945/76/3 1925/75/3 1924/74/3
f 1945/45/1 1939/48/1 1923/63/1 1925/62/1
f 1946/77/2 1926/80/2 1923/79/2 1939/78/2
f 1927/69/6 1929/70/6 1928/71/6 1930/72/6
f 1950/73/3 1928/74/3 1929/75/3 1953/76/3
f 1953/45/5 1929/62/5 1927/63/5 1947/48/5
f 1954/77/2 1947/78/2 1927/79/2 1930/80/2
f 1933/1199/753 1937/1210/760 1938/1211/761 1934/1200/754
f 1931/1203/757 1935/1212/762 1937/1210/760 1933/1199/753
f 1934/1205/754 1938/1213/761 1936/1214/763 1932/1206/758
f 1932/1206/758 1936/1214/763 1935/1215/762 1931/1208/757
f 1943/81/4 1940/84/4 1941/83/4 1944/82/4
f 1944/73/3 1941/76/3 1945/75/3 1942/74/3
f 1941/45/1 1940/48/1 1939/63/1 1945/62/1
f 1943/77/2 1946/80/2 1939/79/2 1940/78/2
f 1951/81/4 1952/82/4 1949/83/4 1948/84/4
f 1952/73/3 1950/74/3 1953/75/3 1949/76/3
f 1949/45/5 1953/62/5 1947/63/5 1948/48/5
f 1951/77/2 1948/78/2 1947/79/2 1954/80/2
f 2023/1216/6 2025/1217/6 2024/1218/6
f 2034/1219/768 2028/1220/769 2029/1221/770 2042/1222/771
f 2028/1223/769 2032/1224/772 2033/1225/773 2029/1226/770
f 2043/1227/774 2030/1228/775 2031/1229/776 2052/1230/777
f 2030/1231/775 2026/1232/778 2027/1233/779 2031/1234/776
f 2053/1235/780 2026/1236/778 2030/1228/775 2043/1227/774
f 2052/1237/777 2031/1238/776 2027/1239/779 2038/1240/781
f 2033/1241/773 2048/1242/782 2042/1222/771 2029/1221/770
f 2048/1242/782 2049/1243/783 2041/1244/784 2042/1222/771
f 2049/1243/783 2050/1245/785 2040/1246/786 2041/1244/784
f 2050/1245/785 2051/1247/787 2039/1248/788 2040/1246/786
f 2051/1247/787 2052/1237/777 2038/1240/781 2039/1248/788
f 2028/1249/769 2034/1250/768 2047/1251/789 2032/1252/772
f 2034/1250/768 2035/1253/790 2046/1254/791 2047/1251/789
f 2035/1253/790 2036/1255/792 2045/1256/793 2046/1254/791
f 2036/1255/792 2037/1257/794 2044/1258/795 2045/1256/793
f 2037/1257/794 2053/1235/780 2043/1227/774 2044/1258/795
f 2032/1252/772 2047/1251/789 2048/1259/782 2033/1260/773
f 2047/1251/789 2046/1254/791 2049/1261/783 2048/1259/782
f 2046/1254/791 2045/1256/793 2050/1262/785 2049/1261/783
f 2045/1256/793 2044/1258/795 2051/1263/787 2050/1262/785
f 2044/1258/795 2043/1227/774 2052/1230/777 2051/1263/787
f 2026/1264/778 2053/1265/780 2038/1240/781 2027/1239/779
f 2053/1265/780 2037/1266/794 2039/1248/788 2038/1240/781
f 2037/1266/794 2036/1267/792 2040/1246/786 2039/1248/788
f 2036/1267/792 2035/1268/790 2041/1244/784 2040/1246/786
f 2035/1268/790 2034/1219/768 2042/1222/771 2041/1244/784
f 2062/1269/796 2056/225/797 2057/1270/798 2071/1271/799
f 2056/1272/797 2060/229/800 2061/230/801 2057/231/798
f 2072/1273/802 2058/1274/803 2059/1275/804 2081/235/805
f 2058/1276/803 2054/1277/806 2055/1278/807 2059/1279/804
f 2066/1280/808 2054/1281/806 2058/1282/803 2072/1273/802
f 2081/1283/805 2059/1284/804 2055/1285/807 2067/1286/809
f 2061/1287/801 2077/248/810 2071/1271/799 2057/1270/798
f 2077/248/810 2078/1288/811 2070/250/812 2071/1271/799
f 2078/1288/811 2079/251/813 2069/252/814 2070/250/812
f 2079/251/813 2080/1289/815 2068/254/816 2069/252/814
f 2080/1289/815 2081/1283/805 2067/1286/809 2068/254/816
f 2056/255/797 2062/256/796 2076/257/817 2060/258/800
f 2062/256/796 2063/1290/818 2075/1291/819 2076/257/817
f 2063/1290/818 2064/1292/820 2074/1293/821 2075/1291/819
f 2064/1292/820 2065/1294/822 2073/1295/823 2074/1293/821
f 2065/1294/822 2066/1280/808 2072/1273/802 2073/1295/823
f 2060/258/800 2076/257/817 2077/1296/810 2061/266/801
f 2076/257/817 2075/1291/819 2078/1297/811 2077/1296/810
f 2075/1291/819 2074/1293/821 2079/268/813 2078/1297/811
f 2074/1293/821 2073/1295/823 2080/269/815 2079/268/813
f 2073/1295/823 2072/1273/802 2081/235/805 2080/269/815
f 2054/1298/806 2066/271/808 2067/1286/809 2055/1299/807
f 2066/271/808 2065/1300/822 2068/254/816 2067/1286/809
f 2065/1300/822 2064/274/820 2069/252/814 2068/254/816
f 2064/274/820 2063/1301/818 2070/250/812 2069/252/814
f 2063/1301/818 2062/1269/796 2071/1271/799 2070/250/812
f 2086/1302/824 2082/1303/825 2083/1304/826 2089/1305/827
f 2082/1306/825 2084/1307/828 2085/1308/829 2083/1309/826
f 2085/1310/829 2092/1311/830 2089/1305/827 2083/1304/826
f 2092/1312/830 2093/1313/831 2088/1314/832 2089/1315/827
f 2082/1316/825 2086/1317/824 2091/1318/833 2084/1319/828
f 2086/1317/824 2087/1320/834 2090/1321/835 2091/1318/833
f 2084/1319/828 2091/1318/833 2092/1322/830 2085/1323/829
f 2091/1318/833 2090/1324/835 2093/1325/831 2092/1322/830
f 2087/1326/834 2086/1302/824 2089/1305/827 2088/1327/832
f 2098/81/4 2095/84/4 2096/83/4 2099/82/4
f 2094/69/6 2101/72/6 2097/71/6 2100/70/6
f 2099/1328/3 2096/1329/3 2100/1330/3 2097/1331/3
f 2096/669/1 2095/670/1 2094/671/1 2100/672/1
f 2098/711/2 2101/712/2 2094/713/2 2095/714/2
f 2106/81/4 2107/82/4 2104/83/4 2103/84/4
f 2102/69/6 2108/70/6 2105/71/6 2109/72/6
f 2107/673/3 2105/676/3 2108/675/3 2104/674/3
f 2104/669/5 2108/672/5 2102/671/5 2103/670/5
f 2106/711/2 2103/714/2 2102/713/2 2109/712/2
f 2116/1332/2 2110/1333/2 2111/1334/2 2112/1335/2
f 2113/1336/6 2112/1337/6 2111/1338/6 2115/1339/6
f 2117/1340/3 2113/1341/3 2115/1342/3 2114/1343/3
f 2116/653/1 2112/654/1 2113/655/1 2117/656/1
f 2111/661/5 2110/662/5 2114/663/5 2115/664/5
f 2160/1216/4 2162/1217/4 2161/1218/4
f 2171/1359/843 2165/1360/844 2166/1361/845 2179/1362/846
f 2165/1363/844 2169/1364/847 2170/1365/848 2166/1366/845
f 2180/1227/849 2167/1228/850 2168/1229/851 2189/1230/852
f 2167/1367/850 2163/1368/853 2164/1369/854 2168/1370/851
f 2190/1235/855 2163/1236/853 2167/1228/850 2180/1227/849
f 2189/1371/852 2168/1372/851 2164/1373/854 2175/1374/856
f 2170/1375/848 2185/1376/857 2179/1362/846 2166/1361/845
f 2185/1376/857 2186/1377/858 2178/1378/859 2179/1362/846
f 2186/1377/858 2187/1379/860 2177/1380/861 2178/1378/859
f 2187/1379/860 2188/1381/862 2176/1382/863 2177/1380/861
f 2188/1381/862 2189/1371/852 2175/1374/856 2176/1382/863
f 2165/1383/844 2171/1250/843 2184/1251/864 2169/1384/847
f 2171/1250/843 2172/1253/865 2183/1254/866 2184/1251/864
f 2172/1253/865 2173/1255/867 2182/1256/868 2183/1254/866
f 2173/1255/867 2174/1257/869 2181/1258/870 2182/1256/868
f 2174/1257/869 2190/1235/855 2180/1227/849 2181/1258/870
f 2169/1384/847 2184/1251/864 2185/1259/857 2170/1385/848
f 2184/1251/864 2183/1254/866 2186/1261/858 2185/1259/857
f 2183/1254/866 2182/1256/868 2187/1262/860 2186/1261/858
f 2182/1256/868 2181/1258/870 2188/1263/862 2187/1262/860
f 2181/1258/870 2180/1227/849 2189/1230/852 2188/1263/862
f 2163/1386/853 2190/1387/855 2175/1374/856 2164/1373/854
f 2190/1387/855 2174/1388/869 2176/1382/863 2175/1374/856
f 2174/1388/869 2173/1389/867 2177/1380/861 2176/1382/863
f 2173/1389/867 2172/1390/865 2178/1378/859 2177/1380/861
f 2172/1390/865 2171/1359/843 2179/1362/846 2178/1378/859
f 2199/1391/871 2193/1392/872 2194/1393/873 2208/1394/874
f 2193/1395/872 2197/1396/875 2198/1397/876 2194/1398/873
f 2209/1273/877 2195/1399/878 2196/1400/879 2218/235/880
f 2195/1401/878 2191/1402/881 2192/1403/882 2196/1404/879
f 2203/1280/883 2191/1405/881 2195/1406/878 2209/1273/877
f 2218/1407/880 2196/1408/879 2192/1409/882 2204/1410/884
f 2198/1411/876 2214/1412/885 2208/1394/874 2194/1393/873
f 2214/1412/885 2215/1413/886 2207/1414/887 2208/1394/874
f 2215/1413/886 2216/1415/888 2206/1416/889 2207/1414/887
f 2216/1415/888 2217/1417/890 2205/1418/891 2206/1416/889
f 2217/1417/890 2218/1407/880 2204/1410/884 2205/1418/891
f 2193/255/872 2199/256/871 2213/257/892 2197/258/875
f 2199/256/871 2200/1290/893 2212/1291/894 2213/257/892
f 2200/1290/893 2201/1292/895 2211/1293/896 2212/1291/894
f 2201/1292/895 2202/1294/897 2210/1295/898 2211/1293/896
f 2202/1294/897 2203/1280/883 2209/1273/877 2210/1295/898
f 2197/258/875 2213/257/892 2214/1296/885 2198/266/876
f 2213/257/892 2212/1291/894 2215/1297/886 2214/1296/885
f 2212/1291/894 2211/1293/896 2216/268/888 2215/1297/886
f 2211/1293/896 2210/1295/898 2217/269/890 2216/268/888
f 2210/1295/898 2209/1273/877 2218/235/880 2217/269/890
f 2191/1419/881 2203/1420/883 2204/1410/884 2192/1421/882
f 2203/1420/883 2202/1422/897 2205/1418/891 2204/1410/884
f 2202/1422/897 2201/1423/895 2206/1416/889 2205/1418/891
f 2201/1423/895 2200/1424/893 2207/1414/887 2206/1416/889
f 2200/1424/893 2199/1391/871 2208/1394/874 2207/1414/887
f 2223/1302/899 2219/1303/900 2220/1304/901 2226/1305/902
f 2219/1306/900 2221/1307/903 2222/1308/904 2220/1309/901
f 2222/1310/904 2229/1311/905 2226/1305/902 2220/1304/901
f 2229/1312/905 2230/1313/906 2225/1314/907 2226/1315/902
f 2219/1316/900 2223/1317/899 2228/1318/908 2221/1319/903
f 2223/1317/899 2224/1320/909 2227/1321/910 2228/1318/908
f 2221/1319/903 2228/1318/908 2229/1322/905 2222/1323/904
f 2228/1318/908 2227/1324/910 2230/1325/906 2229/1322/905
f 2224/1326/909 2223/1302/899 2226/1305/902 2225/1327/907
f 2235/1425/6 2232/1426/6 2233/1427/6 2236/1428/6
f 2231/1429/4 2238/1430/4 2234/1431/4 2237/1432/4
f 2236/1433/3 2233/1434/3 2237/1435/3 2234/1436/3
f 2233/1437/5 2232/1438/5 2231/1439/5 2237/1440/5
f 2235/1441/2 2238/1442/2 2231/1443/2 2232/1444/2
f 2243/1445/6 2244/1446/6 2241/1447/6 2240/1448/6
f 2239/1449/4 2245/1450/4 2242/1451/4 2246/1452/4
f 2244/1453/3 2242/1454/3 2245/1455/3 2241/1456/3
f 2241/1457/1 2245/1458/1 2239/1459/1 2240/1460/1
f 2243/1461/2 2240/1462/2 2239/1463/2 2246/1464/2
f 2253/1465/2 2247/1466/2 2248/1467/2 2249/1468/2
f 2250/1469/4 2249/1470/4 2248/1471/4 2252/1472/4
f 2254/1473/3 2250/1474/3 2252/1475/3 2251/1476/3
f 2253/1477/5 2249/1478/5 2250/1479/5 2254/1480/5
f 2248/1481/1 2247/1482/1 2251/1483/1 2252/1484/1
usemtl Window.001
f 158/280/6 161/281/6 162/282/6 160/283/6 164/284/6 165/285/6 163/286/6 159/287/6
f 391/280/1 394/281/1 395/282/1 393/283/1 397/284/1 398/285/1 396/286/1 392/287/1
f 620/280/5 623/281/5 624/282/5 622/283/5 626/284/5 627/285/5 625/286/5 621/287/5
f 833/280/1 836/281/1 837/282/1 835/283/1 839/284/1 840/285/1 838/286/1 834/287/1
f 998/280/5 1001/281/5 1002/282/5 1000/283/5 1004/284/5 1005/285/5 1003/286/5 999/287/5
usemtl ROOFM.001
f 156/184/35 99/185/35 98/186/35 157/187/35
f 157/188/35 98/189/35 96/185/35 155/190/35
f 98/189/36 100/191/36 97/192/36 96/185/36
f 99/185/36 101/192/36 100/193/36 98/186/36
f 95/194/35 126/195/35 125/196/35 94/197/35 113/198/35 112/199/35 111/200/35 110/201/35 109/202/35 108/203/35 107/204/35 106/205/35 105/206/35 104/207/35 103/208/35 102/209/35
f 93/210/35 124/211/35 126/212/35 95/213/35 123/214/35 122/215/35 121/216/35 120/217/35 119/218/35 118/219/35 117/220/35 116/221/35 115/222/35 114/223/35
f 126/195/35 157/188/35 155/190/35 125/196/35
f 124/211/35 156/184/35 157/187/35 126/212/35
f 331/506/1 339/507/1 340/508/1 332/509/1
f 332/510/4 340/511/4 341/512/4 333/513/4
f 333/513/5 341/514/5 342/515/5 334/516/5
f 334/516/6 342/517/6 339/518/6 331/506/6
f 324/519/4 328/520/4 346/521/4 343/522/4
f 337/523/194 334/524/194 331/525/194 338/526/194
f 336/527/195 333/528/195 334/524/195 337/523/195
f 335/529/196 332/530/196 333/528/196 336/527/196
f 338/526/197 331/525/197 332/531/197 335/532/197
f 323/533/198 338/526/198 335/532/198 325/534/198
f 325/535/199 335/529/199 336/527/199 329/536/199
f 329/537/200 336/527/200 337/523/200 327/538/200
f 327/539/201 337/523/201 338/526/201 323/540/201
f 324/541/3 326/542/3 340/543/3 339/544/3
f 326/542/3 330/545/3 341/546/3 340/543/3
f 330/545/3 328/547/3 342/548/3 341/546/3
f 328/547/3 324/541/3 339/544/3 342/548/3
f 345/549/3 344/550/3 343/551/3 346/552/3
f 330/553/6 326/554/6 344/555/6 345/556/6
f 328/557/1 330/558/1 345/556/1 346/521/1
f 326/559/5 324/519/5 343/522/5 344/560/5
f 323/561/202 325/562/202 348/563/202 347/564/202
f 329/565/203 327/566/203 349/567/203 350/568/203
f 327/566/204 323/561/204 347/564/204 349/567/204
f 325/569/205 329/565/205 350/568/205 348/570/205
f 359/571/4 367/572/4 368/573/4 360/574/4
f 360/575/5 368/576/5 369/577/5 361/578/5
f 361/579/6 369/580/6 370/581/6 362/582/6
f 362/583/1 370/584/1 367/585/1 359/586/1
f 352/587/5 356/588/5 374/589/5 371/590/5
f 365/591/206 362/592/206 359/593/206 366/594/206
f 364/595/207 361/596/207 362/597/207 365/598/207
f 363/599/208 360/600/208 361/601/208 364/602/208
f 366/603/209 359/604/209 360/605/209 363/606/209
f 351/533/210 366/607/210 363/608/210 353/534/210
f 353/535/211 363/609/211 364/610/211 357/536/211
f 357/537/212 364/611/212 365/612/212 355/538/212
f 355/539/213 365/613/213 366/614/213 351/540/213
f 352/615/3 354/616/3 368/617/3 367/618/3
f 354/619/3 358/620/3 369/621/3 368/622/3
f 358/623/3 356/624/3 370/625/3 369/626/3
f 356/627/3 352/628/3 367/618/3 370/625/3
f 373/629/3 372/630/3 371/631/3 374/632/3
f 358/633/1 354/634/1 372/635/1 373/636/1
f 356/637/4 358/638/4 373/639/4 374/640/4
f 354/641/6 352/642/6 371/643/6 372/644/6
f 351/561/214 353/562/214 376/563/214 375/564/214
f 357/565/215 355/566/215 377/567/215 378/568/215
f 355/566/216 351/561/216 375/564/216 377/567/216
f 353/569/217 357/565/217 378/568/217 376/570/217
f 1853/185/764 1854/186/764 1852/193/764 1851/192/764
f 1854/189/764 1856/185/764 1855/192/764 1852/191/764
f 1884/195/765 1883/196/765 1856/185/765 1854/189/765
f 1882/211/765 1884/212/765 1854/186/765 1853/185/765
f 1857/194/765 1860/209/765 1861/208/765 1862/207/765 1863/206/765 1864/205/765 1865/204/765 1866/203/765 1867/202/765 1868/201/765 1869/200/765 1870/199/765 1871/198/765 1858/197/765 1883/196/765 1884/195/765
f 1859/210/765 1872/223/765 1873/222/765 1874/221/765 1875/220/765 1876/219/765 1877/218/765 1878/217/765 1879/216/765 1880/215/765 1881/214/765 1857/213/765 1884/212/765 1882/211/765
f 1916/211/766 1891/185/766 1890/186/766 1918/212/766
f 1918/195/766 1890/189/766 1888/185/766 1917/196/766
f 1890/189/767 1892/191/767 1889/192/767 1888/185/767
f 1891/185/767 1893/192/767 1892/193/767 1890/186/767
f 1887/194/766 1918/195/766 1917/196/766 1886/197/766 1905/198/766 1904/199/766 1903/200/766 1902/201/766 1901/202/766 1900/203/766 1899/204/766 1898/205/766 1897/206/766 1896/207/766 1895/208/766 1894/209/766
f 1885/210/766 1916/211/766 1918/212/766 1887/213/766 1915/214/766 1914/215/766 1913/216/766 1912/217/766 1911/218/766 1910/219/766 1909/220/766 1908/221/766 1907/222/766 1906/223/766
f 1957/185/764 1958/186/764 1956/193/764 1955/192/764
f 1958/189/764 1960/185/764 1959/192/764 1956/191/764
f 1988/195/765 1987/196/765 1960/185/765 1958/189/765
f 1986/211/765 1988/212/765 1958/186/765 1957/185/765
f 1961/194/765 1964/209/765 1965/208/765 1966/207/765 1967/206/765 1968/205/765 1969/204/765 1970/203/765 1971/202/765 1972/201/765 1973/200/765 1974/199/765 1975/198/765 1962/197/765 1987/196/765 1988/195/765
f 1963/210/765 1976/223/765 1977/222/765 1978/221/765 1979/220/765 1980/219/765 1981/218/765 1982/217/765 1983/216/765 1984/215/765 1985/214/765 1961/213/765 1988/212/765 1986/211/765
f 2020/211/766 1995/185/766 1994/186/766 2022/212/766
f 2022/195/766 1994/189/766 1992/185/766 2021/196/766
f 1994/189/767 1996/191/767 1993/192/767 1992/185/767
f 1995/185/767 1997/192/767 1996/193/767 1994/186/767
f 1991/194/766 2022/195/766 2021/196/766 1990/197/766 2009/198/766 2008/199/766 2007/200/766 2006/201/766 2005/202/766 2004/203/766 2003/204/766 2002/205/766 2001/206/766 2000/207/766 1999/208/766 1998/209/766
f 1989/210/766 2020/211/766 2022/212/766 1991/213/766 2019/214/766 2018/215/766 2017/216/766 2016/217/766 2015/218/766 2014/219/766 2013/220/766 2012/221/766 2011/222/766 2010/223/766
f 2121/185/836 2119/186/836 2118/193/836 2120/192/836
f 2136/1344/837 2135/1345/837 2119/186/837 2121/185/837
f 2123/1346/838 2124/1347/838 2125/1348/838 2126/1349/838 2127/1350/838 2128/1351/838 2129/1352/838 2130/1353/838 2131/1354/838 2132/1355/838 2133/1356/838 2134/1357/838 2122/1358/838 2135/1345/838 2136/1344/838
f 2140/185/839 2139/192/839 2137/193/839 2138/186/839
f 2155/1344/840 2140/185/840 2138/186/840 2154/1345/840
f 2142/1346/841 2155/1344/841 2154/1345/841 2141/1358/841 2153/1357/841 2152/1356/841 2151/1355/841 2150/1354/841 2149/1353/841 2148/1352/841 2147/1351/841 2146/1350/841 2145/1349/841 2144/1348/841 2143/1347/841
f 2159/186/842 2158/193/842 2156/192/842 2157/185/842
f 2267/1485/911 2159/186/911 2157/185/911 2266/1486/911
f 2256/1487/912 2267/1485/912 2266/1486/912 2255/1488/912 2257/1489/912 2258/1490/912 2259/1491/912 2260/1492/912 2261/1493/912 2262/1494/912 2263/1495/912 2264/1496/912 2265/1497/912
f 2271/186/913 2269/185/913 2268/192/913 2270/193/913
f 2284/1485/914 2283/1486/914 2269/185/914 2271/186/914
f 2273/1487/915 2282/1497/915 2281/1496/915 2280/1495/915 2279/1494/915 2278/1493/915 2277/1492/915 2276/1491/915 2275/1490/915 2274/1489/915 2272/1488/915 2283/1486/915 2284/1485/915
