# Blender 4.4.3
# www.blender.org
mtllib SquareHouseDobj.mtl
o RH8
v -1.873931 -0.000000 5.613920
v -1.819228 -0.000000 5.422180
v -1.021615 0.000000 5.649734
v -1.076318 0.000000 5.841475
v -1.021615 0.139302 5.649734
v -1.819228 0.139301 5.422180
v -1.874352 0.139301 5.615398
v -1.076739 0.139302 5.842952
v -0.766745 0.000000 4.682162
v -1.544779 -0.000000 4.460194
v -1.544779 0.139301 4.460194
v -0.747166 0.139302 4.687748
v -1.691102 -0.000000 4.973077
v -1.691102 0.139301 4.973077
v -0.893489 0.000000 5.200632
v -0.716595 0.499612 4.679346
v -1.540261 0.499611 4.444359
v -1.691102 0.516925 4.973077
v -0.877281 0.516926 5.205256
v -0.893489 0.139302 5.200632
v -1.762301 -0.000000 5.222641
v -1.762301 0.139301 5.222641
v -0.964688 0.000000 5.450195
v -0.893489 0.403685 5.200632
v -1.691102 0.403685 4.973077
v -1.757318 0.392697 5.205175
v -0.959705 0.392697 5.432730
v -0.964688 0.139302 5.450195
v -0.964688 0.268103 5.450195
v -1.762301 0.268103 5.222641
v -1.819228 0.286614 5.422180
v -1.029325 0.286614 5.647534
v -1.546611 0.257683 4.466616
v -0.748999 0.257683 4.694170
v -1.691102 0.268103 4.973077
v -0.893489 0.268103 5.200632
v -0.747166 0.403685 4.687748
v -1.544779 0.403685 4.460194
v -0.921282 0.502391 5.152125
v -0.921282 0.802104 5.152125
v -0.906837 0.802104 5.101492
v -0.906836 0.502391 5.101492
v -0.884281 0.502391 5.162681
v -0.869836 0.502391 5.112049
v -0.869836 0.802104 5.112049
v -0.884281 0.802104 5.162681
v -1.155708 0.351036 5.962157
v -1.168743 0.453530 6.007848
v -1.103704 0.573844 5.795280
v -1.100317 0.481613 5.783408
v -1.107448 0.351036 5.975925
v -1.060186 0.481613 5.794857
v -1.063574 0.573844 5.806730
v -1.120484 0.453530 6.021616
v -0.775464 0.739893 4.629344
v -0.775464 0.852865 4.629344
v -0.727204 0.852865 4.643112
v -0.727204 0.739893 4.643112
v -0.918647 0.863480 5.142809
v -0.876503 0.863480 5.154833
v -0.918647 0.764826 5.142809
v -0.876503 0.764826 5.154833
v -1.024793 0.758339 5.509071
v -0.979590 0.758339 5.521967
v -1.016904 0.656507 5.481421
v -0.971702 0.656507 5.494317
v -0.996952 0.368423 5.415949
v -0.996952 0.701060 5.415949
v -0.980920 0.701060 5.359755
v -0.980920 0.368423 5.359755
v -0.967912 0.368423 5.424234
v -0.951880 0.368423 5.368040
v -0.951880 0.701060 5.368040
v -0.967912 0.701060 5.424234
v -1.055169 0.242425 5.620007
v -1.055169 0.631501 5.620007
v -1.039137 0.631501 5.563813
v -1.039137 0.242425 5.563813
v -1.026128 0.242425 5.628292
v -1.010096 0.242425 5.572098
v -1.010096 0.631501 5.572098
v -1.026128 0.631501 5.628292
v -1.112814 0.128003 5.822064
v -1.107905 0.517079 5.823465
v -1.091873 0.517079 5.767271
v -1.096782 0.128003 5.765870
v -1.083774 0.128003 5.830350
v -1.067742 0.128003 5.774156
v -1.067742 0.517080 5.774156
v -1.083774 0.517080 5.830350
v -1.676631 0.502391 4.936628
v -1.676631 0.802103 4.936628
v -1.662186 0.802103 4.885995
v -1.662186 0.502391 4.885995
v -1.639630 0.502391 4.947184
v -1.625185 0.502391 4.896552
v -1.625185 0.802103 4.896552
v -1.639631 0.802103 4.947184
v -1.911057 0.351035 5.746660
v -1.924093 0.453530 5.792351
v -1.859054 0.573844 5.579783
v -1.855667 0.481612 5.567911
v -1.862798 0.351035 5.760428
v -1.815536 0.481612 5.579360
v -1.818923 0.573844 5.591233
v -1.875833 0.453530 5.806119
v -1.530814 0.739893 4.413847
v -1.530814 0.852865 4.413847
v -1.482554 0.852865 4.427615
v -1.482554 0.739893 4.427615
v -1.673996 0.863480 4.927312
v -1.631852 0.863480 4.939336
v -1.673996 0.764826 4.927312
v -1.631852 0.764826 4.939336
v -1.780142 0.758338 5.293574
v -1.734940 0.758338 5.306470
v -1.772254 0.656507 5.265924
v -1.727051 0.656507 5.278820
v -1.747297 0.368423 5.201880
v -1.747297 0.701059 5.201880
v -1.731265 0.701059 5.145685
v -1.731265 0.368423 5.145685
v -1.718051 0.368423 5.210223
v -1.702019 0.368423 5.154029
v -1.702019 0.701059 5.154029
v -1.718051 0.701059 5.210223
v -1.804457 0.242425 5.406240
v -1.804457 0.631501 5.406240
v -1.788425 0.631501 5.350045
v -1.788425 0.242425 5.350045
v -1.775211 0.242425 5.414583
v -1.759179 0.242425 5.358389
v -1.759179 0.631501 5.358389
v -1.775211 0.631501 5.414583
v -1.862511 0.128003 5.608181
v -1.862511 0.517079 5.608181
v -1.846479 0.517079 5.551986
v -1.846479 0.128003 5.551986
v -1.833265 0.128003 5.616525
v -1.817233 0.128003 5.560330
v -1.817233 0.517079 5.560330
v -1.833265 0.517079 5.616524
v -2.030220 2.348516 4.321700
v -0.251203 2.348517 4.829243
v -2.030220 0.640317 4.321701
v -0.251203 0.640318 4.829243
v -0.162085 0.495507 4.776676
v -0.203237 0.495507 4.920920
v -2.126498 0.495506 4.372225
v -2.126498 0.645506 4.372225
v -0.162085 0.645507 4.776676
v -0.203237 0.645507 4.920920
v -2.085346 0.495506 4.227981
v -2.085346 0.645506 4.227981
v -1.457136 0.489308 4.586099
v -0.877526 0.489309 4.751458
v -1.241213 1.598854 4.647700
v -1.457136 1.321701 4.586099
v -1.416027 1.448402 4.596951
v -1.364784 1.513981 4.612412
v -0.877526 1.329984 4.751458
v -1.101631 1.598854 4.687522
v -0.933246 1.454827 4.735561
v -1.015223 1.553426 4.712174
v -1.395494 0.852867 4.603685
v -1.395494 0.956673 4.603685
v -1.295671 0.852867 4.632164
v -1.295671 0.956673 4.632164
v -1.384008 0.883975 4.676813
v -1.384008 0.925565 4.676813
v -1.344014 0.883975 4.688223
v -1.344014 0.925565 4.688223
v -1.334041 0.935936 4.691068
v -1.334041 0.873605 4.691068
v -1.393981 0.873605 4.673968
v -1.393981 0.935936 4.673968
v -1.358620 0.915747 4.703629
v -1.358620 0.893794 4.703629
v -1.379730 0.893794 4.697607
v -1.379730 0.915747 4.697607
v -1.311311 0.863236 4.649189
v -1.311311 0.946304 4.649189
v -1.391192 0.863236 4.626400
v -1.391192 0.946304 4.626400
v -1.347207 0.767874 4.660285
v -1.350862 0.773906 4.670201
v -1.352389 0.785970 4.669765
v -1.350262 0.792002 4.659413
v -1.346607 0.785970 4.649498
v -1.345080 0.773906 4.649933
v -1.328520 0.773081 4.665616
v -1.333650 0.778702 4.675111
v -1.338128 0.789944 4.673833
v -1.337476 0.795565 4.663061
v -1.332346 0.789944 4.653566
v -1.327868 0.778702 4.654844
v -1.311766 0.783140 4.670396
v -1.318219 0.787966 4.679513
v -1.325342 0.797620 4.677481
v -1.326013 0.802447 4.666331
v -1.319560 0.797620 4.657214
v -1.312437 0.787966 4.659246
v -1.298086 0.797365 4.674299
v -1.305619 0.801069 4.683108
v -1.314902 0.808477 4.680459
v -1.316653 0.812180 4.669002
v -1.309120 0.808477 4.660192
v -1.299837 0.801069 4.662841
v -1.288413 0.814788 4.677058
v -1.296710 0.817116 4.685650
v -1.307520 0.821773 4.682566
v -1.310034 0.824101 4.670890
v -1.301738 0.821773 4.662298
v -1.290927 0.817116 4.665382
v -1.283406 0.834221 4.678487
v -1.292098 0.835015 4.686966
v -1.303699 0.836603 4.683656
v -1.306608 0.837397 4.671867
v -1.297917 0.836603 4.663389
v -1.286315 0.835015 4.666698
v -1.283406 0.854339 4.678487
v -1.292098 0.853545 4.686966
v -1.303699 0.851956 4.683656
v -1.306608 0.851162 4.671867
v -1.297917 0.851956 4.663389
v -1.286315 0.853545 4.666698
v -1.288413 0.873772 4.677058
v -1.296710 0.871443 4.685650
v -1.307520 0.866787 4.682566
v -1.310034 0.864458 4.670890
v -1.301738 0.866787 4.662298
v -1.290927 0.871443 4.665382
v -1.298086 0.891194 4.674299
v -1.305619 0.887491 4.683108
v -1.314902 0.880083 4.680459
v -1.316653 0.876379 4.669002
v -1.309120 0.880083 4.660192
v -1.299837 0.887491 4.662841
v -1.311766 0.905420 4.670396
v -1.318219 0.900593 4.679513
v -1.325342 0.890939 4.677481
v -1.326013 0.886113 4.666331
v -1.319560 0.890939 4.657214
v -1.312437 0.900593 4.659246
v -1.328520 0.915479 4.665616
v -1.333650 0.909858 4.675111
v -1.338128 0.898616 4.673833
v -1.337476 0.892995 4.663061
v -1.332346 0.898616 4.653566
v -1.327868 0.909858 4.654844
v -1.347207 0.920686 4.660285
v -1.350862 0.914654 4.670200
v -1.352390 0.902590 4.669765
v -1.350262 0.896558 4.659413
v -1.346607 0.902590 4.649498
v -1.345080 0.914654 4.649933
v -1.366554 0.920686 4.654765
v -1.368681 0.914654 4.665117
v -1.367154 0.902590 4.665553
v -1.363499 0.896558 4.655637
v -1.361372 0.902590 4.645285
v -1.362899 0.914654 4.644850
v -1.385241 0.915479 4.649434
v -1.385893 0.909858 4.660206
v -1.381415 0.898616 4.661484
v -1.376285 0.892995 4.651989
v -1.375633 0.898616 4.641217
v -1.380111 0.909858 4.639939
v -1.401995 0.905420 4.644654
v -1.401325 0.900593 4.655804
v -1.394201 0.890939 4.657836
v -1.387748 0.886113 4.648719
v -1.388419 0.890939 4.637569
v -1.395542 0.900593 4.635537
v -1.415675 0.891194 4.640751
v -1.413924 0.887491 4.652209
v -1.404641 0.880083 4.654858
v -1.397108 0.876379 4.646049
v -1.398859 0.880083 4.634591
v -1.408142 0.887491 4.631942
v -1.425348 0.873772 4.637992
v -1.422834 0.871443 4.649668
v -1.412023 0.866787 4.652752
v -1.403727 0.864458 4.644160
v -1.406241 0.866787 4.632484
v -1.417052 0.871443 4.629400
v -1.430355 0.854339 4.636563
v -1.427446 0.853545 4.648352
v -1.415844 0.851957 4.651661
v -1.407153 0.851162 4.643183
v -1.410062 0.851957 4.631394
v -1.421664 0.853545 4.628085
v -1.430355 0.834221 4.636563
v -1.427446 0.835015 4.648352
v -1.415844 0.836603 4.651661
v -1.407153 0.837397 4.643183
v -1.410062 0.836603 4.631394
v -1.421664 0.835015 4.628085
v -1.425348 0.814788 4.637992
v -1.422834 0.817116 4.649668
v -1.412023 0.821773 4.652752
v -1.403727 0.824101 4.644160
v -1.406241 0.821773 4.632484
v -1.417052 0.817116 4.629400
v -1.415675 0.797365 4.640751
v -1.413924 0.801069 4.652209
v -1.404641 0.808477 4.654858
v -1.397108 0.812180 4.646049
v -1.398859 0.808477 4.634591
v -1.408142 0.801069 4.631942
v -1.401995 0.783140 4.644654
v -1.401324 0.787966 4.655804
v -1.394201 0.797620 4.657836
v -1.387748 0.802447 4.648719
v -1.388419 0.797620 4.637569
v -1.395542 0.787966 4.635537
v -1.385241 0.773081 4.649434
v -1.385893 0.778702 4.660207
v -1.381415 0.789944 4.661484
v -1.376285 0.795565 4.651989
v -1.375633 0.789944 4.641217
v -1.380111 0.778702 4.639939
v -1.366554 0.767874 4.654766
v -1.368681 0.773906 4.665117
v -1.367154 0.785970 4.665553
v -1.363499 0.792002 4.655637
v -1.361372 0.785970 4.645285
v -1.362899 0.773906 4.644850
v -1.439242 0.495506 4.615788
v -1.439242 1.359619 4.615788
v -1.401962 1.359619 4.485115
v -1.401962 0.495506 4.485115
v -1.542452 1.359619 4.586343
v -1.505172 1.359619 4.455670
v -1.542452 0.495506 4.586343
v -1.505172 0.495506 4.455670
v -1.455557 1.508786 4.469825
v -1.492837 1.508786 4.600498
v -1.404410 1.458616 4.625725
v -1.367130 1.458616 4.495052
v -1.351830 1.623112 4.499417
v -1.389110 1.623112 4.630090
v -1.324194 1.542949 4.648611
v -1.286913 1.542949 4.517938
v -1.239140 1.688756 4.531567
v -1.276420 1.688756 4.662240
v -1.240738 1.589732 4.672420
v -1.203458 1.589732 4.541747
v -1.136537 1.701196 4.560839
v -1.173817 1.701196 4.691512
v -1.173817 1.598497 4.691512
v -1.136537 1.598497 4.560839
v -0.908391 0.495506 4.767236
v -0.908392 1.359620 4.767236
v -0.871111 1.359620 4.636563
v -0.871111 0.495506 4.636563
v -0.805181 1.359620 4.796681
v -0.767901 1.359620 4.666008
v -0.805181 0.495506 4.796681
v -0.767901 0.495506 4.666008
v -0.817517 1.508786 4.651854
v -0.854797 1.508786 4.782526
v -0.943224 1.458616 4.757299
v -0.905943 1.458616 4.626626
v -0.921244 1.623113 4.622261
v -0.958524 1.623113 4.752934
v -1.023440 1.542949 4.734414
v -0.986160 1.542949 4.603741
v -1.033934 1.688756 4.590111
v -1.071214 1.688756 4.720784
v -1.106896 1.589732 4.710604
v -1.069615 1.589732 4.579931
v -1.991723 2.348785 4.173192
v -1.991723 0.640379 4.173192
v -1.809010 0.495506 3.259382
v -2.083358 0.495506 4.221013
v -2.083358 0.645506 4.221013
v -1.664766 0.645506 3.300534
v -1.939114 0.495506 4.262165
v -1.939114 0.645506 4.262165
v -1.756771 0.640379 3.349649
v -1.756771 2.348785 3.349649
v -1.809010 0.645506 3.259382
v -1.664766 0.495506 3.300534
v -1.991043 0.627360 4.107561
v -2.012022 0.729486 4.181098
v -2.008448 0.627360 4.182117
v -1.794954 2.359430 3.420238
v -1.770038 2.275751 3.332901
v -1.766463 2.359430 3.333920
v -1.754235 2.275728 3.337385
v -1.975241 0.627336 4.112046
v -1.992646 0.627336 4.186602
v -1.996220 0.729463 4.185582
v -1.779152 2.359406 3.424722
v -1.750660 2.359406 3.338405
v 0.096678 2.348786 3.877027
v 0.096679 0.640380 3.877028
v -0.086033 0.495507 4.790837
v 0.188315 0.495507 3.829207
v 0.188315 0.645507 3.829207
v -0.230278 0.645507 4.749685
v 0.044070 0.495507 3.788055
v 0.044070 0.645507 3.788055
v -0.138273 0.640380 4.700570
v -0.138273 2.348786 4.700570
v -0.086033 0.645507 4.790837
v -0.230277 0.495507 4.749685
v 0.096000 0.627360 3.942658
v 0.116979 0.729487 3.869122
v 0.113405 0.627360 3.868102
v -0.100090 2.359431 4.629982
v -0.125007 2.275752 4.717319
v -0.128582 2.359431 4.716299
v -0.140809 2.275729 4.712834
v 0.080198 0.627337 3.938174
v 0.097602 0.627337 3.863618
v 0.101177 0.729464 3.864637
v -0.115893 2.359407 4.625497
v -0.144384 2.359407 4.711814
v -2.091195 -0.004494 4.248482
v -1.129564 -0.004494 4.522829
v -1.129564 0.495506 4.522829
v -2.091195 0.495506 4.248481
v -1.129564 -0.004494 4.522830
v -0.167933 -0.004493 4.797177
v -0.167933 0.495507 4.797177
v -1.129564 0.495506 4.522829
v -1.831574 -0.004494 3.338472
v -2.105922 -0.004494 4.300103
v -2.105922 0.495506 4.300103
v -1.831574 0.495506 3.338472
v -0.182660 -0.004493 4.848798
v 0.091687 -0.004493 3.887167
v 0.091687 0.495507 3.887167
v -0.182661 0.495507 4.848798
v -2.166793 2.500000 4.282737
v -2.135535 -0.000000 4.089819
v -2.195058 -0.000000 4.298455
v -1.955166 2.500000 4.165059
v -2.119819 2.500000 4.118084
v -1.986422 -0.000000 4.357977
v -2.002141 2.500000 4.329711
v -1.926900 -0.000000 4.149342
v -2.005996 1.250000 4.322776
v -2.159857 1.250000 4.278881
v -2.115962 1.250000 4.125020
v -1.962101 1.250000 4.168915
v -2.116657 0.625000 4.108919
v -1.950606 0.625000 4.156292
v -2.000780 0.625000 4.332158
v -2.166831 0.625000 4.284784
v -2.124854 0.312500 4.109028
v -1.946109 0.312500 4.160023
v -1.997104 0.312500 4.338768
v -2.175849 0.312500 4.287773
v -2.011562 1.875000 4.312768
v -2.149849 1.875000 4.273315
v -2.110397 1.875000 4.135028
v -1.972109 1.875000 4.174480
v -0.266730 2.500000 4.824813
v -0.235472 0.000000 4.631896
v -0.294995 0.000000 4.840531
v -0.055103 2.500000 4.707135
v -0.219756 2.500000 4.660161
v -0.086360 0.000000 4.900054
v -0.102078 2.500000 4.871788
v -0.026837 0.000000 4.691418
v -0.105934 1.250000 4.864852
v -0.259794 1.250000 4.820957
v -0.215899 1.250000 4.667096
v -0.062038 1.250000 4.710992
v -0.216594 0.625000 4.650996
v -0.050543 0.625001 4.698369
v -0.100717 0.625001 4.874234
v -0.266768 0.625000 4.826861
v -0.224791 0.312500 4.651104
v -0.046046 0.312501 4.702099
v -0.097041 0.312501 4.880845
v -0.275786 0.312500 4.829850
v -0.111499 1.875000 4.854844
v -0.249786 1.875000 4.815392
v -0.210334 1.875000 4.677104
v -0.072047 1.875000 4.716557
v 0.010508 2.500000 3.853052
v 0.041766 0.000000 3.660134
v -0.017757 0.000000 3.868770
v 0.222134 2.500000 3.735374
v 0.057482 2.500000 3.688400
v 0.190878 0.000000 3.928292
v 0.175160 2.500000 3.900026
v 0.250401 0.000000 3.719657
v 0.171304 1.250000 3.893091
v 0.017443 1.250000 3.849196
v 0.061339 1.250000 3.695335
v 0.215200 1.250000 3.739231
v 0.060643 0.625000 3.679234
v 0.226695 0.625000 3.726608
v 0.176521 0.625000 3.902473
v 0.010470 0.625000 3.855099
v 0.052447 0.312500 3.679343
v 0.231192 0.312500 3.730338
v 0.180197 0.312500 3.909083
v 0.001452 0.312500 3.858088
v 0.170287 1.875000 3.891261
v 0.019273 1.875000 3.848178
v 0.062356 1.875000 3.697165
v 0.213370 1.875000 3.740248
v -2.148969 2.500000 4.196790
v -1.113351 3.750000 4.492246
v -0.081463 2.500001 4.786638
v -1.170159 3.895227 4.435281
v -1.207373 3.895227 4.565722
v -2.426994 2.316469 4.083772
v -2.450138 2.302083 4.227384
v -1.070235 3.808035 4.463789
v -1.107449 3.808035 4.594230
v -2.322030 2.230236 4.090445
v -2.345173 2.215851 4.234057
v -2.081957 2.721354 4.172988
v -1.902609 2.967853 4.241034
v -1.691899 3.184386 4.273396
v -1.516693 3.413363 4.336249
v -1.390243 3.655153 4.520145
v -1.553995 3.413364 4.467001
v -1.743695 3.195062 4.408458
v -1.932058 2.967853 4.344258
v -2.120312 2.721354 4.307429
v -1.259410 3.576496 4.403224
v -1.416531 3.325965 4.364825
v -1.590308 3.091773 4.319670
v -1.808947 2.886126 4.267756
v -1.968198 2.622090 4.205443
v -2.006553 2.622090 4.339883
v -1.838396 2.886126 4.370979
v -1.642104 3.102449 4.454732
v -1.453833 3.325965 4.495576
v -1.276162 3.558756 4.539192
v -1.362675 3.663496 4.387262
v 0.272403 2.313970 4.817931
v 0.219136 2.306518 4.972270
v -1.036202 3.898150 4.432112
v -1.061553 3.912635 4.583890
v 0.155486 2.209175 4.772520
v 0.102220 2.201724 4.926859
v -1.155025 3.799862 4.421646
v -1.180376 3.814347 4.573424
v -0.861157 3.656907 4.499448
v -0.695581 3.422137 4.563828
v -0.501510 3.198161 4.622914
v -0.303751 2.952853 4.660499
v -0.112083 2.704250 4.707052
v -0.137434 2.714946 4.842371
v -0.341636 2.952853 4.793289
v -0.551754 3.183984 4.737444
v -0.725489 3.422137 4.668662
v -0.900165 3.656934 4.635970
v -0.217631 2.616135 4.694244
v -0.405474 2.864092 4.631478
v -0.586745 3.118507 4.575662
v -0.790652 3.339112 4.536705
v -0.965724 3.565628 4.469616
v -1.004732 3.565655 4.606137
v -0.820610 3.339135 4.641524
v -0.636989 3.104330 4.690192
v -0.443359 2.864092 4.764268
v -0.242980 2.626831 4.829564
v -1.273661 4.135836 4.599422
v -1.034526 4.135836 4.667646
v -1.273661 3.897865 4.599422
v -1.034526 3.897865 4.667646
v -1.100532 3.936872 4.124285
v -0.946193 3.827340 3.526922
v -0.759851 3.827340 3.580084
v -0.930891 3.936872 4.172683
v -0.946193 3.639961 3.526922
v -1.100500 3.758014 4.125095
v -0.931345 3.758014 4.173354
v -0.759851 3.639961 3.580084
v -2.157542 2.348516 4.221231
v -1.883195 2.348516 3.259601
v -1.883194 2.498516 3.259601
v -2.013298 2.498516 4.262383
v -1.738950 2.348516 3.300753
v -1.738950 2.498516 3.300753
v -2.157542 2.498516 4.221231
v -2.013298 2.348516 4.262383
v -0.087077 2.348517 4.811923
v 0.187271 2.348517 3.850292
v 0.187271 2.498517 3.850293
v -0.231321 2.498517 4.770771
v 0.043026 2.348517 3.809140
v 0.043027 2.498517 3.809140
v -0.087077 2.498517 4.811923
v -0.231321 2.348517 4.770771
v -0.208572 2.350000 4.685421
v -0.249724 2.350000 4.829665
v -2.028740 2.350000 4.322122
v -2.028740 2.500000 4.322122
v -0.208572 2.500000 4.685421
v -0.249724 2.500000 4.829665
v -1.987588 2.349999 4.177878
v -1.987588 2.500000 4.177878
v -1.127370 3.858378 4.515133
v -1.731074 3.074086 4.342900
v -0.853022 3.675627 3.553502
v -1.446839 3.043631 3.384090
v -2.383425 2.293721 4.156788
v -2.100307 2.301640 3.197659
v -2.128231 2.302788 3.291020
v -2.160918 2.278188 3.327649
v -2.184930 2.305871 3.499531
v -2.210713 2.291996 3.545940
v -2.235682 2.305871 3.677424
v -2.258051 2.304320 3.750916
v -2.305462 2.272075 3.814923
v -2.314132 2.301243 3.937737
v -2.326848 2.305829 3.996840
v -2.373506 2.270976 4.049946
v -2.365654 2.298223 4.108762
v -2.308494 2.383357 4.178165
v -2.034146 2.376763 3.216535
v -1.127370 3.858378 4.515133
v -0.523665 3.074086 4.687366
v -0.853022 3.675627 3.553502
v -0.259205 3.043631 3.722915
v 0.128687 2.293722 4.873478
v 0.394263 2.301641 3.909346
v 0.368723 2.302788 4.003386
v 0.377163 2.278189 4.051748
v 0.306868 2.305872 4.210426
v 0.304283 2.291997 4.263453
v 0.256116 2.305872 4.388319
v 0.236341 2.304321 4.462552
v 0.242842 2.272076 4.541939
v 0.185405 2.301244 4.650840
v 0.165021 2.305830 4.707755
v 0.176635 2.270977 4.777487
v 0.138932 2.298224 4.823305
v 0.053755 2.383358 4.852101
v 0.328103 2.376764 3.890470
v -1.339110 5.821775 0.559138
v -1.291626 6.990016 0.644532
v -0.944486 5.821775 0.671722
v -1.029880 6.990016 0.719207
v -1.451694 5.821775 0.953763
v -1.366301 6.990016 0.906279
v -1.057070 5.821775 1.066347
v -1.104555 6.990016 0.980953
v -1.349678 6.808886 0.540134
v -0.925482 6.808886 0.661155
v -1.046503 6.808886 1.085351
v -1.470699 6.808886 0.964331
v -1.004553 6.773582 0.705124
v -1.090471 6.773582 1.006280
v -1.391628 6.773582 0.920362
v -1.305709 6.773582 0.619206
v -1.349678 6.990016 0.540134
v -0.925482 6.990016 0.661155
v -1.046503 6.990016 1.085351
v -1.470699 6.990016 0.964331
v -1.291626 6.756662 0.644532
v -1.029880 6.756662 0.719207
v -1.104555 6.756662 0.980953
v -1.366301 6.756662 0.906279
v -1.349677 5.309823 0.540134
v -0.925481 5.309823 0.661155
v -1.470698 5.309823 0.964331
v -1.046502 5.309823 1.085351
v -0.437088 5.821775 -2.602589
v -0.389604 6.990016 -2.517195
v -0.042463 5.821775 -2.490005
v -0.127857 6.990016 -2.442521
v -0.549672 5.821775 -2.207964
v -0.464278 6.990016 -2.255449
v -0.155047 5.821775 -2.095380
v -0.202532 6.990016 -2.180774
v -0.447655 6.808886 -2.621593
v -0.023460 6.808886 -2.500572
v -0.144480 6.808886 -2.076377
v -0.568676 6.808886 -2.197397
v -0.102530 6.773582 -2.456604
v -0.188449 6.773582 -2.155447
v -0.489605 6.773582 -2.241366
v -0.403687 6.773582 -2.542522
v -0.447656 6.990016 -2.621593
v -0.023460 6.990016 -2.500572
v -0.144480 6.990016 -2.076377
v -0.568676 6.990016 -2.197397
v -0.389603 6.756662 -2.517195
v -0.127857 6.756662 -2.442521
v -0.202532 6.756662 -2.180774
v -0.464278 6.756662 -2.255449
v -0.447655 5.309822 -2.621593
v -0.023459 5.309823 -2.500572
v -0.568675 5.309822 -2.197397
v -0.144479 5.309823 -2.076377
v -3.645499 2.348515 2.736903
v -1.866482 2.348516 3.244445
v -3.645498 0.640316 2.736904
v -1.866481 0.640317 3.244446
v -1.776076 0.495506 3.187366
v -1.817228 0.495506 3.331610
v -3.740489 0.495505 2.782916
v -3.740489 0.645505 2.782916
v -1.776076 0.645506 3.187366
v -1.817228 0.645506 3.331610
v -3.699337 0.495505 2.638671
v -3.699337 0.645505 2.638671
v -2.699127 0.640317 3.006897
v -2.699128 2.348516 3.006897
v -2.819648 0.640317 2.972513
v -2.819648 2.348516 2.972513
v -2.704132 0.645506 3.027570
v -2.826454 2.359429 2.992672
v -2.704133 2.359429 3.027570
v -2.826454 0.645506 2.992672
v -2.819231 0.645506 2.967357
v -2.696910 2.359429 3.002254
v -2.696910 0.645506 3.002254
v -2.819232 2.359429 2.967356
v -1.942592 0.627359 3.240777
v -1.869056 0.729486 3.261756
v -1.868036 0.627359 3.258182
v -2.629916 2.359429 3.044688
v -2.717253 2.275751 3.019771
v -2.716233 2.359429 3.016196
v -2.712247 2.275728 3.002140
v -1.937586 0.627336 3.223146
v -1.863030 0.627336 3.240551
v -1.864049 0.729463 3.244125
v -2.624910 2.359406 3.027057
v -2.711227 2.359406 2.998565
v -3.583881 0.627359 2.772527
v -3.657418 0.729485 2.751548
v -3.656398 0.627359 2.747973
v -2.896558 2.359429 2.968616
v -2.809221 2.275751 2.993533
v -2.808201 2.359429 2.989958
v -2.804171 2.275728 2.975914
v -3.578831 0.627336 2.754909
v -3.651347 0.627336 2.730355
v -3.652367 0.729462 2.733929
v -2.891508 2.359406 2.950998
v -2.803151 2.359406 2.972339
v 0.201023 2.348517 3.834293
v 1.980041 2.348518 4.341835
v 0.201024 0.640318 3.834294
v 1.980042 0.640319 4.341836
v 2.070447 0.495507 4.284756
v 2.029295 0.495507 4.429000
v 0.106033 0.495507 3.880306
v 0.106033 0.645507 3.880306
v 2.070447 0.645507 4.284756
v 2.029295 0.645507 4.429000
v 0.147185 0.495507 3.736062
v 0.147185 0.645507 3.736062
v 1.147395 0.640318 4.104287
v 1.147395 2.348517 4.104287
v 1.026875 0.640318 4.069903
v 1.026874 2.348517 4.069903
v 1.142390 0.645507 4.124960
v 1.020068 2.359431 4.090062
v 1.142390 2.359431 4.124960
v 1.020069 0.645507 4.090063
v 1.027291 0.645507 4.064747
v 1.149613 2.359431 4.099644
v 1.149613 0.645507 4.099644
v 1.027291 2.359431 4.064746
v 1.903931 0.627361 4.338167
v 1.977467 0.729487 4.359147
v 1.978487 0.627361 4.355572
v 1.216607 2.359431 4.142077
v 1.129270 2.275752 4.117161
v 1.130290 2.359431 4.113586
v 1.134276 2.275729 4.099530
v 1.908937 0.627338 4.320536
v 1.983493 0.627338 4.337941
v 1.982473 0.729464 4.341516
v 1.221613 2.359408 4.124447
v 1.135296 2.359408 4.095955
v 0.262641 0.627360 3.869917
v 0.189105 0.729487 3.848938
v 0.190125 0.627360 3.845363
v 0.949964 2.359431 4.066006
v 1.037301 2.275752 4.090923
v 1.038321 2.359431 4.087348
v 1.042351 2.275729 4.073304
v 0.267691 0.627337 3.852299
v 0.195175 0.627337 3.827744
v 0.194155 0.729464 3.831319
v 0.955014 2.359408 4.048388
v 1.043371 2.359408 4.069729
v -3.663966 2.348784 2.642274
v -3.663966 0.640378 2.642274
v -3.481254 0.495505 1.728465
v -3.755601 0.495505 2.690095
v -3.755601 0.645505 2.690095
v -3.337009 0.645505 1.769617
v -3.611357 0.495505 2.731247
v -3.611357 0.645505 2.731247
v -3.429014 0.640378 1.818732
v -3.429014 2.348784 1.818732
v -3.481254 0.645505 1.728465
v -3.337009 0.495505 1.769617
v -3.663286 0.627359 2.576644
v -3.684266 0.729485 2.650180
v -3.680691 0.627359 2.651200
v -3.467198 2.359429 1.889320
v -3.442281 2.275750 1.801983
v -3.438706 2.359429 1.803003
v -3.426479 2.275727 1.806468
v -3.647484 0.627336 2.581128
v -3.664889 0.627336 2.655684
v -3.668463 0.729462 2.654665
v -3.451396 2.359406 1.893805
v -3.422904 2.359406 1.807487
v -2.882037 2.348515 -0.098519
v -3.389580 2.348515 1.680498
v -2.882036 0.640316 -0.098519
v -3.389580 0.640316 1.680498
v -3.337012 0.495505 1.769616
v -3.481256 0.495505 1.728464
v -2.932561 0.495505 -0.194798
v -2.932561 0.645505 -0.194798
v -3.337012 0.645505 1.769616
v -3.481256 0.645505 1.728464
v -2.788316 0.495505 -0.153645
v -2.788317 0.645505 -0.153645
v -3.240823 1.143931 1.031404
v -3.098150 1.143931 0.531312
v -3.212954 1.863953 0.933719
v -3.240823 1.759443 1.031404
v -3.232661 1.831273 1.002793
v -3.098150 1.759443 0.531312
v -3.126019 1.863953 0.628997
v -3.106313 1.831273 0.559923
v -3.027593 1.158625 0.457858
v -3.363076 1.151621 1.085868
v -3.224254 1.163346 1.125473
v -3.168282 1.068065 0.417720
v -3.168282 1.158625 0.417720
v -3.215791 1.075068 1.132161
v -3.027593 1.068065 0.457858
v -3.354614 1.063343 1.092555
v -3.132412 1.071704 0.791950
v -3.126599 1.147878 0.793609
v -3.255522 1.154985 0.756828
v -3.261336 1.078811 0.755169
v -3.082540 1.076540 0.624180
v -3.082540 1.150150 0.624180
v -3.209365 1.150150 0.587998
v -3.209365 1.076540 0.587998
v -3.305395 1.150149 0.924598
v -3.305395 1.076540 0.924598
v -3.178570 1.076540 0.960781
v -3.178570 1.150150 0.960781
v -3.028840 1.846096 0.449455
v -3.367042 1.842436 1.092704
v -3.230913 1.851266 1.131541
v -3.167222 1.758428 0.409976
v -3.167222 1.846096 0.409976
v -3.220488 1.763659 1.138883
v -3.028840 1.758428 0.449455
v -3.356617 1.754828 1.100046
v -3.137606 1.846532 0.790477
v -3.130588 1.923366 0.792479
v -3.255345 1.923986 0.756886
v -3.261784 1.851885 0.755049
v -3.086286 1.825208 0.619092
v -3.086286 1.900110 0.619092
v -3.207932 1.900110 0.584388
v -3.207932 1.825208 0.584388
v -3.306087 1.900110 0.928436
v -3.306087 1.825208 0.928436
v -3.184441 1.825208 0.963141
v -3.184441 1.900110 0.963141
v -3.048472 1.139771 0.503065
v -3.124724 1.805667 0.487731
v -3.053690 1.805667 0.498849
v -3.139652 1.139771 0.549614
v -3.120509 1.139771 0.482513
v -3.063401 1.808664 0.564947
v -3.067616 1.139771 0.570165
v -3.134434 1.808664 0.553828
v -3.073309 1.474450 0.568606
v -3.050031 1.474451 0.508758
v -3.114815 1.474450 0.484072
v -3.138093 1.474450 0.543920
v -3.066714 1.307111 0.571787
v -3.046850 1.307111 0.502163
v -3.121411 1.307111 0.480892
v -3.141274 1.307111 0.550516
v -3.121411 1.641790 0.480891
v -3.141274 1.641790 0.550515
v -3.066714 1.641790 0.571787
v -3.046851 1.641790 0.502162
v -3.194004 1.139771 1.024670
v -3.276701 1.805667 1.008078
v -3.199693 1.805667 1.020074
v -3.292979 1.139771 1.075553
v -3.272105 1.139771 1.002388
v -3.210282 1.808664 1.092145
v -3.214877 1.139771 1.097835
v -3.287289 1.808664 1.080149
v -3.214677 1.474451 1.096375
v -3.195464 1.474451 1.024469
v -3.272305 1.474450 1.003849
v -3.291518 1.474450 1.075754
v -3.213894 1.307111 1.099603
v -3.192235 1.307111 1.023687
v -3.273088 1.307111 1.000620
v -3.294747 1.307111 1.076537
v -3.270371 1.641790 1.005507
v -3.289860 1.641790 1.073819
v -3.216611 1.641790 1.094716
v -3.197122 1.641790 1.026404
v -3.189873 1.849679 0.751585
v -3.202009 1.147238 0.799469
v -3.187148 1.147238 0.747377
v -3.199248 1.852839 0.802373
v -3.187330 1.500285 0.748406
v -3.201249 1.500285 0.799532
v -3.187574 1.323762 0.746197
v -3.202994 1.323762 0.800247
v -3.186397 1.676808 0.749460
v -3.200272 1.676808 0.798096
v -3.180504 1.852839 0.804170
v -3.171514 1.147238 0.763695
v -3.174152 1.849679 0.763975
v -3.183247 1.147238 0.804821
v -3.173171 1.500285 0.807078
v -3.162335 1.500285 0.766758
v -3.173922 1.323762 0.808541
v -3.161709 1.323762 0.765729
v -3.162265 1.676808 0.767679
v -3.173150 1.676808 0.805834
v -3.122966 1.597260 0.546921
v -3.151519 1.595028 0.657408
v -3.117502 1.635562 0.546310
v -3.104550 1.594717 0.552175
v -3.133402 1.595028 0.662576
v -3.165680 1.594132 0.774506
v -3.184659 1.594464 0.769092
v -3.184020 1.633936 0.769274
v -3.151519 1.632708 0.657408
v -3.165041 1.633604 0.774688
v -3.133402 1.632708 0.662576
v -3.099086 1.633019 0.551565
v -3.122966 1.345063 0.546921
v -3.151519 1.342831 0.657408
v -3.117502 1.383365 0.546311
v -3.104550 1.342520 0.552176
v -3.133402 1.342831 0.662576
v -3.165680 1.341935 0.774506
v -3.184659 1.342267 0.769092
v -3.184020 1.381739 0.769274
v -3.151519 1.380511 0.657408
v -3.165042 1.381407 0.774688
v -3.133402 1.380511 0.662576
v -3.099086 1.380822 0.551565
v -3.256249 1.629789 1.014099
v -3.222206 1.632021 0.905179
v -3.251930 1.591487 1.017501
v -3.237833 1.632333 1.019353
v -3.204089 1.632021 0.910348
v -3.172450 1.632918 0.798236
v -3.191429 1.632586 0.792822
v -3.190790 1.593114 0.793004
v -3.222206 1.594342 0.905179
v -3.171812 1.593446 0.798418
v -3.204089 1.594342 0.910348
v -3.233514 1.594031 1.022755
v -3.256249 1.379062 1.014099
v -3.222206 1.381294 0.905179
v -3.251930 1.340760 1.017501
v -3.191428 1.381859 0.792821
v -3.190790 1.342387 0.793004
v -3.222206 1.343615 0.905179
v -3.171811 1.342719 0.798418
v -3.204089 1.343615 0.910348
v -3.233514 1.343304 1.022755
v -2.840923 2.348784 -0.242618
v -2.840923 0.640378 -0.242618
v -2.658211 0.495505 -1.156427
v -2.932558 0.495505 -0.194797
v -2.932558 0.645505 -0.194797
v -2.513966 0.645505 -1.115275
v -2.788314 0.495505 -0.153645
v -2.788314 0.645505 -0.153645
v -2.605971 0.640378 -1.066160
v -2.605971 2.348784 -1.066160
v -2.658211 0.645505 -1.156427
v -2.513966 0.495505 -1.115275
v -2.840243 0.627359 -0.308248
v -2.861223 0.729485 -0.234712
v -2.857648 0.627359 -0.233692
v -2.644155 2.359429 -0.995572
v -2.619238 2.275750 -1.082909
v -2.615663 2.359429 -1.081889
v -2.603436 2.275727 -1.078424
v -2.824441 0.627335 -0.303764
v -2.841846 0.627335 -0.229208
v -2.845420 0.729462 -0.230227
v -2.628352 2.359406 -0.991087
v -2.599861 2.359406 -1.077404
v -3.663967 4.198374 2.642274
v -3.663967 2.489967 2.642274
v -3.481254 2.345094 1.728464
v -3.755602 2.345094 2.690095
v -3.755602 2.495095 2.690095
v -3.337010 2.495094 1.769616
v -3.611357 2.345094 2.731247
v -3.611358 2.495095 2.731247
v -3.429015 2.489967 1.818732
v -3.429015 4.198373 1.818731
v -3.481254 2.495094 1.728464
v -3.337010 2.345094 1.769616
v -3.663287 2.476948 2.576643
v -3.684266 2.579074 2.650180
v -3.680692 2.476948 2.651200
v -3.467199 4.209018 1.889319
v -3.442282 4.125339 1.801983
v -3.438707 4.209018 1.803003
v -3.426480 4.125316 1.806467
v -3.647485 2.476925 2.581128
v -3.664890 2.476925 2.655684
v -3.668464 2.579051 2.654665
v -3.451396 4.208995 1.893804
v -3.422905 4.208995 1.807487
v -2.882038 4.198104 -0.098519
v -3.389581 4.198104 1.680497
v -2.882037 2.489905 -0.098519
v -3.389580 2.489906 1.680498
v -3.337012 2.345094 1.769616
v -3.481257 2.345094 1.728464
v -2.932562 2.345094 -0.194798
v -2.932562 2.495094 -0.194798
v -3.337013 2.495094 1.769616
v -3.481257 2.495094 1.728464
v -2.788317 2.345094 -0.153646
v -2.788317 2.495095 -0.153646
v -3.240824 2.993520 1.031404
v -3.098151 2.993520 0.531312
v -3.212955 3.713543 0.933719
v -3.240824 3.609032 1.031404
v -3.232661 3.680862 1.002792
v -3.098151 3.609032 0.531312
v -3.126020 3.713543 0.628997
v -3.106314 3.680862 0.559923
v -3.027594 3.008214 0.457857
v -3.363077 3.001210 1.085867
v -3.224254 3.012935 1.125473
v -3.168283 2.917654 0.417719
v -3.168283 3.008214 0.417719
v -3.215792 2.924658 1.132160
v -3.027593 2.917654 0.457857
v -3.354614 2.912933 1.092555
v -3.132413 2.921293 0.791950
v -3.126600 2.997468 0.793609
v -3.255523 3.004575 0.756828
v -3.261336 2.928400 0.755169
v -3.082541 2.926129 0.624180
v -3.082541 2.999739 0.624180
v -3.209366 2.999739 0.587997
v -3.209366 2.926129 0.587997
v -3.305396 2.999739 0.924598
v -3.305396 2.926129 0.924598
v -3.178570 2.926129 0.960780
v -3.178570 2.999739 0.960780
v -3.028841 3.695685 0.449455
v -3.367043 3.692025 1.092704
v -3.230913 3.700855 1.131541
v -3.167223 3.608017 0.409976
v -3.167223 3.695685 0.409976
v -3.220489 3.613248 1.138883
v -3.028841 3.608017 0.449455
v -3.356618 3.604418 1.100046
v -3.137607 3.696121 0.790477
v -3.130589 3.772955 0.792479
v -3.255346 3.773576 0.756886
v -3.261785 3.701474 0.755049
v -3.086287 3.674798 0.619092
v -3.086287 3.749700 0.619092
v -3.207932 3.749700 0.584387
v -3.207932 3.674797 0.584387
v -3.306087 3.749700 0.928436
v -3.306087 3.674797 0.928436
v -3.184442 3.674798 0.963140
v -3.184441 3.749700 0.963141
v -3.048473 2.989360 0.503064
v -3.124725 3.655257 0.487731
v -3.053691 3.655257 0.498849
v -3.139653 2.989360 0.549613
v -3.120510 2.989360 0.482512
v -3.063402 3.658253 0.564947
v -3.067616 2.989360 0.570165
v -3.134435 3.658253 0.553828
v -3.073310 3.324040 0.568606
v -3.050032 3.324040 0.508758
v -3.114816 3.324040 0.484072
v -3.138094 3.324040 0.543920
v -3.066715 3.156700 0.571786
v -3.046851 3.156700 0.502162
v -3.121411 3.156700 0.480891
v -3.141275 3.156700 0.550515
v -3.121412 3.491380 0.480891
v -3.141275 3.491380 0.550515
v -3.066715 3.491380 0.571786
v -3.046851 3.491380 0.502162
v -3.194004 2.989360 1.024669
v -3.276702 3.655257 1.008077
v -3.199694 3.655257 1.020074
v -3.292980 2.989360 1.075553
v -3.272106 2.989360 1.002387
v -3.210282 3.658253 1.092145
v -3.214878 2.989360 1.097835
v -3.287290 3.658253 1.080149
v -3.214678 3.324040 1.096374
v -3.195465 3.324040 1.024469
v -3.272306 3.324040 1.003848
v -3.291519 3.324040 1.075753
v -3.213895 3.156700 1.099603
v -3.192236 3.156700 1.023686
v -3.273089 3.156700 1.000619
v -3.294748 3.156700 1.076536
v -3.270372 3.491380 1.005506
v -3.289861 3.491380 1.073819
v -3.216612 3.491380 1.094716
v -3.197123 3.491380 1.026404
v -3.189874 3.699268 0.751585
v -3.202010 2.996828 0.799468
v -3.187149 2.996828 0.747377
v -3.199248 3.702429 0.802373
v -3.187332 3.349874 0.748406
v -3.201250 3.349874 0.799531
v -3.187575 3.173351 0.746197
v -3.202995 3.173351 0.800246
v -3.186398 3.526397 0.749460
v -3.200273 3.526397 0.798096
v -3.180505 3.702429 0.804170
v -3.171515 2.996828 0.763694
v -3.174153 3.699268 0.763975
v -3.183248 2.996828 0.804821
v -3.173172 3.349874 0.807078
v -3.162336 3.349874 0.766758
v -3.173923 3.173351 0.808541
v -3.161709 3.173351 0.765729
v -3.162266 3.526397 0.767679
v -3.173151 3.526397 0.805834
v -3.122967 3.446850 0.546921
v -3.151520 3.444618 0.657407
v -3.117503 3.485152 0.546310
v -3.104551 3.444307 0.552175
v -3.133403 3.444618 0.662576
v -3.165681 3.443721 0.774506
v -3.184659 3.444053 0.769091
v -3.184021 3.483525 0.769273
v -3.151520 3.482297 0.657407
v -3.165042 3.483193 0.774688
v -3.133403 3.482297 0.662576
v -3.099087 3.482608 0.551565
v -3.122967 3.194653 0.546921
v -3.151520 3.192420 0.657407
v -3.117503 3.232955 0.546310
v -3.104551 3.192109 0.552175
v -3.133403 3.192420 0.662576
v -3.165681 3.191524 0.774506
v -3.184659 3.191856 0.769091
v -3.184021 3.231328 0.769273
v -3.151520 3.230100 0.657407
v -3.165043 3.230996 0.774688
v -3.133403 3.230100 0.662576
v -3.099087 3.230411 0.551565
v -3.256250 3.479378 1.014099
v -3.222207 3.481611 0.905179
v -3.251930 3.441077 1.017501
v -3.237834 3.481922 1.019353
v -3.204090 3.481611 0.910348
v -3.172451 3.482507 0.798236
v -3.191430 3.482175 0.792821
v -3.190791 3.442703 0.793004
v -3.222207 3.443931 0.905179
v -3.171813 3.443035 0.798418
v -3.204090 3.443932 0.910348
v -3.233514 3.443620 1.022755
v -3.256250 3.228651 1.014099
v -3.222207 3.230884 0.905179
v -3.251930 3.190350 1.017501
v -3.191430 3.231448 0.792821
v -3.190791 3.191976 0.793003
v -3.222207 3.193204 0.905179
v -3.171813 3.192308 0.798418
v -3.204090 3.193204 0.910348
v -3.233514 3.192893 1.022755
v -2.840924 4.198373 -0.242618
v -2.840923 2.489967 -0.242618
v -2.658211 2.345094 -1.156428
v -2.932559 2.345094 -0.194797
v -2.932559 2.495094 -0.194797
v -2.513967 2.495094 -1.115276
v -2.788315 2.345094 -0.153645
v -2.788315 2.495095 -0.153645
v -2.605972 2.489967 -1.066160
v -2.605972 4.198373 -1.066160
v -2.658211 2.495094 -1.156428
v -2.513967 2.345094 -1.115276
v -2.840244 2.476948 -0.308248
v -2.861223 2.579074 -0.234712
v -2.857649 2.476948 -0.233692
v -2.644155 4.209018 -0.995572
v -2.619239 4.125339 -1.082909
v -2.615664 4.209018 -1.081889
v -2.603436 4.125316 -1.078424
v -2.824442 2.476925 -0.303764
v -2.841846 2.476925 -0.229208
v -2.845421 2.579051 -0.230227
v -2.628353 4.208995 -0.991087
v -2.599862 4.208995 -1.077404
v -2.058994 2.348515 -2.983411
v -2.566537 2.348515 -1.204394
v -2.058994 0.640316 -2.983410
v -2.566536 0.640316 -1.204393
v -2.513969 0.495505 -1.115275
v -2.658213 0.495505 -1.156428
v -2.109518 0.495505 -3.079689
v -2.109519 0.645505 -3.079689
v -2.513969 0.645505 -1.115275
v -2.658213 0.645505 -1.156428
v -1.965274 0.495505 -3.038537
v -1.965274 0.645505 -3.038537
v -2.417780 1.143931 -1.853487
v -2.275107 1.143931 -2.353580
v -2.389911 1.863953 -1.951173
v -2.417780 1.759443 -1.853488
v -2.409617 1.831273 -1.882099
v -2.275107 1.759443 -2.353580
v -2.302976 1.863953 -2.255895
v -2.283269 1.831273 -2.324969
v -2.204550 1.158624 -2.427034
v -2.540033 1.151621 -1.799023
v -2.401211 1.163346 -1.759418
v -2.345239 1.068064 -2.467172
v -2.345239 1.158624 -2.467172
v -2.392748 1.075068 -1.752731
v -2.204550 1.068064 -2.427034
v -2.531570 1.063343 -1.792336
v -2.309369 1.071704 -2.092941
v -2.303556 1.147878 -2.091282
v -2.432479 1.154985 -2.128063
v -2.438293 1.078811 -2.129722
v -2.259497 1.076540 -2.260711
v -2.259497 1.150149 -2.260711
v -2.386322 1.150149 -2.296894
v -2.386322 1.076540 -2.296894
v -2.482352 1.150149 -1.960293
v -2.482352 1.076540 -1.960293
v -2.355526 1.076540 -1.924110
v -2.355526 1.150149 -1.924110
v -2.205797 1.846096 -2.435436
v -2.543999 1.842436 -1.792188
v -2.407870 1.851266 -1.753351
v -2.344180 1.758428 -2.474916
v -2.344180 1.846096 -2.474916
v -2.397445 1.763659 -1.746009
v -2.205797 1.758428 -2.435436
v -2.533574 1.754828 -1.784846
v -2.314563 1.846532 -2.094415
v -2.307545 1.923366 -2.092413
v -2.432302 1.923986 -2.128006
v -2.438741 1.851885 -2.129842
v -2.263243 1.825208 -2.265800
v -2.263243 1.900110 -2.265800
v -2.384888 1.900110 -2.300504
v -2.384888 1.825208 -2.300504
v -2.483044 1.900110 -1.956455
v -2.483043 1.825208 -1.956455
v -2.361398 1.825208 -1.921751
v -2.361398 1.900110 -1.921751
v -2.225429 1.139771 -2.381827
v -2.301681 1.805667 -2.397161
v -2.230647 1.805667 -2.386043
v -2.316609 1.139771 -2.335278
v -2.297466 1.139771 -2.402379
v -2.240358 1.808664 -2.319945
v -2.244572 1.139771 -2.314726
v -2.311391 1.808664 -2.331063
v -2.250266 1.474450 -2.316285
v -2.226988 1.474450 -2.376134
v -2.291772 1.474450 -2.400820
v -2.315050 1.474450 -2.340971
v -2.243671 1.307111 -2.313105
v -2.223807 1.307111 -2.382729
v -2.298368 1.307111 -2.404000
v -2.318231 1.307111 -2.334376
v -2.298368 1.641790 -2.404001
v -2.318231 1.641790 -2.334376
v -2.243671 1.641790 -2.313105
v -2.223807 1.641790 -2.382729
v -2.370961 1.139771 -1.860222
v -2.453658 1.805667 -1.876814
v -2.376650 1.805667 -1.864818
v -2.469936 1.139771 -1.809338
v -2.449062 1.139771 -1.882504
v -2.387239 1.808664 -1.792746
v -2.391834 1.139771 -1.787056
v -2.464246 1.808664 -1.804742
v -2.391634 1.474450 -1.788517
v -2.372421 1.474450 -1.860422
v -2.449263 1.474450 -1.881043
v -2.468475 1.474450 -1.809138
v -2.390851 1.307111 -1.785288
v -2.369193 1.307111 -1.861205
v -2.450046 1.307111 -1.884272
v -2.471704 1.307111 -1.808354
v -2.447328 1.641790 -1.879385
v -2.466817 1.641790 -1.811073
v -2.393569 1.641790 -1.790175
v -2.374079 1.641790 -1.858488
v -2.366830 1.849679 -2.133307
v -2.378966 1.147238 -2.085423
v -2.364105 1.147238 -2.137514
v -2.376204 1.852839 -2.082519
v -2.364288 1.500285 -2.136485
v -2.378206 1.500285 -2.085360
v -2.364532 1.323762 -2.138694
v -2.379951 1.323762 -2.084644
v -2.363354 1.676808 -2.135432
v -2.377229 1.676808 -2.086796
v -2.357461 1.852839 -2.080722
v -2.348471 1.147238 -2.121197
v -2.351109 1.849679 -2.120917
v -2.360204 1.147238 -2.080070
v -2.350128 1.500285 -2.077813
v -2.339293 1.500285 -2.118134
v -2.350879 1.323762 -2.076350
v -2.338665 1.323762 -2.119162
v -2.339222 1.676808 -2.117212
v -2.350107 1.676808 -2.079058
v -2.299923 1.597260 -2.337971
v -2.328476 1.595028 -2.227484
v -2.294459 1.635562 -2.338581
v -2.281507 1.594717 -2.332717
v -2.310359 1.595028 -2.222315
v -2.342637 1.594132 -2.110385
v -2.361616 1.594464 -2.115800
v -2.360977 1.633936 -2.115618
v -2.328476 1.632708 -2.227484
v -2.341999 1.633604 -2.110203
v -2.310359 1.632708 -2.222315
v -2.276043 1.633019 -2.333327
v -2.299923 1.345063 -2.337970
v -2.328476 1.342831 -2.227484
v -2.294459 1.383365 -2.338580
v -2.281507 1.342520 -2.332716
v -2.310359 1.342831 -2.222315
v -2.342637 1.341935 -2.110385
v -2.361616 1.342267 -2.115800
v -2.360977 1.381738 -2.115618
v -2.328476 1.380511 -2.227484
v -2.341999 1.381407 -2.110203
v -2.310359 1.380511 -2.222315
v -2.276043 1.380821 -2.333326
v -2.433206 1.629789 -1.870793
v -2.399163 1.632021 -1.979712
v -2.428887 1.591487 -1.867391
v -2.414790 1.632333 -1.865539
v -2.381047 1.632021 -1.974544
v -2.349407 1.632918 -2.086656
v -2.368386 1.632586 -2.092071
v -2.367747 1.593114 -2.091888
v -2.399163 1.594342 -1.979712
v -2.348769 1.593446 -2.086474
v -2.381047 1.594342 -1.974544
v -2.410471 1.594031 -1.862137
v -2.433206 1.379062 -1.870792
v -2.399163 1.381294 -1.979712
v -2.428886 1.340760 -1.867391
v -2.368386 1.381859 -2.092070
v -2.367747 1.342387 -2.091888
v -2.399163 1.343615 -1.979712
v -2.348768 1.342719 -2.086473
v -2.381046 1.343615 -1.974543
v -2.410470 1.343304 -1.862137
v -1.782560 2.348784 -3.952344
v -1.782559 0.640378 -3.952344
v -2.109515 0.495505 -3.079688
v -1.835168 0.495505 -4.041317
v -1.835168 0.645505 -4.041317
v -1.965271 0.645505 -3.038535
v -1.690924 0.495505 -4.000165
v -1.690924 0.645505 -4.000165
v -2.017510 0.640378 -3.128802
v -2.017511 2.348784 -3.128803
v -2.109515 0.645505 -3.079688
v -1.965271 0.495505 -3.038535
v -1.816612 0.627358 -3.896236
v -1.795632 0.729485 -3.969772
v -1.792058 0.627358 -3.968752
v -2.012701 2.359429 -3.208913
v -2.037618 2.275750 -3.121576
v -2.034043 2.359429 -3.120556
v -2.021828 2.275727 -3.117047
v -1.800822 0.627335 -3.891707
v -1.776268 0.627335 -3.964223
v -1.779842 0.729462 -3.965244
v -1.996911 2.359406 -3.204384
v -2.018253 2.359406 -3.116027
v -2.058995 4.198104 -2.983411
v -2.566538 4.198104 -1.204394
v -2.058994 2.489905 -2.983411
v -2.566537 2.489905 -1.204394
v -2.513969 2.345094 -1.115276
v -2.658214 2.345094 -1.156428
v -2.109519 2.345094 -3.079689
v -2.109519 2.495094 -3.079689
v -2.513969 2.495094 -1.115276
v -2.658214 2.495094 -1.156428
v -1.965275 2.345094 -3.038537
v -1.965275 2.495094 -3.038537
v -2.417781 2.993520 -1.853488
v -2.275108 2.993520 -2.353580
v -2.389912 3.713542 -1.951173
v -2.417781 3.609032 -1.853488
v -2.409618 3.680862 -1.882099
v -2.275108 3.609032 -2.353580
v -2.302977 3.713542 -2.255895
v -2.283270 3.680862 -2.324969
v -2.204551 3.008214 -2.427034
v -2.540034 3.001210 -1.799024
v -2.401212 3.012935 -1.759418
v -2.345240 2.917654 -2.467172
v -2.345240 3.008214 -2.467172
v -2.392749 2.924657 -1.752731
v -2.204551 2.917654 -2.427034
v -2.531571 2.912932 -1.792337
v -2.309370 2.921293 -2.092941
v -2.303557 2.997468 -2.091283
v -2.432480 3.004574 -2.128064
v -2.438293 2.928400 -2.129722
v -2.259498 2.926129 -2.260712
v -2.259498 2.999739 -2.260712
v -2.386323 2.999739 -2.296895
v -2.386323 2.926129 -2.296895
v -2.482353 2.999738 -1.960294
v -2.482353 2.926129 -1.960294
v -2.355527 2.926129 -1.924111
v -2.355527 2.999739 -1.924111
v -2.205798 3.695685 -2.435436
v -2.544000 3.692025 -1.792188
v -2.407871 3.700855 -1.753351
v -2.344181 3.608017 -2.474916
v -2.344181 3.695685 -2.474916
v -2.397446 3.613248 -1.746009
v -2.205798 3.608017 -2.435436
v -2.533575 3.604417 -1.784846
v -2.314564 3.696121 -2.094415
v -2.307546 3.772955 -2.092413
v -2.432303 3.773576 -2.128006
v -2.438742 3.701474 -2.129842
v -2.263244 3.674798 -2.265800
v -2.263244 3.749700 -2.265800
v -2.384889 3.749700 -2.300504
v -2.384889 3.674797 -2.300504
v -2.483044 3.749700 -1.956455
v -2.483044 3.674797 -1.956455
v -2.361399 3.674798 -1.921751
v -2.361398 3.749700 -1.921751
v -2.225430 2.989360 -2.381828
v -2.301682 3.655256 -2.397161
v -2.230648 3.655256 -2.386043
v -2.316610 2.989360 -2.335279
v -2.297467 2.989360 -2.402380
v -2.240359 3.658253 -2.319945
v -2.244573 2.989360 -2.314726
v -2.311392 3.658253 -2.331063
v -2.250267 3.324040 -2.316286
v -2.226989 3.324040 -2.376134
v -2.291773 3.324040 -2.400820
v -2.315051 3.324040 -2.340971
v -2.243671 3.156700 -2.313106
v -2.223808 3.156700 -2.382730
v -2.298368 3.156700 -2.404001
v -2.318232 3.156700 -2.334377
v -2.298368 3.491379 -2.404001
v -2.318232 3.491379 -2.334376
v -2.243672 3.491379 -2.313106
v -2.223808 3.491379 -2.382730
v -2.370962 2.989360 -1.860222
v -2.453659 3.655256 -1.876814
v -2.376651 3.655256 -1.864818
v -2.469937 2.989360 -1.809339
v -2.449063 2.989360 -1.882504
v -2.387239 3.658253 -1.792746
v -2.391835 2.989360 -1.787057
v -2.464247 3.658253 -1.804742
v -2.391635 3.324040 -1.788517
v -2.372422 3.324040 -1.860422
v -2.449263 3.324040 -1.881043
v -2.468476 3.324040 -1.809138
v -2.390852 3.156700 -1.785289
v -2.369194 3.156700 -1.861206
v -2.450047 3.156700 -1.884273
v -2.471705 3.156700 -1.808355
v -2.447329 3.491379 -1.879385
v -2.466818 3.491379 -1.811073
v -2.393569 3.491379 -1.790175
v -2.374080 3.491379 -1.858488
v -2.366831 3.699268 -2.133307
v -2.378967 2.996828 -2.085423
v -2.364106 2.996828 -2.137515
v -2.376205 3.702429 -2.082519
v -2.364289 3.349874 -2.136486
v -2.378207 3.349874 -2.085361
v -2.364532 3.173351 -2.138695
v -2.379952 3.173351 -2.084645
v -2.363355 3.526397 -2.135432
v -2.377230 3.526397 -2.086796
v -2.357462 3.702429 -2.080722
v -2.348472 2.996828 -2.121197
v -2.351110 3.699268 -2.120917
v -2.360205 2.996828 -2.080071
v -2.350129 3.349874 -2.077814
v -2.339293 3.349874 -2.118134
v -2.350880 3.173351 -2.076351
v -2.338666 3.173351 -2.119163
v -2.339222 3.526397 -2.117212
v -2.350108 3.526397 -2.079058
v -2.299924 3.446850 -2.337971
v -2.328477 3.444617 -2.227484
v -2.294460 3.485152 -2.338581
v -2.281508 3.444306 -2.332717
v -2.310360 3.444617 -2.222316
v -2.342638 3.443721 -2.110385
v -2.361617 3.444053 -2.115800
v -2.360978 3.483525 -2.115618
v -2.328477 3.482297 -2.227484
v -2.342000 3.483193 -2.110203
v -2.310360 3.482297 -2.222316
v -2.276044 3.482608 -2.333327
v -2.299924 3.194653 -2.337971
v -2.328477 3.192420 -2.227484
v -2.294460 3.232954 -2.338581
v -2.281508 3.192109 -2.332717
v -2.310360 3.192420 -2.222316
v -2.342638 3.191524 -2.110385
v -2.361616 3.191856 -2.115800
v -2.360978 3.231328 -2.115619
v -2.328477 3.230100 -2.227484
v -2.342000 3.230996 -2.110204
v -2.310360 3.230100 -2.222316
v -2.276044 3.230411 -2.333327
v -2.433207 3.479378 -1.870793
v -2.399164 3.481611 -1.979712
v -2.428887 3.441077 -1.867391
v -2.414791 3.481922 -1.865539
v -2.381047 3.481611 -1.974544
v -2.349408 3.482507 -2.086656
v -2.368387 3.482175 -2.092071
v -2.367748 3.442703 -2.091888
v -2.399164 3.443931 -1.979712
v -2.348769 3.443035 -2.086474
v -2.381047 3.443931 -1.974544
v -2.410471 3.443620 -1.862137
v -2.433207 3.228651 -1.870793
v -2.399164 3.230884 -1.979712
v -2.428887 3.190349 -1.867391
v -2.368386 3.231448 -2.092071
v -2.367748 3.191976 -2.091888
v -2.399164 3.193204 -1.979712
v -2.348769 3.192308 -2.086474
v -2.381047 3.193204 -1.974544
v -2.410471 3.192893 -1.862137
v -1.782560 4.198373 -3.952345
v -1.782560 2.489967 -3.952344
v -2.109516 2.345094 -3.079688
v -1.835169 2.345094 -4.041317
v -1.835169 2.495094 -4.041317
v -1.965272 2.495094 -3.038536
v -1.690925 2.345094 -4.000165
v -1.690925 2.495094 -4.000165
v -2.017511 2.489967 -3.128803
v -2.017512 4.198373 -3.128803
v -2.109516 2.495094 -3.079688
v -1.965272 2.345094 -3.038536
v -1.816612 2.476948 -3.896236
v -1.795633 2.579074 -3.969772
v -1.792058 2.476948 -3.968752
v -2.012702 4.209018 -3.208913
v -2.037619 4.125339 -3.121576
v -2.034044 4.209018 -3.120556
v -2.021829 4.125316 -3.117047
v -1.800822 2.476925 -3.891707
v -1.776268 2.476925 -3.964223
v -1.779843 2.579051 -3.965244
v -1.996912 4.208995 -3.204384
v -2.018254 4.208995 -3.116027
v -3.645500 4.201525 2.736903
v -1.866483 4.201526 3.244445
v -3.645499 2.493326 2.736903
v -1.866482 2.493327 3.244445
v -1.776077 2.348516 3.187365
v -1.817229 2.348516 3.331610
v -3.740490 2.348515 2.782916
v -3.740490 2.498515 2.782916
v -1.776077 2.498516 3.187365
v -1.817229 2.498516 3.331610
v -3.699338 2.348515 2.638671
v -3.699338 2.498515 2.638671
v -2.699128 2.493327 3.006897
v -2.699129 4.201525 3.006896
v -2.819648 2.493327 2.972513
v -2.819649 4.201525 2.972513
v -2.704133 2.498516 3.027570
v -2.826455 4.212439 2.992672
v -2.704134 4.212439 3.027570
v -2.826454 2.498516 2.992672
v -2.819232 2.498516 2.967356
v -2.696911 4.212439 3.002254
v -2.696910 2.498516 3.002254
v -2.819233 4.212439 2.967356
v -1.942593 2.480370 3.240777
v -1.869056 2.582496 3.261756
v -1.868037 2.480370 3.258181
v -2.629917 4.212439 3.044687
v -2.717254 4.128760 3.019771
v -2.716234 4.212439 3.016196
v -2.712248 4.128737 3.002140
v -1.937586 2.480347 3.223146
v -1.863030 2.480347 3.240550
v -1.864050 2.582473 3.244125
v -2.624911 4.212416 3.027056
v -2.711228 4.212416 2.998565
v -3.583882 2.480369 2.772527
v -3.657418 2.582495 2.751547
v -3.656399 2.480369 2.747973
v -2.896559 4.212439 2.968616
v -2.809222 4.128760 2.993533
v -2.808202 4.212439 2.989957
v -2.804172 4.128737 2.975914
v -3.578832 2.480346 2.754909
v -3.651348 2.480346 2.730354
v -3.652368 2.582472 2.733929
v -2.891509 4.212416 2.950997
v -2.803152 4.212416 2.972339
v 0.226458 4.201527 3.780790
v 2.005475 4.201527 4.288332
v 0.226459 2.493328 3.780790
v 2.005476 2.493329 4.288332
v 2.095882 2.348518 4.231252
v 2.054730 2.348518 4.375497
v 0.131468 2.348517 3.826802
v 0.131468 2.498517 3.826802
v 2.095881 2.498518 4.231252
v 2.054729 2.498518 4.375497
v 0.172620 2.348517 3.682558
v 0.172620 2.498517 3.682558
v 1.172830 2.493328 4.050784
v 1.172829 4.201527 4.050784
v 1.052309 2.493328 4.016400
v 1.052309 4.201527 4.016399
v 1.167825 2.498517 4.071457
v 1.045503 4.212440 4.036559
v 1.167825 4.212441 4.071456
v 1.045503 2.498517 4.036559
v 1.052726 2.498517 4.011243
v 1.175047 4.212441 4.046141
v 1.175047 2.498517 4.046141
v 1.052725 4.212440 4.011243
v 1.929365 2.480371 4.284664
v 2.002902 2.582498 4.305643
v 2.003922 2.480371 4.302068
v 1.242041 4.212441 4.088574
v 1.154704 4.128762 4.063657
v 1.155724 4.212441 4.060082
v 1.159710 4.128739 4.046026
v 1.934371 2.480348 4.267033
v 2.008928 2.480348 4.284437
v 2.007908 2.582474 4.288012
v 1.247047 4.212418 4.070943
v 1.160730 4.212418 4.042451
v 0.288076 2.480371 3.816414
v 0.214539 2.582497 3.795434
v 0.215559 2.480370 3.791860
v 0.975399 4.212440 4.012503
v 1.062736 4.128761 4.037419
v 1.063756 4.212440 4.033844
v 1.067786 4.128738 4.019801
v 0.293126 2.480347 3.798796
v 0.220610 2.480347 3.774241
v 0.219589 2.582474 3.777816
v 0.980449 4.212417 3.994884
v 1.068806 4.212417 4.016226
v -1.718870 4.201526 3.273791
v 0.060147 4.201527 3.781334
v -1.718869 2.493327 3.273791
v 0.060147 2.493328 3.781334
v 0.149266 2.348517 3.728767
v 0.108113 2.348517 3.873011
v -1.815148 2.348516 3.324316
v -1.815148 2.498516 3.324316
v 0.149266 2.498517 3.728767
v 0.108113 2.498517 3.873011
v -1.773996 2.348516 3.180072
v -1.773996 2.498516 3.180072
v 3.868513 2.348517 -2.304691
v 2.089496 2.348516 -2.812234
v 3.868514 0.640318 -2.304691
v 2.089497 0.640317 -2.812233
v 1.999091 0.495506 -2.755153
v 2.040243 0.495506 -2.899397
v 3.963506 0.495507 -2.350704
v 3.963506 0.645507 -2.350704
v 1.999091 0.645506 -2.755153
v 2.040243 0.645506 -2.899397
v 3.922353 0.495507 -2.206459
v 3.922353 0.645507 -2.206459
v 2.922143 0.640318 -2.574685
v 2.922142 2.348517 -2.574685
v 3.042663 0.640318 -2.540301
v 3.042662 2.348517 -2.540301
v 2.927148 0.645507 -2.595358
v 3.049469 2.359431 -2.560462
v 2.927147 2.359430 -2.595358
v 3.049470 0.645507 -2.560461
v 3.042247 0.645507 -2.535144
v 2.919924 2.359430 -2.570042
v 2.919925 0.645507 -2.570041
v 3.042246 2.359431 -2.535144
v 2.165607 0.627360 -2.808565
v 2.092071 0.729486 -2.829544
v 2.091052 0.627360 -2.825970
v 2.852930 2.359430 -2.612476
v 2.940267 2.275752 -2.587560
v 2.939248 2.359430 -2.583985
v 2.935261 2.275728 -2.569928
v 2.160601 0.627337 -2.790934
v 2.086045 0.627337 -2.808338
v 2.087065 0.729463 -2.811913
v 2.847924 2.359407 -2.594845
v 2.934241 2.359407 -2.566353
v 3.806897 0.627361 -2.340315
v 3.880433 0.729487 -2.319336
v 3.879414 0.627361 -2.315761
v 3.119573 2.359431 -2.536405
v 3.032236 2.275752 -2.561322
v 3.031216 2.359431 -2.557747
v 3.027185 2.275729 -2.543703
v 3.801847 0.627337 -2.322696
v 3.874363 0.627338 -2.298142
v 3.875383 0.729464 -2.301717
v 3.114522 2.359407 -2.518786
v 3.026165 2.359407 -2.540127
v 0.021990 2.348516 -3.402081
v -1.757026 2.348515 -3.909624
v 0.021991 0.640317 -3.402081
v -1.757026 0.640316 -3.909624
v -1.847431 0.495505 -3.852543
v -1.806279 0.495505 -3.996788
v 0.116982 0.495506 -3.448094
v 0.116982 0.645505 -3.448094
v -1.847431 0.645505 -3.852543
v -1.806279 0.645505 -3.996788
v 0.075830 0.495506 -3.303849
v 0.075830 0.645505 -3.303849
v -0.924379 0.640316 -3.672075
v -0.924380 2.348515 -3.672075
v -0.803859 0.640316 -3.637692
v -0.803860 2.348515 -3.637691
v -0.919375 0.645505 -3.692748
v -0.797054 2.359429 -3.657850
v -0.919376 2.359429 -3.692748
v -0.797053 0.645505 -3.657850
v -0.804276 0.645505 -3.632535
v -0.926598 2.359429 -3.667431
v -0.926597 0.645505 -3.667431
v -0.804276 2.359429 -3.632535
v -1.680915 0.627358 -3.905955
v -1.754452 0.729485 -3.926934
v -1.755471 0.627358 -3.923359
v -0.993592 2.359429 -3.709865
v -0.906255 2.275750 -3.684948
v -0.907275 2.359429 -3.681373
v -0.911261 2.275727 -3.667318
v -1.685921 0.627335 -3.888323
v -1.760477 0.627335 -3.905729
v -1.759458 0.729462 -3.909303
v -0.998598 2.359406 -3.692235
v -0.912281 2.359406 -3.663743
v -0.039626 0.627359 -3.437706
v 0.033910 0.729486 -3.416725
v 0.032891 0.627359 -3.413151
v -0.726950 2.359429 -3.633793
v -0.814287 2.275750 -3.658710
v -0.815307 2.359429 -3.655136
v -0.819337 2.275727 -3.641092
v -0.044676 0.627336 -3.420086
v 0.027840 0.627336 -3.395533
v 0.028860 0.729462 -3.399107
v -0.732000 2.359406 -3.616175
v -0.820357 2.359406 -3.637517
v 3.868512 4.201527 -2.304691
v 2.089495 4.201526 -2.812234
v 3.868513 2.493328 -2.304692
v 2.089496 2.493328 -2.812234
v 1.999091 2.348516 -2.755154
v 2.040243 2.348516 -2.899398
v 3.963505 2.348517 -2.350704
v 3.963505 2.498517 -2.350704
v 1.999091 2.498517 -2.755154
v 2.040243 2.498517 -2.899398
v 3.922352 2.348517 -2.206460
v 3.922352 2.498517 -2.206460
v 2.922142 2.493328 -2.574685
v 2.922141 4.201527 -2.574685
v 3.042662 2.493328 -2.540301
v 3.042662 4.201527 -2.540301
v 2.927147 2.498517 -2.595359
v 3.049468 4.212440 -2.560462
v 2.927146 4.212440 -2.595358
v 3.049469 2.498517 -2.560462
v 3.042246 2.498517 -2.535144
v 2.919924 4.212440 -2.570042
v 2.919924 2.498517 -2.570042
v 3.042245 4.212440 -2.535144
v 2.165606 4.212417 -2.808566
v 2.092070 4.110290 -2.829545
v 2.091050 4.212417 -2.825971
v 2.852930 2.480347 -2.612476
v 2.940267 2.564026 -2.587560
v 2.939247 2.480347 -2.583985
v 2.935261 2.564049 -2.569928
v 2.160600 4.212440 -2.790934
v 2.086044 4.212440 -2.808339
v 2.087064 4.110313 -2.811913
v 2.847924 2.480370 -2.594845
v 2.934241 2.480370 -2.566353
v 3.806895 4.212417 -2.340316
v 3.880432 4.110291 -2.319336
v 3.879412 4.212417 -2.315762
v 3.119573 2.480347 -2.536405
v 3.032236 2.564026 -2.561322
v 3.031216 2.480347 -2.557747
v 3.027185 2.564049 -2.543703
v 3.801845 4.212440 -2.322697
v 3.874361 4.212440 -2.298143
v 3.875381 4.110314 -2.301717
v 3.114522 2.480371 -2.518786
v 3.026165 2.480371 -2.540127
v 0.021990 4.201525 -3.402081
v -1.757027 4.201525 -3.909625
v 0.021991 2.493327 -3.402082
v -1.757026 2.493326 -3.909624
v -1.847432 2.348515 -3.852543
v -1.806280 2.348515 -3.996788
v 0.116982 2.348516 -3.448094
v 0.116982 2.498516 -3.448094
v -1.847432 2.498515 -3.852543
v -1.806280 2.498515 -3.996788
v 0.075829 2.348516 -3.303849
v 0.075829 2.498516 -3.303849
v -0.924380 2.493327 -3.672075
v -0.924381 4.201525 -3.672076
v -0.803860 2.493327 -3.637692
v -0.803861 4.201525 -3.637692
v -0.919376 2.498515 -3.692748
v -0.797055 4.212439 -3.657851
v -0.919376 4.212439 -3.692749
v -0.797054 2.498515 -3.657850
v -0.804276 2.498515 -3.632535
v -0.926599 4.212439 -3.667433
v -0.926598 2.498515 -3.667431
v -0.804277 4.212439 -3.632535
v -1.680917 4.212416 -3.905956
v -1.754453 4.110289 -3.926935
v -1.755473 4.212416 -3.923360
v -0.993592 2.480346 -3.709865
v -0.906255 2.564025 -3.684948
v -0.907275 2.480346 -3.681373
v -0.911261 2.564048 -3.667318
v -1.685923 4.212439 -3.888325
v -1.760479 4.212439 -3.905730
v -1.759459 4.110312 -3.909304
v -0.998598 2.480369 -3.692235
v -0.912281 2.480369 -3.663743
v -0.039627 4.212416 -3.437706
v 0.033909 4.110290 -3.416725
v 0.032889 4.212416 -3.413152
v -0.726950 2.480346 -3.633793
v -0.814287 2.564025 -3.658710
v -0.815307 2.480346 -3.655136
v -0.819337 2.564048 -3.641093
v -0.044677 4.212439 -3.420087
v 0.027839 4.212439 -3.395533
v 0.028859 4.110313 -3.399107
v -0.732000 2.480369 -3.616175
v -0.820357 2.480369 -3.637518
v 1.941883 4.201526 -2.841580
v 0.162866 4.201525 -3.349122
v 1.941884 2.493327 -2.841580
v 0.162866 2.493327 -3.349122
v 0.070095 2.348516 -3.283749
v 0.111247 2.348516 -3.427993
v 2.034509 2.348516 -2.879299
v 2.034508 2.498517 -2.879299
v 0.070095 2.498516 -3.283749
v 0.111247 2.498516 -3.427993
v 1.993357 2.348516 -2.735054
v 1.993356 2.498517 -2.735054
v 0.238977 2.480369 -3.345453
v 0.165441 2.582496 -3.366433
v 0.164421 2.480369 -3.362858
v 1.867994 4.212440 -2.880705
v 1.955331 4.128761 -2.855788
v 1.954311 4.212440 -2.852213
v 1.950325 4.128738 -2.838157
v 0.233971 2.480346 -3.327822
v 0.159415 2.480346 -3.345227
v 0.160434 2.582473 -3.348801
v 1.862988 4.212417 -2.863074
v 1.949305 4.212417 -2.834582
v 0.170027 2.348516 -3.347080
v 1.949044 2.348516 -2.839537
v 0.170028 0.640317 -3.347080
v 1.949044 0.640317 -2.839536
v 1.993357 0.495506 -2.735054
v 2.034509 0.495506 -2.879298
v 0.111248 0.495506 -3.427993
v 0.111248 0.645506 -3.427993
v 1.993357 0.645506 -2.735054
v 2.034509 0.645506 -2.879298
v 0.070096 0.495506 -3.283749
v 0.070096 0.645506 -3.283749
v 1.882455 0.627360 -2.876579
v 1.955991 0.729486 -2.855599
v 1.954972 0.627360 -2.852024
v 0.253437 2.359429 -3.341329
v 0.166100 2.275751 -3.366245
v 0.165080 2.359429 -3.362670
v 0.161050 2.275728 -3.348627
v 1.877405 0.627337 -2.858960
v 1.949921 0.627337 -2.834406
v 1.950941 0.729463 -2.837980
v 0.248387 2.359406 -3.323710
v 0.160030 2.359406 -3.345052
v 3.881716 2.348786 -2.320966
v 3.881717 0.640380 -2.320965
v 3.699005 0.495507 -1.407156
v 3.973353 0.495507 -2.368786
v 3.973353 0.645507 -2.368786
v 3.554761 0.645507 -1.448308
v 3.829109 0.495507 -2.409938
v 3.829109 0.645507 -2.409938
v 3.646766 0.640380 -1.497423
v 3.646765 2.348786 -1.497423
v 3.699005 0.645507 -1.407156
v 3.554761 0.495507 -1.448308
v 3.881038 0.627361 -2.255335
v 3.902017 0.729487 -2.328872
v 3.898443 0.627361 -2.329892
v 3.684948 2.359431 -1.568012
v 3.660031 2.275752 -1.480675
v 3.656456 2.359431 -1.481695
v 3.644229 2.275729 -1.485159
v 3.865236 0.627338 -2.259819
v 3.882641 0.627338 -2.334376
v 3.886215 0.729464 -2.333356
v 3.669146 2.359408 -1.572496
v 3.640654 2.359408 -1.486179
v 3.099780 2.348518 0.419826
v 3.607323 2.348517 -1.359191
v 3.099781 0.640318 0.419826
v 3.607324 0.640318 -1.359191
v 3.554756 0.495507 -1.448308
v 3.699001 0.495507 -1.407156
v 3.150306 0.495507 0.516105
v 3.150306 0.645507 0.516105
v 3.554756 0.645507 -1.448308
v 3.699001 0.645507 -1.407156
v 3.006061 0.495507 0.474952
v 3.006061 0.645507 0.474952
v 3.458567 1.143933 -0.710097
v 3.315893 1.143933 -0.210005
v 3.430698 1.863955 -0.612412
v 3.458567 1.759445 -0.710097
v 3.450404 1.831275 -0.681486
v 3.315893 1.759445 -0.210005
v 3.343762 1.863955 -0.307690
v 3.324056 1.831275 -0.238616
v 3.245337 1.158627 -0.136550
v 3.580820 1.151623 -0.764561
v 3.441998 1.163348 -0.804166
v 3.386026 1.068067 -0.096412
v 3.386026 1.158627 -0.096412
v 3.433535 1.075070 -0.810853
v 3.245337 1.068067 -0.136550
v 3.572357 1.063345 -0.771248
v 3.350156 1.071706 -0.470644
v 3.344343 1.147880 -0.472302
v 3.473266 1.154987 -0.435521
v 3.479079 1.078813 -0.433862
v 3.300284 1.076542 -0.302873
v 3.300284 1.150151 -0.302873
v 3.427109 1.150151 -0.266691
v 3.427109 1.076542 -0.266691
v 3.523139 1.150151 -0.603291
v 3.523139 1.076542 -0.603291
v 3.396313 1.076542 -0.639473
v 3.396313 1.150151 -0.639473
v 3.246583 1.846098 -0.128149
v 3.584786 1.842438 -0.771397
v 3.448656 1.851268 -0.810234
v 3.384966 1.758430 -0.088669
v 3.384966 1.846098 -0.088669
v 3.438231 1.763661 -0.817576
v 3.246583 1.758430 -0.128149
v 3.574361 1.754830 -0.778739
v 3.355349 1.846534 -0.469170
v 3.348332 1.923368 -0.471172
v 3.473089 1.923989 -0.435580
v 3.479528 1.851887 -0.433743
v 3.304029 1.825210 -0.297786
v 3.304029 1.900113 -0.297786
v 3.425675 1.900113 -0.263081
v 3.425675 1.825210 -0.263081
v 3.523830 1.900112 -0.607130
v 3.523830 1.825210 -0.607130
v 3.402184 1.825210 -0.641835
v 3.402184 1.900112 -0.641835
v 3.266216 1.139773 -0.181757
v 3.342468 1.805669 -0.166424
v 3.271434 1.805669 -0.177543
v 3.357396 1.139773 -0.228306
v 3.338253 1.139773 -0.161205
v 3.281144 1.808666 -0.243641
v 3.285359 1.139773 -0.248858
v 3.352178 1.808666 -0.232522
v 3.291053 1.474452 -0.247299
v 3.267775 1.474452 -0.187451
v 3.332559 1.474452 -0.162765
v 3.355837 1.474452 -0.222613
v 3.284457 1.307113 -0.250479
v 3.264594 1.307113 -0.180855
v 3.339154 1.307113 -0.159584
v 3.359018 1.307113 -0.229208
v 3.339154 1.641792 -0.159584
v 3.359018 1.641792 -0.229208
v 3.284457 1.641792 -0.250480
v 3.264594 1.641792 -0.180856
v 3.411747 1.139773 -0.703363
v 3.494445 1.805669 -0.686771
v 3.417437 1.805669 -0.698767
v 3.510722 1.139773 -0.754246
v 3.489849 1.139773 -0.681081
v 3.428025 1.808666 -0.770839
v 3.432621 1.139773 -0.776528
v 3.505033 1.808666 -0.758842
v 3.432420 1.474452 -0.775067
v 3.413208 1.474452 -0.703162
v 3.490049 1.474452 -0.682541
v 3.509262 1.474452 -0.754447
v 3.431638 1.307113 -0.778296
v 3.409979 1.307113 -0.702380
v 3.490832 1.307113 -0.679313
v 3.512491 1.307113 -0.755229
v 3.488115 1.641792 -0.684200
v 3.507604 1.641792 -0.752512
v 3.434355 1.641792 -0.773410
v 3.414866 1.641792 -0.705097
v 3.407617 1.849681 -0.430278
v 3.419753 1.147241 -0.478161
v 3.404892 1.147241 -0.426070
v 3.416991 1.852842 -0.481066
v 3.405074 1.500287 -0.427099
v 3.418993 1.500287 -0.478224
v 3.405318 1.323764 -0.424890
v 3.420738 1.323764 -0.478940
v 3.404140 1.676810 -0.428154
v 3.418016 1.676810 -0.476789
v 3.398248 1.852842 -0.482863
v 3.389258 1.147241 -0.442388
v 3.391896 1.849681 -0.442668
v 3.400991 1.147241 -0.483514
v 3.390915 1.500287 -0.485771
v 3.380080 1.500287 -0.445451
v 3.391666 1.323764 -0.487234
v 3.379452 1.323764 -0.444422
v 3.380008 1.676810 -0.446373
v 3.390894 1.676810 -0.484527
v 3.340710 1.597263 -0.225614
v 3.369262 1.595030 -0.336101
v 3.335246 1.635564 -0.225004
v 3.322294 1.594719 -0.230868
v 3.351146 1.595030 -0.341269
v 3.383424 1.594134 -0.453199
v 3.402402 1.594466 -0.447785
v 3.401764 1.633938 -0.447967
v 3.369262 1.632710 -0.336101
v 3.382786 1.633606 -0.453382
v 3.351146 1.632710 -0.341269
v 3.316830 1.633021 -0.230258
v 3.340710 1.345066 -0.225614
v 3.369262 1.342833 -0.336101
v 3.335246 1.383367 -0.225004
v 3.322294 1.342522 -0.230868
v 3.351146 1.342833 -0.341269
v 3.383424 1.341937 -0.453199
v 3.402402 1.342269 -0.447784
v 3.401764 1.381741 -0.447966
v 3.369262 1.380513 -0.336101
v 3.382785 1.381409 -0.453381
v 3.351146 1.380513 -0.341269
v 3.316830 1.380824 -0.230258
v 3.473993 1.629791 -0.692792
v 3.439950 1.632024 -0.583873
v 3.469673 1.591489 -0.696194
v 3.455577 1.632335 -0.698046
v 3.421833 1.632024 -0.589041
v 3.390193 1.632920 -0.476929
v 3.409172 1.632588 -0.471515
v 3.408534 1.593116 -0.471697
v 3.439950 1.594344 -0.583873
v 3.389555 1.593448 -0.477111
v 3.421833 1.594344 -0.589041
v 3.451257 1.594033 -0.701448
v 3.473993 1.379064 -0.692791
v 3.439950 1.381296 -0.583872
v 3.469673 1.340762 -0.696193
v 3.409172 1.381861 -0.471514
v 3.408534 1.342389 -0.471696
v 3.439950 1.343617 -0.583872
v 3.389555 1.342721 -0.477111
v 3.421833 1.343617 -0.589041
v 3.451257 1.343306 -0.701447
v 3.058674 2.348787 0.563926
v 3.058675 0.640380 0.563927
v 2.875962 0.495507 1.477736
v 3.150310 0.495507 0.516106
v 3.150310 0.645507 0.516106
v 2.731718 0.645507 1.436584
v 3.006066 0.495507 0.474954
v 3.006066 0.645507 0.474954
v 2.823722 0.640380 1.387469
v 2.823722 2.348787 1.387469
v 2.875962 0.645507 1.477736
v 2.731718 0.495507 1.436584
v 3.057995 0.627361 0.629557
v 3.078974 0.729487 0.556021
v 3.075400 0.627361 0.555001
v 2.861905 2.359431 1.316880
v 2.836988 2.275752 1.404217
v 2.833414 2.359431 1.403197
v 2.821186 2.275729 1.399733
v 3.042193 0.627338 0.625072
v 3.059598 0.627338 0.550517
v 3.063172 0.729464 0.551537
v 2.846102 2.359408 1.312396
v 2.817611 2.359408 1.398713
v 2.276737 2.348518 3.304717
v 2.784281 2.348518 1.525701
v 2.276738 0.640318 3.304718
v 2.784281 0.640318 1.525701
v 2.731713 0.495507 1.436583
v 2.875958 0.495507 1.477735
v 2.327262 0.495507 3.400996
v 2.327262 0.645507 3.400996
v 2.731713 0.645507 1.436583
v 2.875958 0.645507 1.477735
v 2.183018 0.495507 3.359844
v 2.183018 0.645507 3.359844
v 2.635524 1.143933 2.174795
v 2.492851 1.143933 2.674887
v 2.607655 1.863956 2.272480
v 2.635524 1.759445 2.174795
v 2.627361 1.831275 2.203406
v 2.492851 1.759445 2.674887
v 2.520720 1.863956 2.577202
v 2.501013 1.831275 2.646275
v 2.422294 1.158627 2.748341
v 2.757777 1.151623 2.120331
v 2.618954 1.163348 2.080725
v 2.562983 1.068067 2.788479
v 2.562983 1.158627 2.788479
v 2.610492 1.075070 2.074038
v 2.422294 1.068067 2.748341
v 2.749315 1.063346 2.113643
v 2.527113 1.071706 2.414248
v 2.521300 1.147881 2.412590
v 2.650223 1.154988 2.449371
v 2.656036 1.078813 2.451029
v 2.477241 1.076542 2.582018
v 2.477241 1.150152 2.582018
v 2.604066 1.150152 2.618201
v 2.604066 1.076542 2.618201
v 2.700096 1.150152 2.281600
v 2.700096 1.076542 2.281600
v 2.573271 1.076542 2.245418
v 2.573271 1.150152 2.245418
v 2.423540 1.846098 2.756743
v 2.761742 1.842438 2.113495
v 2.625613 1.851269 2.074658
v 2.561923 1.758430 2.796223
v 2.561923 1.846098 2.796223
v 2.615188 1.763661 2.067316
v 2.423540 1.758430 2.756743
v 2.751318 1.754831 2.106152
v 2.532306 1.846534 2.415722
v 2.525288 1.923368 2.413720
v 2.650046 1.923989 2.449312
v 2.656484 1.851887 2.451149
v 2.480986 1.825211 2.587106
v 2.480986 1.900113 2.587106
v 2.602632 1.900113 2.621811
v 2.602632 1.825210 2.621811
v 2.700787 1.900113 2.277762
v 2.700787 1.825210 2.277762
v 2.579141 1.825211 2.243057
v 2.579141 1.900113 2.243057
v 2.443173 1.139773 2.703135
v 2.519425 1.805670 2.718467
v 2.448391 1.805670 2.707349
v 2.534353 1.139773 2.656585
v 2.515210 1.139773 2.723686
v 2.458101 1.808666 2.641252
v 2.462316 1.139773 2.636034
v 2.529135 1.808666 2.652370
v 2.468009 1.474453 2.637592
v 2.444732 1.474453 2.697441
v 2.509516 1.474453 2.722126
v 2.532794 1.474453 2.662278
v 2.461415 1.307113 2.634412
v 2.441551 1.307113 2.704036
v 2.516111 1.307113 2.725307
v 2.535975 1.307113 2.655683
v 2.516112 1.641793 2.725307
v 2.535975 1.641793 2.655684
v 2.461415 1.641793 2.634412
v 2.441551 1.641793 2.704036
v 2.588704 1.139773 2.181529
v 2.671402 1.805670 2.198121
v 2.594394 1.805670 2.186125
v 2.687680 1.139773 2.130645
v 2.666806 1.139773 2.203811
v 2.604982 1.808666 2.114053
v 2.609578 1.139773 2.108363
v 2.681990 1.808666 2.126049
v 2.609378 1.474453 2.109824
v 2.590165 1.474453 2.181729
v 2.667006 1.474453 2.202350
v 2.686219 1.474453 2.130445
v 2.608595 1.307113 2.106595
v 2.586936 1.307113 2.182512
v 2.667789 1.307113 2.205579
v 2.689448 1.307113 2.129662
v 2.665072 1.641793 2.200692
v 2.684561 1.641793 2.132379
v 2.611312 1.641793 2.111482
v 2.591823 1.641793 2.179795
v 2.584574 1.849681 2.454614
v 2.596710 1.147241 2.406730
v 2.581849 1.147241 2.458821
v 2.593948 1.852842 2.403826
v 2.582031 1.500287 2.457792
v 2.595950 1.500287 2.406667
v 2.582275 1.323764 2.460002
v 2.597695 1.323764 2.405952
v 2.581097 1.676811 2.456738
v 2.594973 1.676811 2.408102
v 2.575205 1.852842 2.402029
v 2.566215 1.147241 2.442504
v 2.568852 1.849681 2.442223
v 2.577948 1.147241 2.401377
v 2.567872 1.500287 2.399120
v 2.557036 1.500287 2.439440
v 2.568623 1.323764 2.397658
v 2.556409 1.323764 2.440469
v 2.556965 1.676811 2.438519
v 2.567851 1.676811 2.400364
v 2.517667 1.597263 2.659277
v 2.546220 1.595030 2.548791
v 2.512203 1.635565 2.659888
v 2.499251 1.594719 2.654023
v 2.528103 1.595030 2.543622
v 2.560381 1.594134 2.431692
v 2.579359 1.594466 2.437107
v 2.578721 1.633938 2.436925
v 2.546220 1.632710 2.548791
v 2.559742 1.633606 2.431510
v 2.528103 1.632710 2.543622
v 2.493787 1.633021 2.654634
v 2.517667 1.345066 2.659277
v 2.546220 1.342833 2.548791
v 2.512203 1.383368 2.659888
v 2.499251 1.342522 2.654023
v 2.528103 1.342833 2.543622
v 2.560381 1.341937 2.431692
v 2.579359 1.342269 2.437107
v 2.578721 1.381741 2.436925
v 2.546220 1.380513 2.548791
v 2.559742 1.381409 2.431510
v 2.528103 1.380513 2.543622
v 2.493787 1.380824 2.654634
v 2.650950 1.629791 2.192099
v 2.616907 1.632024 2.301019
v 2.646631 1.591490 2.188698
v 2.632534 1.632335 2.186845
v 2.598790 1.632024 2.295851
v 2.567151 1.632920 2.407963
v 2.586129 1.632588 2.413377
v 2.585491 1.593116 2.413195
v 2.616907 1.594344 2.301019
v 2.566512 1.593448 2.407780
v 2.598790 1.594344 2.295851
v 2.628214 1.594033 2.183444
v 2.650950 1.379064 2.192099
v 2.616907 1.381297 2.301019
v 2.646631 1.340762 2.188698
v 2.586129 1.381861 2.413377
v 2.585491 1.342389 2.413195
v 2.616907 1.343617 2.301019
v 2.566512 1.342721 2.407781
v 2.598790 1.343617 2.295851
v 2.628214 1.343306 2.183444
v 2.000310 2.348787 4.273654
v 2.000310 0.640380 4.273655
v 2.327267 0.495507 3.400997
v 2.052920 0.495507 4.362628
v 2.052920 0.645507 4.362628
v 2.183022 0.645507 3.359845
v 1.908675 0.495507 4.321476
v 1.908675 0.645507 4.321476
v 2.235262 0.640380 3.450112
v 2.235261 2.348787 3.450112
v 2.327267 0.645507 3.400997
v 2.183022 0.495507 3.359845
v 2.034363 0.627361 4.217545
v 2.013383 0.729487 4.291081
v 2.009809 0.627361 4.290061
v 2.230452 2.359431 3.530221
v 2.255368 2.275752 3.442884
v 2.251793 2.359431 3.441864
v 2.239578 2.275729 3.438356
v 2.018573 0.627338 4.213017
v 1.994019 0.627338 4.285533
v 1.997594 0.729464 4.286553
v 2.214662 2.359408 3.525693
v 2.236003 2.359408 3.437336
v 3.900120 4.198375 -2.323570
v 3.900120 2.489969 -2.323570
v 3.717408 2.345097 -1.409760
v 3.991755 2.345097 -2.371390
v 3.991755 2.495097 -2.371390
v 3.573163 2.495097 -1.450912
v 3.847511 2.345097 -2.412542
v 3.847511 2.495097 -2.412542
v 3.665169 2.489969 -1.500027
v 3.665168 4.198375 -1.500027
v 3.717408 2.495097 -1.409760
v 3.573163 2.345097 -1.450912
v 3.899441 2.476950 -2.257939
v 3.920420 2.579077 -2.331476
v 3.916846 2.476950 -2.332495
v 3.703351 4.209020 -1.570615
v 3.678434 4.125341 -1.483278
v 3.674859 4.209020 -1.484298
v 3.662632 4.125318 -1.487763
v 3.883638 2.476927 -2.262424
v 3.901043 2.476927 -2.336979
v 3.904618 2.579053 -2.335960
v 3.687548 4.208997 -1.575100
v 3.659057 4.208997 -1.488783
v 3.118190 4.198106 0.417224
v 3.625733 4.198106 -1.361793
v 3.118191 2.489908 0.417224
v 3.625734 2.489908 -1.361793
v 3.573166 2.345097 -1.450911
v 3.717411 2.345097 -1.409759
v 3.168715 2.345097 0.513503
v 3.168715 2.495097 0.513503
v 3.573166 2.495096 -1.450911
v 3.717411 2.495097 -1.409759
v 3.024471 2.345097 0.472351
v 3.024471 2.495097 0.472351
v 3.476977 2.993523 -0.712699
v 3.334304 2.993523 -0.212606
v 3.449107 3.713545 -0.615014
v 3.476976 3.609034 -0.712699
v 3.468814 3.680864 -0.684088
v 3.334303 3.609034 -0.212606
v 3.362172 3.713545 -0.310291
v 3.342466 3.680864 -0.241218
v 3.263747 3.008216 -0.139153
v 3.599231 3.001213 -0.767163
v 3.460408 3.012937 -0.806768
v 3.404436 2.917656 -0.099015
v 3.404436 3.008216 -0.099015
v 3.451945 2.924660 -0.813455
v 3.263747 2.917656 -0.139153
v 3.590768 2.912935 -0.773849
v 3.368566 2.921295 -0.473245
v 3.362753 2.997470 -0.474904
v 3.491676 3.004577 -0.438123
v 3.497489 2.928403 -0.436464
v 3.318693 2.926131 -0.305475
v 3.318693 2.999741 -0.305475
v 3.445519 2.999741 -0.269293
v 3.445519 2.926131 -0.269293
v 3.541549 2.999741 -0.605893
v 3.541549 2.926131 -0.605893
v 3.414724 2.926131 -0.642076
v 3.414724 2.999741 -0.642076
v 3.264993 3.695687 -0.130750
v 3.603195 3.692028 -0.773999
v 3.467066 3.700858 -0.812836
v 3.403376 3.608019 -0.091270
v 3.403376 3.695688 -0.091270
v 3.456641 3.613250 -0.820177
v 3.264993 3.608020 -0.130750
v 3.592770 3.604420 -0.781341
v 3.373759 3.696124 -0.471771
v 3.366741 3.772958 -0.473773
v 3.491498 3.773578 -0.438181
v 3.497937 3.701477 -0.436344
v 3.322439 3.674800 -0.300387
v 3.322439 3.749702 -0.300387
v 3.444084 3.749702 -0.265682
v 3.444084 3.674800 -0.265682
v 3.542239 3.749702 -0.609731
v 3.542239 3.674800 -0.609731
v 3.420594 3.674800 -0.644436
v 3.420594 3.749702 -0.644436
v 3.284626 2.989362 -0.184359
v 3.360877 3.655259 -0.169025
v 3.289843 3.655259 -0.180145
v 3.375806 2.989362 -0.230908
v 3.356663 2.989362 -0.163807
v 3.299554 3.658255 -0.246242
v 3.303769 2.989362 -0.251460
v 3.370588 3.658256 -0.235123
v 3.309462 3.324042 -0.249901
v 3.286185 3.324042 -0.190053
v 3.350969 3.324042 -0.165367
v 3.374247 3.324042 -0.225215
v 3.302868 3.156702 -0.253081
v 3.283004 3.156702 -0.183457
v 3.357564 3.156702 -0.162186
v 3.377428 3.156702 -0.231810
v 3.357564 3.491382 -0.162186
v 3.377427 3.491382 -0.231810
v 3.302867 3.491382 -0.253081
v 3.283004 3.491382 -0.183457
v 3.430157 2.989362 -0.705965
v 3.512855 3.655259 -0.689373
v 3.435847 3.655259 -0.701369
v 3.529133 2.989362 -0.756848
v 3.508259 2.989362 -0.683683
v 3.446435 3.658255 -0.773440
v 3.451031 2.989362 -0.779130
v 3.523443 3.658255 -0.761444
v 3.450831 3.324042 -0.777670
v 3.431618 3.324042 -0.705765
v 3.508459 3.324042 -0.685143
v 3.527672 3.324042 -0.757049
v 3.450048 3.156702 -0.780898
v 3.428389 3.156702 -0.704981
v 3.509242 3.156702 -0.681915
v 3.530901 3.156702 -0.757832
v 3.506524 3.491382 -0.686802
v 3.526014 3.491382 -0.755115
v 3.452765 3.491382 -0.776011
v 3.433275 3.491382 -0.707699
v 3.426027 3.699270 -0.432879
v 3.438163 2.996830 -0.480763
v 3.423302 2.996830 -0.428672
v 3.435401 3.702431 -0.483667
v 3.423485 3.349876 -0.429701
v 3.437402 3.349876 -0.480826
v 3.423728 3.173353 -0.427492
v 3.439148 3.173353 -0.481542
v 3.422550 3.526400 -0.430755
v 3.436425 3.526400 -0.479391
v 3.416657 3.702431 -0.485465
v 3.407668 2.996830 -0.444989
v 3.410305 3.699270 -0.445270
v 3.419401 2.996830 -0.486116
v 3.409325 3.349876 -0.488373
v 3.398489 3.349876 -0.448053
v 3.410076 3.173353 -0.489836
v 3.397862 3.173353 -0.447024
v 3.398418 3.526400 -0.448974
v 3.409303 3.526400 -0.487129
v 3.359120 3.446852 -0.228216
v 3.387672 3.444620 -0.338702
v 3.353656 3.485154 -0.227606
v 3.340704 3.444309 -0.233470
v 3.369555 3.444620 -0.343871
v 3.401833 3.443724 -0.455801
v 3.420812 3.444056 -0.450387
v 3.420173 3.483527 -0.450569
v 3.387672 3.482299 -0.338702
v 3.401195 3.483196 -0.455983
v 3.369555 3.482299 -0.343871
v 3.335239 3.482610 -0.232860
v 3.359120 3.194655 -0.228216
v 3.387673 3.192422 -0.338702
v 3.353656 3.232957 -0.227606
v 3.340704 3.192111 -0.233470
v 3.369556 3.192422 -0.343871
v 3.401834 3.191526 -0.455801
v 3.420812 3.191858 -0.450386
v 3.420174 3.231330 -0.450568
v 3.387673 3.230102 -0.338702
v 3.401195 3.230998 -0.455983
v 3.369556 3.230102 -0.343871
v 3.335240 3.230413 -0.232860
v 3.492402 3.479381 -0.695394
v 3.458360 3.481613 -0.586474
v 3.488083 3.441079 -0.698796
v 3.473986 3.481924 -0.700648
v 3.440243 3.481613 -0.591643
v 3.408603 3.482509 -0.479531
v 3.427582 3.482177 -0.474116
v 3.426943 3.442706 -0.474298
v 3.458360 3.443933 -0.586474
v 3.407965 3.443038 -0.479713
v 3.440243 3.443933 -0.591643
v 3.469667 3.443623 -0.704050
v 3.492403 3.228653 -0.695394
v 3.458360 3.230886 -0.586474
v 3.488084 3.190352 -0.698796
v 3.427583 3.231450 -0.474116
v 3.426944 3.191978 -0.474298
v 3.458360 3.193206 -0.586474
v 3.407965 3.192310 -0.479713
v 3.440243 3.193206 -0.591643
v 3.469667 3.192895 -0.704050
v 3.077077 4.198375 0.561322
v 3.077077 2.489969 0.561322
v 2.894365 2.345097 1.475132
v 3.168713 2.345097 0.513502
v 3.168713 2.495097 0.513502
v 2.750121 2.495097 1.433980
v 3.024468 2.345097 0.472349
v 3.024468 2.495097 0.472349
v 2.842125 2.489970 1.384865
v 2.842125 4.198375 1.384864
v 2.894365 2.495097 1.475132
v 2.750121 2.345097 1.433980
v 3.076398 2.476950 0.626953
v 3.097377 2.579077 0.553416
v 3.093803 2.476950 0.552396
v 2.880308 4.209020 1.314276
v 2.855391 4.125341 1.401613
v 2.851816 4.209020 1.400593
v 2.839589 4.125318 1.397128
v 3.060596 2.476927 0.622468
v 3.078000 2.476927 0.547912
v 3.081575 2.579054 0.548932
v 2.864506 4.208997 1.309791
v 2.836014 4.208997 1.396108
v 2.295147 4.198106 3.302115
v 2.802690 4.198106 1.523099
v 2.295147 2.489908 3.302116
v 2.802691 2.489908 1.523099
v 2.750124 2.345097 1.433981
v 2.894368 2.345097 1.475133
v 2.345673 2.345097 3.398394
v 2.345673 2.495097 3.398394
v 2.750123 2.495097 1.433981
v 2.894368 2.495097 1.475133
v 2.201428 2.345097 3.357242
v 2.201428 2.495097 3.357242
v 2.653934 2.993523 2.172193
v 2.511261 2.993523 2.672285
v 2.626065 3.713545 2.269878
v 2.653934 3.609035 2.172193
v 2.645771 3.680864 2.200804
v 2.511261 3.609035 2.672285
v 2.539129 3.713545 2.574600
v 2.519423 3.680864 2.643673
v 2.440704 3.008216 2.745739
v 2.776187 3.001213 2.117729
v 2.637365 3.012938 2.078124
v 2.581393 2.917656 2.785877
v 2.581393 3.008216 2.785877
v 2.628902 2.924660 2.071436
v 2.440704 2.917656 2.745739
v 2.767725 2.912935 2.111042
v 2.545523 2.921296 2.411646
v 2.539710 2.997470 2.409988
v 2.668633 3.004577 2.446769
v 2.674446 2.928403 2.448427
v 2.495651 2.926131 2.579417
v 2.495651 2.999741 2.579417
v 2.622476 2.999741 2.615599
v 2.622476 2.926131 2.615599
v 2.718506 2.999741 2.278998
v 2.718506 2.926131 2.278998
v 2.591681 2.926131 2.242816
v 2.591681 2.999741 2.242816
v 2.441950 3.695687 2.754141
v 2.780152 3.692028 2.110893
v 2.644023 3.700858 2.072056
v 2.580333 3.608019 2.793621
v 2.580333 3.695688 2.793621
v 2.633598 3.613251 2.064714
v 2.441950 3.608020 2.754141
v 2.769727 3.604420 2.103551
v 2.550716 3.696124 2.413120
v 2.543699 3.772958 2.411118
v 2.668456 3.773578 2.446710
v 2.674895 3.701477 2.448547
v 2.499396 3.674800 2.584504
v 2.499396 3.749702 2.584504
v 2.621042 3.749702 2.619209
v 2.621042 3.674800 2.619209
v 2.719197 3.749702 2.275161
v 2.719197 3.674800 2.275161
v 2.597551 3.674800 2.240456
v 2.597551 3.749702 2.240456
v 2.461583 2.989362 2.700532
v 2.537835 3.655259 2.715866
v 2.466801 3.655259 2.704747
v 2.552763 2.989362 2.653983
v 2.533620 2.989362 2.721084
v 2.476511 3.658256 2.638649
v 2.480726 2.989362 2.633431
v 2.547545 3.658256 2.649768
v 2.486419 3.324042 2.634991
v 2.463142 3.324042 2.694839
v 2.527926 3.324042 2.719525
v 2.551204 3.324042 2.659677
v 2.479824 3.156702 2.631810
v 2.459961 3.156702 2.701434
v 2.534521 3.156702 2.722705
v 2.554384 3.156702 2.653081
v 2.534521 3.491382 2.722705
v 2.554385 3.491382 2.653081
v 2.479824 3.491382 2.631810
v 2.459961 3.491382 2.701434
v 2.607114 2.989362 2.178927
v 2.689812 3.655259 2.195519
v 2.612804 3.655259 2.183523
v 2.706090 2.989362 2.128043
v 2.685216 2.989362 2.201209
v 2.623392 3.658256 2.111451
v 2.627988 2.989362 2.105762
v 2.700400 3.658256 2.123447
v 2.627788 3.324042 2.107222
v 2.608575 3.324042 2.179127
v 2.685416 3.324042 2.199748
v 2.704629 3.324042 2.127843
v 2.627005 3.156702 2.103993
v 2.605346 3.156702 2.179910
v 2.686199 3.156702 2.202977
v 2.707858 3.156702 2.127060
v 2.683482 3.491382 2.198090
v 2.702971 3.491382 2.129777
v 2.629722 3.491382 2.108880
v 2.610233 3.491382 2.177193
v 2.602983 3.699270 2.452012
v 2.615120 2.996830 2.404128
v 2.600259 2.996830 2.456219
v 2.612358 3.702431 2.401224
v 2.600441 3.349877 2.455191
v 2.614360 3.349877 2.404065
v 2.600685 3.173353 2.457400
v 2.616105 3.173353 2.403350
v 2.599507 3.526400 2.454137
v 2.613383 3.526400 2.405500
v 2.593615 3.702431 2.399427
v 2.584625 2.996830 2.439902
v 2.587262 3.699270 2.439621
v 2.596358 2.996830 2.398776
v 2.586282 3.349877 2.396518
v 2.575446 3.349877 2.436839
v 2.587033 3.173353 2.395056
v 2.574819 3.173353 2.437867
v 2.575375 3.526400 2.435918
v 2.586261 3.526400 2.397763
v 2.536077 3.446852 2.656675
v 2.564629 3.444620 2.546189
v 2.530613 3.485154 2.657286
v 2.517661 3.444309 2.651422
v 2.546512 3.444620 2.541021
v 2.578791 3.443724 2.429091
v 2.597769 3.444056 2.434505
v 2.597131 3.483528 2.434323
v 2.564629 3.482300 2.546189
v 2.578152 3.483196 2.428909
v 2.546512 3.482300 2.541021
v 2.512197 3.482611 2.652032
v 2.536077 3.194655 2.656675
v 2.564629 3.192423 2.546189
v 2.530613 3.232957 2.657286
v 2.517661 3.192112 2.651422
v 2.546512 3.192423 2.541021
v 2.578791 3.191527 2.429091
v 2.597769 3.191859 2.434505
v 2.597131 3.231330 2.434323
v 2.564629 3.230102 2.546189
v 2.578152 3.230999 2.428909
v 2.546512 3.230102 2.541021
v 2.512197 3.230413 2.652032
v 2.669360 3.479381 2.189497
v 2.635317 3.481613 2.298417
v 2.665040 3.441079 2.186096
v 2.650944 3.481925 2.184244
v 2.617200 3.481613 2.293249
v 2.585561 3.482510 2.405361
v 2.604539 3.482178 2.410775
v 2.603901 3.442706 2.410593
v 2.635317 3.443934 2.298417
v 2.584922 3.443038 2.405179
v 2.617200 3.443934 2.293249
v 2.646624 3.443623 2.180842
v 2.669360 3.228654 2.189497
v 2.635317 3.230886 2.298417
v 2.665040 3.190352 2.186096
v 2.604539 3.231450 2.410775
v 2.603901 3.191978 2.410593
v 2.635317 3.193207 2.298417
v 2.584922 3.192310 2.405179
v 2.617200 3.193207 2.293249
v 2.646624 3.192895 2.180842
v 2.018713 4.198375 4.271050
v 2.018713 2.489969 4.271051
v 2.345670 2.345097 3.398393
v 2.071323 2.345097 4.360023
v 2.071322 2.495097 4.360023
v 2.201425 2.495097 3.357241
v 1.927078 2.345097 4.318871
v 1.927078 2.495097 4.318871
v 2.253665 2.489970 3.447508
v 2.253664 4.198375 3.447508
v 2.345670 2.495097 3.398393
v 2.201426 2.345097 3.357241
v 2.052766 2.476950 4.214941
v 2.031786 2.579077 4.288477
v 2.028212 2.476950 4.287457
v 2.248854 4.209020 3.527617
v 2.273771 4.125341 3.440280
v 2.270196 4.209020 3.439260
v 2.257981 4.125318 3.435752
v 2.036976 2.476927 4.210413
v 2.012422 2.476927 4.282929
v 2.015996 2.579054 4.283949
v 2.233064 4.208997 3.523089
v 2.254406 4.208997 3.434732
v -3.731331 -0.004495 2.750814
v -2.769700 0.495505 3.025162
v -3.731331 0.495505 2.750814
v -2.769700 -0.004494 3.025162
v -1.808069 -0.004494 3.299510
v -1.808070 0.495506 3.299509
v 0.115192 -0.004493 3.848204
v 1.076822 0.495507 4.122552
v 0.115192 0.495507 3.848204
v 1.076823 -0.004493 4.122552
v 2.038453 -0.004493 4.396900
v 2.038453 0.495507 4.396899
v -3.187109 -0.004495 0.860990
v -3.461457 0.495505 1.822621
v -3.187109 0.495505 0.860990
v -3.461457 -0.004495 1.822621
v -3.735804 -0.004495 2.784251
v -3.735805 0.495505 2.784251
v -2.638414 -0.004495 -1.062271
v -2.912762 0.495505 -0.100640
v -2.638414 0.495505 -1.062271
v -2.912762 -0.004495 -0.100640
v -3.187109 -0.004495 0.860991
v -3.187109 0.495505 0.860991
v -2.094379 -0.004495 -2.969197
v -2.368727 0.495505 -2.007566
v -2.094379 0.495505 -2.969197
v -2.368727 -0.004495 -2.007566
v -2.643074 -0.004495 -1.045936
v -2.643074 0.495505 -1.045936
v -1.820031 -0.004495 -3.930828
v -2.094379 -0.004495 -2.969197
v -2.094379 0.495505 -2.969197
v -1.820031 0.495505 -3.930828
v 3.954347 -0.004493 -2.318602
v 2.992716 0.495507 -2.592949
v 3.954347 0.495507 -2.318602
v 2.992716 -0.004493 -2.592949
v 2.031085 -0.004494 -2.867297
v 2.031085 0.495506 -2.867297
v 0.107824 -0.004494 -3.415992
v -0.853807 0.495505 -3.690340
v 0.107824 0.495506 -3.415992
v -0.853806 -0.004495 -3.690340
v -1.815437 -0.004495 -3.964687
v -1.815437 0.495505 -3.964687
v 1.926766 -0.004494 -2.897059
v 0.965135 0.495506 -3.171406
v 1.926765 0.495506 -2.897059
v 0.965135 -0.004494 -3.171406
v 0.003504 -0.004495 -3.445754
v 0.003504 0.495505 -3.445754
v 3.239848 -0.004493 -0.438076
v 3.514196 0.495507 -1.399706
v 3.239848 0.495507 -0.438076
v 3.514196 -0.004493 -1.399706
v 3.788544 -0.004493 -2.361336
v 3.788543 0.495507 -2.361336
v 2.691153 -0.004493 1.485186
v 2.965501 0.495507 0.523555
v 2.691153 0.495507 1.485186
v 2.965501 -0.004493 0.523555
v 3.239849 -0.004493 -0.438075
v 3.239848 0.495507 -0.438076
v 2.147118 -0.004493 3.392112
v 2.421466 0.495507 2.430481
v 2.147118 0.495507 3.392111
v 2.421466 -0.004493 2.430481
v 2.695814 -0.004493 1.468850
v 2.695813 0.495507 1.468850
v 1.872771 -0.004493 4.353742
v 2.147118 -0.004493 3.392112
v 2.147118 0.495507 3.392111
v 1.872770 0.495507 4.353742
v -1.884952 4.343686 3.308491
v -1.841055 2.489968 3.154630
v -1.884951 2.489968 3.308491
v -1.687195 4.343686 3.198525
v -1.841056 4.343686 3.154630
v -1.731090 2.489968 3.352386
v -1.731091 4.343686 3.352386
v -1.687195 2.489968 3.198525
v -1.734902 2.500000 3.355097
v -1.927819 -0.000001 3.323840
v -1.719184 -0.000000 3.383363
v -1.852580 2.500000 3.143470
v -1.899555 2.500000 3.308123
v -1.659662 -0.000000 3.174727
v -1.687928 2.500000 3.190444
v -1.868297 -0.000001 3.115205
v -1.686635 1.250000 3.189726
v -1.734183 1.250000 3.356390
v -1.900847 1.250000 3.308841
v -1.853299 1.250000 3.142177
v -1.916152 0.635200 3.308618
v -1.865686 0.635200 3.131727
v -1.678340 0.635200 3.185176
v -1.728806 0.635200 3.362067
v -1.916036 0.302299 3.317349
v -1.861712 0.302299 3.126936
v -1.671298 0.302299 3.181260
v -1.725622 0.302299 3.371674
v -1.695508 1.875000 3.194659
v -1.739117 1.875000 3.347517
v -1.891975 1.875000 3.303908
v -1.848366 1.875000 3.151050
v 0.235333 2.500000 3.739139
v 0.204077 0.000000 3.932058
v 0.263600 0.000000 3.723422
v 0.023707 2.500000 3.856817
v 0.188359 2.500000 3.903792
v 0.054965 0.000000 3.663900
v 0.070681 2.500000 3.692165
v -0.004558 0.000000 3.872535
v 0.070865 1.250000 3.692495
v 0.235003 1.250000 3.739323
v 0.188176 1.250000 3.903462
v 0.024037 1.250000 3.856634
v 0.185199 0.625000 3.912958
v 0.019148 0.625000 3.865584
v 0.069322 0.625000 3.689719
v 0.235372 0.625000 3.737092
v 0.193396 0.312500 3.912849
v 0.014651 0.312500 3.861854
v 0.065646 0.312500 3.683109
v 0.244391 0.312500 3.734103
v 0.072297 1.875000 3.695071
v 0.232428 1.875000 3.740755
v 0.186743 1.875000 3.900886
v 0.026613 1.875000 3.855202
v -3.796675 2.499999 2.766885
v -3.765417 -0.000001 2.573967
v -3.824940 -0.000001 2.782603
v -3.585049 2.499999 2.649207
v -3.749701 2.499999 2.602233
v -3.616305 -0.000001 2.842125
v -3.632023 2.499999 2.813859
v -3.556782 -0.000001 2.633490
v -3.635879 1.249999 2.806924
v -3.789740 1.249999 2.763029
v -3.745844 1.249999 2.609168
v -3.591984 1.249999 2.653064
v -3.746540 0.624999 2.593067
v -3.580489 0.624999 2.640441
v -3.630662 0.624999 2.816306
v -3.796713 0.624999 2.768933
v -3.754736 0.312499 2.593176
v -3.575991 0.312499 2.644171
v -3.626986 0.312499 2.822917
v -3.805732 0.312499 2.771922
v -3.641444 1.874999 2.796916
v -3.779732 1.874999 2.757464
v -3.740279 1.874999 2.619176
v -3.601992 1.874999 2.658629
v -3.524253 2.499999 1.812004
v -3.492995 -0.000001 1.619086
v -3.552518 -0.000001 1.827722
v -3.312627 2.499999 1.694325
v -3.477279 2.499999 1.647351
v -3.343883 -0.000001 1.887244
v -3.359601 2.499999 1.858978
v -3.284360 -0.000001 1.678608
v -3.355685 1.249999 1.866021
v -3.531296 1.249999 1.815920
v -3.481195 1.249999 1.640309
v -3.305583 1.249999 1.690409
v -3.474118 0.624999 1.638186
v -3.308067 0.624999 1.685559
v -3.358240 0.624999 1.861424
v -3.524291 0.624999 1.814051
v -3.482314 0.312499 1.638295
v -3.303569 0.312499 1.689290
v -3.354564 0.312499 1.868035
v -3.533310 0.312499 1.817040
v -3.361433 1.874999 1.855684
v -3.520959 1.874999 1.810172
v -3.475447 1.874999 1.650646
v -3.315921 1.874999 1.696158
v -2.812379 2.499999 -0.059117
v -3.005297 -0.000001 -0.090374
v -2.796661 -0.000001 -0.030850
v -2.930057 2.499999 -0.270743
v -2.977032 2.499999 -0.106091
v -2.737139 -0.000001 -0.239486
v -2.765405 2.499999 -0.223769
v -2.945775 -0.000001 -0.299009
v -2.772340 1.249999 -0.219913
v -2.816236 1.249999 -0.066051
v -2.970096 1.249999 -0.109947
v -2.926201 1.249999 -0.263808
v -2.986197 0.624999 -0.109251
v -2.938823 0.624999 -0.275302
v -2.762958 0.624999 -0.225129
v -2.810332 0.624999 -0.059078
v -2.986088 0.312499 -0.101055
v -2.935093 0.312499 -0.279800
v -2.756348 0.312499 -0.228805
v -2.807343 0.312499 -0.050059
v -2.782348 1.874999 -0.214347
v -2.821801 1.874999 -0.076060
v -2.960088 1.874999 -0.115513
v -2.920635 1.874999 -0.253800
v -2.701935 2.499999 -1.070349
v -2.670677 -0.000001 -1.263266
v -2.730200 -0.000001 -1.054631
v -2.490308 2.499999 -1.188026
v -2.654961 2.499999 -1.235001
v -2.521564 -0.000001 -0.995108
v -2.537282 2.499999 -1.023375
v -2.462042 -0.000001 -1.203743
v -2.537818 1.249999 -1.024336
v -2.700972 1.249999 -1.070883
v -2.654425 1.249999 -1.234038
v -2.491271 1.249999 -1.187491
v -2.651799 0.624999 -1.244166
v -2.485749 0.624999 -1.196793
v -2.535922 0.624999 -1.020927
v -2.701973 0.624999 -1.068301
v -2.659996 0.312499 -1.244057
v -2.481251 0.312499 -1.193061
v -2.532246 0.312499 -1.014317
v -2.710991 0.312499 -1.065311
v -2.542069 1.874999 -1.031981
v -2.693327 1.874999 -1.075135
v -2.650174 1.874999 -1.226393
v -2.498916 1.874999 -1.183239
v -3.777953 4.343686 2.768429
v -3.734056 2.489967 2.614568
v -3.777952 2.489967 2.768429
v -3.580196 4.343686 2.658463
v -3.734057 4.343686 2.614568
v -3.624092 2.489967 2.812325
v -3.624092 4.343686 2.812324
v -3.580196 2.489967 2.658463
v -3.505598 4.343686 1.813782
v -3.461701 2.489967 1.659922
v -3.505597 2.489967 1.813783
v -3.307841 4.343686 1.703817
v -3.461702 4.343686 1.659921
v -3.351737 2.489967 1.857678
v -3.351737 4.343686 1.857678
v -3.307841 2.489967 1.703817
v -2.956232 4.343686 -0.111827
v -2.912336 2.489967 -0.265688
v -2.956232 2.489967 -0.111827
v -2.758476 4.343686 -0.221792
v -2.912337 4.343686 -0.265688
v -2.802371 2.489967 -0.067932
v -2.802372 4.343686 -0.067932
v -2.758475 2.489967 -0.221792
v -2.679958 4.343686 -1.080211
v -2.636062 2.489967 -1.234072
v -2.679957 2.489967 -1.080211
v -2.482202 4.343686 -1.190176
v -2.636063 4.343686 -1.234072
v -2.526097 2.489967 -1.036315
v -2.526098 4.343686 -1.036315
v -2.482201 2.489967 -1.190176
v -1.942362 2.499999 -3.108661
v -1.973619 -0.000001 -2.915743
v -1.914096 -0.000001 -3.124378
v -2.153989 2.499999 -2.990983
v -1.989336 2.499999 -2.944009
v -2.122731 -0.000001 -3.183900
v -2.107014 2.499999 -3.155635
v -2.182254 -0.000001 -2.975265
v -2.103158 1.249999 -3.148700
v -1.949297 1.249999 -3.104804
v -1.993193 1.249999 -2.950943
v -2.147053 1.249999 -2.994839
v -1.992497 0.624999 -2.934843
v -2.158547 0.624999 -2.982216
v -2.108374 0.624999 -3.158081
v -1.942323 0.624999 -3.110708
v -1.984300 0.312499 -2.934951
v -2.163045 0.312499 -2.985946
v -2.112050 0.312499 -3.164691
v -1.933304 0.312499 -3.113697
v -2.097593 1.874999 -3.138692
v -1.959305 1.874999 -3.099239
v -1.998758 1.874999 -2.960952
v -2.137045 1.874999 -3.000404
v -1.883497 2.499999 -3.939099
v -1.852239 -0.000001 -4.132017
v -1.911762 -0.000001 -3.923381
v -1.671870 2.499999 -4.056777
v -1.836523 2.499998 -4.103751
v -1.703126 -0.000001 -3.863859
v -1.718845 2.499999 -3.892125
v -1.643604 -0.000001 -4.072494
v -1.722701 1.249999 -3.899060
v -1.876561 1.249999 -3.942955
v -1.832666 1.249999 -4.096816
v -1.678805 1.249999 -4.052920
v -1.833361 0.624999 -4.112916
v -1.667310 0.624999 -4.065544
v -1.717484 0.624999 -3.889678
v -1.883534 0.624999 -3.937051
v -1.841558 0.312499 -4.112808
v -1.662813 0.312499 -4.061813
v -1.713808 0.312499 -3.883069
v -1.892553 0.312499 -3.934062
v -1.728266 1.874999 -3.909068
v -1.866553 1.874999 -3.948520
v -1.827101 1.874999 -4.086808
v -1.688813 1.874999 -4.047355
v -2.133190 4.343686 -2.996718
v -2.089293 2.489967 -3.150578
v -2.133189 2.489967 -2.996718
v -1.935433 4.343686 -3.106683
v -2.089294 4.343686 -3.150579
v -1.979329 2.489967 -2.952823
v -1.979329 4.343686 -2.952823
v -1.935432 2.489967 -3.106683
v -1.872050 4.343686 -3.912053
v -1.828154 2.489967 -4.065913
v -1.872049 2.489967 -3.912052
v -1.674294 4.343686 -4.022018
v -1.828155 4.343686 -4.065914
v -1.718189 2.489967 -3.868157
v -1.718189 4.343686 -3.868158
v -1.674293 2.489967 -4.022017
v 0.030698 4.343687 3.855014
v 0.074594 2.489969 3.701153
v 0.030699 2.489969 3.855014
v 0.228454 4.343687 3.745049
v 0.074593 4.343687 3.701153
v 0.184559 2.489969 3.898910
v 0.184559 4.343687 3.898910
v 0.228455 2.489969 3.745049
v 2.107960 4.343687 -2.876280
v 2.064065 2.489969 -2.722419
v 2.107961 2.489969 -2.876280
v 1.910204 4.343687 -2.766315
v 2.064065 4.343687 -2.722419
v 1.954101 2.489969 -2.920176
v 1.954100 4.343687 -2.920176
v 1.910205 2.489969 -2.766315
v -0.012319 2.499999 -3.306927
v 0.018938 -0.000001 -3.499845
v -0.040584 -0.000001 -3.291209
v 0.199307 2.499999 -3.424605
v 0.034655 2.499999 -3.471579
v 0.168051 -0.000001 -3.231687
v 0.152333 2.499999 -3.259953
v 0.227574 -0.000001 -3.440322
v 0.152150 1.249999 -3.260283
v -0.011989 1.249999 -3.307110
v 0.034839 1.249999 -3.471248
v 0.198977 1.249999 -3.424421
v 0.037816 0.624999 -3.480744
v 0.203867 0.624999 -3.433372
v 0.153694 0.624999 -3.257506
v -0.012357 0.624999 -3.304880
v 0.029620 0.312499 -3.480636
v 0.208365 0.312499 -3.429641
v 0.157370 0.312499 -3.250896
v -0.021376 0.312499 -3.301890
v 0.150717 1.874999 -3.262858
v -0.009413 1.874999 -3.308543
v 0.036271 1.874999 -3.468673
v 0.196402 1.874999 -3.422989
v 0.192318 4.343686 -3.422801
v 0.148423 2.489968 -3.268940
v 0.192319 2.489968 -3.422801
v -0.005438 4.343686 -3.312836
v 0.148423 4.343686 -3.268940
v 0.038459 2.489968 -3.466696
v 0.038458 4.343686 -3.466697
v -0.005437 2.489968 -3.312836
v 2.055044 2.500000 -2.717121
v 1.862127 -0.000000 -2.748377
v 2.070763 0.000000 -2.688855
v 1.937366 2.500000 -2.928748
v 1.890392 2.500000 -2.764095
v 2.130285 0.000000 -2.897490
v 2.102019 2.500000 -2.881774
v 1.921650 -0.000000 -2.957013
v 2.101689 1.250000 -2.881588
v 2.054861 1.250000 -2.717451
v 1.890723 1.250000 -2.764278
v 1.937551 1.250000 -2.928417
v 1.881227 0.625000 -2.767255
v 1.928600 0.625000 -2.933306
v 2.104465 0.625000 -2.883133
v 2.057092 0.625000 -2.717082
v 1.881336 0.312500 -2.759059
v 1.932331 0.312500 -2.937804
v 2.111076 0.312500 -2.886809
v 2.060082 0.312500 -2.708064
v 2.099113 1.875000 -2.880157
v 2.053429 1.875000 -2.720026
v 1.893298 1.875000 -2.765711
v 1.938982 1.875000 -2.925841
v 3.741999 2.500001 -1.490696
v 3.710743 0.000001 -1.297778
v 3.770266 0.000001 -1.506413
v 3.530373 2.500001 -1.373018
v 3.695025 2.500001 -1.326044
v 3.561631 0.000001 -1.565936
v 3.577348 2.500001 -1.537670
v 3.502108 0.000001 -1.357300
v 3.573432 1.250001 -1.544712
v 3.749043 1.250001 -1.494611
v 3.698942 1.250001 -1.319001
v 3.523330 1.250001 -1.369102
v 3.691865 0.625001 -1.316878
v 3.525814 0.625001 -1.364251
v 3.575989 0.625001 -1.540116
v 3.742039 0.625001 -1.492743
v 3.700062 0.312501 -1.316987
v 3.521317 0.312501 -1.367981
v 3.572312 0.312501 -1.546726
v 3.751057 0.312501 -1.495731
v 3.579180 1.875001 -1.534376
v 3.738706 1.875001 -1.488864
v 3.693194 1.875001 -1.329338
v 3.533668 1.875001 -1.374850
v 3.030126 2.500001 0.380425
v 3.223045 0.000001 0.411682
v 3.014409 0.000001 0.352160
v 3.147804 2.500001 0.592051
v 3.194778 2.500001 0.427399
v 2.954887 0.000001 0.560795
v 2.983151 2.500001 0.545077
v 3.163522 0.000001 0.620317
v 2.990087 1.250001 0.541221
v 3.033983 1.250001 0.387360
v 3.187844 1.250001 0.431256
v 3.143948 1.250001 0.585116
v 3.203945 0.625001 0.430560
v 3.156572 0.625001 0.596611
v 2.980706 0.625001 0.546438
v 3.028079 0.625001 0.380386
v 3.203836 0.312501 0.422363
v 3.152841 0.312501 0.601108
v 2.974096 0.312501 0.550113
v 3.025091 0.312501 0.371368
v 3.000095 1.875001 0.535655
v 3.039548 1.875001 0.397368
v 3.177835 1.875001 0.436821
v 3.138383 1.875001 0.575108
v 2.919681 2.500001 1.391655
v 2.888425 0.000001 1.584574
v 2.947948 0.000001 1.375939
v 2.708055 2.500001 1.509334
v 2.872707 2.500001 1.556308
v 2.739313 0.000001 1.316416
v 2.755029 2.500001 1.344681
v 2.679790 0.000001 1.525052
v 2.755565 1.250001 1.345644
v 2.918720 1.250001 1.392191
v 2.872173 1.250001 1.555346
v 2.709018 1.250001 1.508798
v 2.869548 0.625001 1.565474
v 2.703496 0.625001 1.518101
v 2.753670 0.625001 1.342236
v 2.919721 0.625001 1.389609
v 2.877744 0.312501 1.565365
v 2.698999 0.312501 1.514370
v 2.749994 0.312501 1.335625
v 2.928739 0.312501 1.386620
v 2.759816 1.875001 1.353289
v 2.911074 1.875001 1.396442
v 2.867921 1.875001 1.547700
v 2.716663 1.875001 1.504547
v 2.160109 2.500001 3.429969
v 2.191366 0.000001 3.237051
v 2.131844 0.000001 3.445687
v 2.371735 2.500001 3.312291
v 2.207083 2.500001 3.265316
v 2.340479 0.000001 3.505209
v 2.324761 2.500001 3.476943
v 2.400002 0.000001 3.296573
v 2.320905 1.250001 3.470008
v 2.167044 1.250001 3.426112
v 2.210940 1.250001 3.272252
v 2.364801 1.250001 3.316147
v 2.210244 0.625001 3.256151
v 2.376295 0.625001 3.303524
v 2.326122 0.625001 3.479390
v 2.160071 0.625001 3.432016
v 2.202048 0.312501 3.256260
v 2.380793 0.312501 3.307255
v 2.329798 0.312501 3.486000
v 2.151053 0.312501 3.435005
v 2.315340 1.875001 3.460000
v 2.177052 1.875001 3.420547
v 2.216505 1.875001 3.282260
v 2.354792 1.875001 3.321712
v 2.096638 2.500001 4.276547
v 2.065382 0.000001 4.469466
v 2.124905 0.000001 4.260830
v 1.885012 2.500001 4.394226
v 2.049664 2.500001 4.441200
v 1.916270 0.000001 4.201308
v 1.931986 2.500001 4.229573
v 1.856747 0.000001 4.409944
v 1.935843 1.250001 4.236508
v 2.089704 1.250001 4.280404
v 2.045808 1.250001 4.434265
v 1.891948 1.250001 4.390369
v 2.046504 0.625001 4.450366
v 1.880453 0.625001 4.402993
v 1.930627 0.625001 4.227128
v 2.096678 0.625001 4.274501
v 2.054701 0.312501 4.450257
v 1.875956 0.312501 4.399262
v 1.926951 0.312501 4.220517
v 2.105696 0.312501 4.271512
v 1.941408 1.875001 4.246517
v 2.079695 1.875001 4.285969
v 2.040243 1.875001 4.424257
v 1.901955 1.875001 4.384804
v 3.949699 2.500001 -2.218715
v 3.756782 0.000001 -2.249971
v 3.965418 0.000001 -2.190448
v 3.832021 2.500001 -2.430342
v 3.785047 2.500001 -2.265688
v 4.024940 0.000001 -2.399084
v 3.996673 2.500001 -2.383368
v 3.816304 0.000001 -2.458607
v 3.996344 1.250001 -2.383182
v 3.949517 1.250001 -2.219044
v 3.785378 1.250001 -2.265872
v 3.832205 1.250001 -2.430011
v 3.775882 0.625001 -2.268848
v 3.823255 0.625001 -2.434900
v 3.999120 0.625001 -2.384727
v 3.951747 0.625001 -2.218675
v 3.775991 0.312501 -2.260652
v 3.826986 0.312501 -2.439397
v 4.005731 0.312501 -2.388402
v 3.954736 0.312501 -2.209657
v 3.993768 1.875001 -2.381751
v 3.948084 1.875001 -2.221620
v 3.787953 1.875001 -2.267304
v 3.833637 1.875001 -2.427435
v 3.741746 4.343688 -1.495078
v 3.697851 2.489969 -1.341218
v 3.741747 2.489969 -1.495078
v 3.543989 4.343688 -1.385113
v 3.697850 4.343688 -1.341218
v 3.587887 2.489969 -1.538974
v 3.587885 4.343688 -1.538974
v 3.543990 2.489969 -1.385113
v 3.192381 4.343688 0.430531
v 3.148486 2.489970 0.584392
v 3.192382 2.489970 0.430531
v 2.994624 4.343688 0.540496
v 3.148485 4.343688 0.584392
v 3.038521 2.489969 0.386635
v 3.038520 4.343688 0.386635
v 2.994625 2.489969 0.540496
v 2.916106 4.343688 1.398915
v 2.872211 2.489970 1.552776
v 2.916107 2.489970 1.398916
v 2.718350 4.343688 1.508880
v 2.872211 4.343688 1.552776
v 2.762246 2.489970 1.355020
v 2.762245 4.343688 1.355020
v 2.718351 2.489970 1.508881
v 2.369338 4.343688 3.315422
v 2.325443 2.489970 3.469283
v 2.369339 2.489970 3.315422
v 2.171582 4.343688 3.425387
v 2.325443 4.343688 3.469283
v 2.215478 2.489970 3.271527
v 2.215477 4.343688 3.271526
v 2.171582 2.489970 3.425387
v 2.108199 4.343688 4.230756
v 2.064303 2.489970 4.384617
v 2.108199 2.489970 4.230756
v 1.910443 4.343688 4.340721
v 2.064303 4.343688 4.384616
v 1.954339 2.489970 4.186861
v 1.954338 4.343688 4.186860
v 1.910443 2.489970 4.340721
v 3.985253 4.343688 -2.348607
v 3.941357 2.489969 -2.194745
v 3.985253 2.489969 -2.348607
v 3.787496 4.343687 -2.238641
v 3.941357 4.343688 -2.194745
v 3.831393 2.489969 -2.392502
v 3.831392 4.343687 -2.392502
v 3.787497 2.489969 -2.238641
v -0.025045 6.259692 0.697099
v -0.299392 6.259692 1.658729
v -0.755924 5.809053 0.488583
v -1.030272 5.809053 1.450214
v -0.573740 6.259692 2.620360
v -1.304619 5.809053 2.411844
v -1.602881 5.252886 0.246951
v -2.151577 5.252887 2.170213
v -1.877229 5.252886 1.208582
v -2.333760 4.802248 0.038436
v -2.608108 4.802248 1.000067
v -2.882455 4.802248 1.961697
v -3.427954 4.258785 0.766169
v -3.699705 4.260506 1.728541
v -3.157332 4.256315 -0.196524
v -3.435750 4.260992 0.806112
v -3.469062 4.249167 0.855262
v -3.469680 4.261029 0.925260
v -3.505479 4.252878 1.004130
v -3.510546 4.262555 1.077227
v -3.553876 4.257768 1.201732
v -3.560363 4.267510 1.280178
v -3.607682 4.245893 1.322426
v -3.609542 4.260133 1.410375
v -3.633625 4.263316 1.512987
v -3.665326 4.252161 1.560316
v -3.685737 4.259923 1.676247
v -3.171941 4.262100 -0.112237
v -3.213058 4.244882 -0.066572
v -3.235080 4.260853 0.101940
v -3.262868 4.251884 0.148056
v -3.303942 4.263019 0.355697
v -3.343678 4.250923 0.425813
v -3.355619 4.258368 0.510242
v -3.379678 4.261036 0.609825
v -3.421167 4.242845 0.651232
v -3.420050 4.256463 0.725188
v -3.066974 4.316212 -0.170745
v -3.615669 4.316212 1.752516
v -3.341322 4.316212 0.790885
v -0.663638 6.411406 2.594713
v -0.477297 6.411406 2.647875
v -0.663638 6.224027 2.594713
v -0.477297 6.224027 2.647875
v -3.538895 4.201526 1.774420
v -3.394650 4.351525 1.815572
v -3.538894 4.351525 1.774420
v -3.394651 4.201526 1.815572
v -0.389291 6.411406 1.633082
v -0.202949 6.411406 1.686244
v -0.389290 6.224787 1.633082
v -0.202949 6.224787 1.686244
v -0.114943 6.411406 0.671451
v 0.071398 6.411406 0.724613
v -0.114943 6.224027 0.671451
v 0.071398 6.224027 0.724613
v -3.264547 4.201525 0.812788
v -2.990199 4.201526 -0.148842
v -2.990199 4.351525 -0.148842
v -3.120303 4.351525 0.853940
v -2.845955 4.201526 -0.107690
v -2.845955 4.351525 -0.107690
v -3.264547 4.351525 0.812788
v -3.120303 4.201525 0.853940
v -0.025045 6.259692 0.697099
v -0.299393 6.259692 1.658729
v 0.705835 5.809054 0.905614
v 0.431487 5.809054 1.867245
v -0.573740 6.259692 2.620360
v 0.157139 5.809054 2.828876
v 1.552792 5.252888 1.147246
v 1.004097 5.252888 3.070508
v 1.278445 5.252888 2.108877
v 2.283672 4.802249 1.355762
v 2.009324 4.802249 2.317393
v 1.734976 4.802249 3.279023
v 2.829170 4.258787 2.551290
v 2.552226 4.260509 3.512180
v 3.107244 4.256317 1.590722
v 2.814717 4.260993 2.589333
v 2.817081 4.249169 2.648661
v 2.780673 4.261032 2.708448
v 2.769468 4.252880 2.794335
v 2.735203 4.262557 2.859102
v 2.706316 4.257770 2.987728
v 2.670435 4.267513 3.057788
v 2.688340 4.245895 3.118643
v 2.643514 4.260135 3.194335
v 2.609829 4.263318 3.294207
v 2.611785 4.252162 3.351138
v 2.567953 4.259925 3.460388
v 3.075180 4.262103 1.670030
v 3.086013 4.244884 1.730515
v 3.015805 4.260855 1.885280
v 3.015079 4.251885 1.939116
v 2.940408 4.263021 2.137173
v 2.937167 4.250925 2.217700
v 2.902762 4.258370 2.295720
v 2.870655 4.261038 2.393008
v 2.884051 4.242847 2.450073
v 2.844079 4.256465 2.512307
v 3.016886 4.316215 1.564944
v 2.468191 4.316215 3.488205
v 2.742538 4.316215 2.526574
v 2.391416 4.201527 3.466302
v 2.247171 4.351528 3.425150
v 2.391415 4.351527 3.466302
v 2.247172 4.201527 3.425150
v 2.665763 4.201527 2.504671
v 2.940111 4.201527 1.543040
v 2.940110 4.351527 1.543040
v 2.521519 4.351527 2.463519
v 2.795867 4.201527 1.501888
v 2.795867 4.351528 1.501888
v 2.665763 4.351527 2.504671
v 2.521519 4.201527 2.463519
v -0.573740 6.259692 2.620360
v -0.848088 6.259692 3.581991
v -1.304620 5.809053 2.411845
v -1.578967 5.809053 3.373476
v -2.151577 5.252887 2.170213
v -2.425924 5.252887 3.131844
v -2.882456 4.802248 1.961698
v -3.156803 4.802248 2.923329
v -3.976649 4.258785 2.689431
v -3.706028 4.256315 1.726737
v -3.720637 4.262100 1.811025
v -3.761753 4.244882 1.856689
v -3.783775 4.260853 2.025201
v -3.811564 4.251884 2.071317
v -3.852637 4.263019 2.278959
v -3.892373 4.250923 2.349074
v -3.904314 4.258368 2.433503
v -3.928373 4.261036 2.533087
v -3.969862 4.242845 2.574494
v -3.968745 4.256463 2.648450
v -3.615669 4.316212 1.752516
v -3.890017 4.316212 2.714147
v -0.999857 6.436138 3.679605
v -0.764125 6.436138 3.746857
v -0.999857 6.200055 3.679605
v -0.764125 6.200055 3.746857
v -0.663638 6.411406 2.594713
v -0.477297 6.411406 2.647875
v -0.663638 6.224027 2.594713
v -0.477297 6.224027 2.647875
v -3.813242 4.201525 2.736051
v -3.538895 4.201526 1.774420
v -3.538894 4.351525 1.774420
v -3.668998 4.351526 2.777203
v -3.394651 4.201526 1.815572
v -3.394651 4.351525 1.815572
v -3.813242 4.351525 2.736050
v -3.668998 4.201525 2.777203
v -0.573740 6.259692 2.620360
v -0.848088 6.259692 3.581991
v 0.157139 5.809054 2.828876
v -0.117208 5.809054 3.790507
v 1.004097 5.252888 3.070508
v 0.729749 5.252888 4.032139
v 1.734976 4.802249 3.279024
v 1.460629 4.802249 4.240654
v 2.280475 4.258787 4.474552
v 2.558548 4.256317 3.513984
v 2.526485 4.262103 3.593292
v 2.537317 4.244884 3.653777
v 2.467111 4.260855 3.808542
v 2.466383 4.251885 3.862379
v 2.391713 4.263021 4.060435
v 2.388472 4.250925 4.140962
v 2.354067 4.258370 4.218982
v 2.321960 4.261038 4.316270
v 2.335355 4.242847 4.373335
v 2.295384 4.256465 4.435569
v 2.468190 4.316215 3.488205
v 2.193843 4.316215 4.449836
v 2.117068 4.201527 4.427933
v 2.391415 4.201527 3.466302
v 2.391415 4.351527 3.466302
v 1.972823 4.351527 4.386781
v 2.247171 4.201527 3.425150
v 2.247171 4.351528 3.425150
v 2.117068 4.351527 4.427933
v 1.972824 4.201527 4.386781
v -0.863855 6.224515 3.296504
v -0.677514 6.224515 3.349666
v -0.863855 6.411406 3.296504
v -0.677514 6.411406 3.349666
v -1.721899 5.666320 3.272927
v 0.057118 5.666321 3.780470
v -1.721898 4.346337 3.272927
v 0.057118 4.346338 3.780470
v 0.146237 4.201527 3.727902
v 0.105084 4.201527 3.872147
v -1.818177 4.201526 3.323452
v -1.818177 4.351526 3.323452
v 0.146237 4.351527 3.727902
v 0.105084 4.351527 3.872147
v -1.777025 4.201526 3.179207
v -1.777025 4.351526 3.179207
v -0.832390 4.346337 3.526699
v -0.832391 6.259692 3.526698
v -1.866143 5.564347 3.231775
v -1.866143 4.346337 3.231775
v -1.777025 4.201526 3.179208
v -1.818177 4.201526 3.323452
v -3.741438 4.201525 2.774757
v -3.741438 4.351525 2.774757
v -1.777025 4.351526 3.179207
v -1.818177 4.351526 3.323452
v -3.700286 4.201525 2.630512
v -3.700286 4.351525 2.630512
v -3.720862 4.346336 2.702635
v 0.194201 5.564348 3.819579
v 0.194201 4.346338 3.819579
v 0.146236 4.201527 3.727902
v 0.105083 4.201527 3.872147
v 2.028345 4.201527 4.420842
v 2.028345 4.351527 4.420842
v 0.146236 4.351527 3.727902
v 0.105083 4.351527 3.872147
v 2.069497 4.201527 4.276597
v 2.069497 4.351527 4.276597
v 2.048921 4.346338 4.348720
v -1.721899 5.666320 3.272927
v 0.057118 5.666321 3.780470
v -0.925083 6.339117 3.582335
v -4.000495 4.290530 2.538554
v -4.044391 4.290531 2.692416
v -0.799030 6.203837 3.451914
v -0.881187 6.339118 3.428475
v -3.962233 4.155251 2.715854
v -0.842925 6.203837 3.605774
v -3.918338 4.155251 2.561993
v 0.049958 5.666321 3.778427
v -1.729059 5.666320 3.270884
v -0.790169 6.339117 3.620826
v 2.373037 4.290533 4.356885
v 2.329141 4.290533 4.510746
v -0.828430 6.203837 3.443526
v -0.746273 6.339118 3.466965
v 2.246984 4.155253 4.487307
v -0.872326 6.203837 3.597386
v 2.290879 4.155252 4.333446
v -1.884947 5.666320 3.308492
v -1.841051 4.346337 3.154631
v -1.884947 4.346337 3.308492
v -1.687190 5.666320 3.198527
v -1.841051 5.666320 3.154631
v -1.731086 4.346337 3.352388
v -1.731086 5.666320 3.352387
v -1.687190 4.346337 3.198527
v 0.030698 5.666321 3.855014
v 0.074594 4.346338 3.701153
v 0.030699 4.346338 3.855014
v 0.228455 5.666321 3.745049
v 0.074594 5.666321 3.701153
v 0.184559 4.346338 3.898910
v 0.184559 5.666321 3.898910
v 0.228455 4.346338 3.745049
v 0.249303 6.259691 -0.264531
v -0.025045 6.259692 0.697099
v -0.481577 5.809053 -0.473047
v -0.755924 5.809053 0.488584
v -1.328534 5.252886 -0.714679
v -1.602881 5.252886 0.246952
v -2.059412 4.802248 -0.923195
v -2.333760 4.802248 0.038436
v -3.153606 4.258785 -0.195460
v -2.882985 4.256315 -1.158154
v -2.897594 4.262100 -1.073867
v -2.938710 4.244882 -1.028203
v -2.960732 4.260853 -0.859690
v -2.988521 4.251884 -0.813574
v -3.029594 4.263019 -0.605933
v -3.069330 4.250923 -0.535818
v -3.081271 4.258368 -0.451388
v -3.105330 4.261036 -0.351805
v -3.146819 4.242845 -0.310398
v -3.145702 4.256463 -0.236442
v -2.792627 4.316212 -1.132375
v -3.066974 4.316212 -0.170745
v -0.114943 6.411406 0.671452
v 0.071398 6.411406 0.724614
v -0.114943 6.224787 0.671452
v 0.071398 6.224787 0.724614
v 0.159405 6.411406 -0.290179
v 0.345746 6.411406 -0.237017
v 0.159405 6.224026 -0.290179
v 0.345746 6.224027 -0.237017
v -2.990199 4.201525 -0.148841
v -2.715852 4.201526 -1.110472
v -2.715852 4.351525 -1.110472
v -2.845955 4.351525 -0.107689
v -2.571608 4.201526 -1.069320
v -2.571608 4.351525 -1.069320
v -2.990199 4.351525 -0.148841
v -2.845955 4.201525 -0.107689
v 0.249303 6.259691 -0.264531
v -0.025045 6.259692 0.697099
v 0.980182 5.809054 -0.056016
v 0.705835 5.809054 0.905615
v 1.827140 5.252888 0.185616
v 1.552792 5.252888 1.147247
v 2.558019 4.802249 0.394132
v 2.283672 4.802249 1.355762
v 3.103518 4.258787 1.589660
v 3.381591 4.256317 0.629092
v 3.349528 4.262103 0.708400
v 3.360360 4.244884 0.768885
v 3.290154 4.260855 0.923650
v 3.289427 4.251885 0.977487
v 3.214756 4.263021 1.175543
v 3.211515 4.250925 1.256070
v 3.177110 4.258370 1.334090
v 3.145003 4.261038 1.431377
v 3.158398 4.242847 1.488443
v 3.118428 4.256465 1.550677
v 3.291233 4.316215 0.603313
v 3.016886 4.316215 1.564944
v 2.940111 4.201527 1.543041
v 3.214459 4.201527 0.581410
v 3.214458 4.351527 0.581410
v 2.795867 4.351527 1.501889
v 3.070215 4.201527 0.540258
v 3.070214 4.351528 0.540258
v 2.940111 4.351527 1.543041
v 2.795867 4.201527 1.501889
v -0.040812 6.224515 0.411611
v 0.145529 6.224515 0.464773
v -0.040812 6.411405 0.411611
v 0.145529 6.411406 0.464773
v 0.797998 6.259691 -2.187793
v 0.523651 6.259691 -1.226162
v 0.067119 5.809053 -2.396308
v -0.207229 5.809053 -1.434678
v 0.249303 6.259691 -0.264532
v -0.481576 5.809053 -0.473047
v -0.779838 5.252886 -2.637940
v -1.328534 5.252886 -0.714679
v -1.054186 5.252886 -1.676310
v -1.510718 4.802248 -2.846456
v -1.785065 4.802248 -1.884825
v -2.059412 4.802248 -0.923194
v -2.604911 4.258785 -2.118722
v -2.876662 4.260506 -1.156351
v -2.334289 4.256315 -3.081416
v -2.612707 4.260992 -2.078780
v -2.646019 4.249167 -2.029630
v -2.646637 4.261029 -1.959632
v -2.682436 4.252878 -1.880761
v -2.687503 4.262555 -1.807665
v -2.730833 4.257768 -1.683159
v -2.737320 4.267510 -1.604713
v -2.784639 4.245893 -1.562466
v -2.786499 4.260133 -1.474516
v -2.810582 4.263316 -1.371905
v -2.842283 4.252161 -1.324575
v -2.862694 4.259923 -1.208644
v -2.348898 4.262100 -2.997128
v -2.390015 4.244882 -2.951464
v -2.412037 4.260853 -2.782952
v -2.439826 4.251884 -2.736836
v -2.480899 4.263019 -2.529194
v -2.520635 4.250923 -2.459079
v -2.532576 4.258368 -2.374650
v -2.556635 4.261036 -2.275066
v -2.598124 4.242845 -2.233660
v -2.597007 4.256463 -2.159703
v -2.243931 4.316212 -3.055637
v -2.792626 4.316212 -1.132376
v -2.518279 4.316212 -2.094007
v 0.159405 6.411406 -0.290179
v 0.345746 6.411406 -0.237017
v 0.159405 6.224026 -0.290179
v 0.345746 6.224027 -0.237017
v -2.715852 4.201526 -1.110472
v -2.571608 4.351525 -1.069320
v -2.715851 4.351525 -1.110472
v -2.571608 4.201526 -1.069320
v 0.433752 6.411405 -1.251810
v 0.620093 6.411406 -1.198648
v 0.433753 6.224786 -1.251810
v 0.620094 6.224786 -1.198648
v 0.708100 6.411406 -2.213440
v 0.894441 6.411406 -2.160278
v 0.708100 6.224026 -2.213440
v 0.894441 6.224026 -2.160278
v -2.441504 4.201525 -2.072103
v -2.167157 4.201526 -3.033733
v -2.167156 4.351525 -3.033733
v -2.297260 4.351525 -2.030951
v -2.022913 4.201526 -2.992581
v -2.022912 4.351525 -2.992581
v -2.441504 4.351525 -2.072103
v -2.297260 4.201525 -2.030951
v 0.797998 6.259691 -2.187793
v 0.523650 6.259691 -1.226162
v 1.528877 5.809054 -1.979277
v 1.254530 5.809054 -1.017647
v 0.249303 6.259691 -0.264532
v 0.980182 5.809054 -0.056016
v 2.375835 5.252888 -1.737646
v 1.827140 5.252888 0.185616
v 2.101488 5.252888 -0.776015
v 3.106714 4.802249 -1.529130
v 2.832367 4.802249 -0.567500
v 2.558019 4.802249 0.394131
v 3.652213 4.258787 -0.333602
v 3.375269 4.260509 0.627288
v 3.930287 4.256317 -1.294169
v 3.637760 4.260993 -0.295559
v 3.640124 4.249169 -0.236230
v 3.603716 4.261032 -0.176444
v 3.592510 4.252880 -0.090556
v 3.558246 4.262557 -0.025789
v 3.529359 4.257770 0.102836
v 3.493478 4.267513 0.172896
v 3.511383 4.245895 0.233752
v 3.466557 4.260135 0.309443
v 3.432872 4.263318 0.409316
v 3.434828 4.252162 0.466247
v 3.390996 4.259925 0.575496
v 3.898223 4.262103 -1.214862
v 3.909055 4.244884 -1.154376
v 3.838849 4.260855 -0.999612
v 3.838122 4.251885 -0.945775
v 3.763452 4.263021 -0.747718
v 3.760210 4.250925 -0.667192
v 3.725805 4.258370 -0.589171
v 3.693698 4.261038 -0.491883
v 3.707093 4.242847 -0.434819
v 3.667123 4.256465 -0.372584
v 3.839928 4.316215 -1.319948
v 3.291233 4.316215 0.603313
v 3.565581 4.316215 -0.358317
v 3.214459 4.201527 0.581410
v 3.070215 4.351528 0.540258
v 3.214458 4.351527 0.581410
v 3.070215 4.201527 0.540258
v 3.488806 4.201527 -0.380221
v 3.763154 4.201527 -1.341851
v 3.763153 4.351527 -1.341851
v 3.344562 4.351527 -0.421373
v 3.618910 4.201527 -1.383003
v 3.618910 4.351528 -1.383003
v 3.488806 4.351527 -0.380221
v 3.344562 4.201527 -0.421373
v 0.797998 6.259691 -2.187793
v 1.072346 6.259691 -3.149424
v 1.528878 5.809054 -1.979278
v 1.803226 5.809054 -2.940908
v 2.375835 5.252888 -1.737645
v 2.650183 5.252887 -2.699276
v 3.106715 4.802249 -1.529130
v 3.381063 4.802249 -2.490761
v 4.200909 4.258787 -2.256863
v 3.930287 4.256317 -1.294169
v 3.944896 4.262103 -1.378457
v 3.986013 4.244884 -1.424121
v 4.008035 4.260855 -1.592632
v 4.035823 4.251885 -1.638749
v 4.076897 4.263021 -1.846391
v 4.116632 4.250925 -1.916505
v 4.128573 4.258370 -2.000935
v 4.152633 4.261038 -2.100518
v 4.194121 4.242847 -2.141926
v 4.193005 4.256465 -2.215882
v 3.839929 4.316215 -1.319948
v 4.114276 4.316215 -2.281578
v 1.224115 6.436137 -3.247037
v 0.988383 6.436137 -3.314291
v 1.224115 6.200054 -3.247037
v 0.988383 6.200054 -3.314291
v 0.887896 6.411406 -2.162146
v 0.701555 6.411406 -2.215308
v 0.887896 6.224026 -2.162146
v 0.701555 6.224026 -2.215308
v 4.037501 4.201527 -2.303483
v 3.763154 4.201527 -1.341851
v 3.763154 4.351527 -1.341851
v 3.893257 4.351527 -2.344635
v 3.618910 4.201527 -1.383003
v 3.618910 4.351528 -1.383003
v 4.037501 4.351527 -2.303483
v 3.893257 4.201527 -2.344635
v 0.797999 6.259691 -2.187793
v 1.072346 6.259691 -3.149424
v 0.067119 5.809053 -2.396309
v 0.341467 5.809053 -3.357940
v -0.779838 5.252886 -2.637941
v -0.505490 5.252886 -3.599572
v -1.510717 4.802248 -2.846457
v -1.236369 4.802248 -3.808087
v -2.056215 4.258785 -4.041985
v -2.334289 4.256315 -3.081417
v -2.302225 4.262100 -3.160724
v -2.313058 4.244882 -3.221210
v -2.242851 4.260853 -3.375974
v -2.242124 4.251884 -3.429811
v -2.167454 4.263019 -3.627868
v -2.164212 4.250923 -3.708395
v -2.129807 4.258368 -3.786416
v -2.097700 4.261036 -3.883702
v -2.111095 4.242845 -3.940768
v -2.071125 4.256463 -4.003002
v -2.243931 4.316212 -3.055638
v -1.969583 4.316212 -4.017269
v -1.892808 4.201525 -3.995366
v -2.167156 4.201526 -3.033734
v -2.167156 4.351525 -3.033734
v -1.748564 4.351525 -3.954213
v -2.022912 4.201526 -2.992582
v -2.022912 4.351525 -2.992582
v -1.892808 4.351525 -3.995366
v -1.748564 4.201525 -3.954214
v 1.088113 6.224515 -2.863936
v 0.901772 6.224515 -2.917098
v 1.088113 6.411405 -2.863936
v 0.901772 6.411406 -2.917098
v 1.946157 5.666321 -2.840360
v 0.167140 5.666320 -3.347902
v 1.946158 4.346337 -2.840359
v 0.167141 4.346336 -3.347902
v 0.078023 4.201525 -3.295335
v 0.119175 4.201525 -3.439579
v 2.042436 4.201526 -2.890884
v 2.042436 4.351526 -2.890884
v 0.078023 4.351525 -3.295335
v 0.119175 4.351525 -3.439579
v 2.001284 4.201526 -2.746640
v 2.001284 4.351526 -2.746640
v 1.056649 4.346337 -3.094131
v 1.056649 6.259691 -3.094131
v 2.090402 5.564348 -2.799208
v 2.090402 4.346337 -2.799207
v 2.001284 4.201526 -2.746640
v 2.042436 4.201526 -2.890884
v 3.965698 4.201527 -2.342189
v 3.965698 4.351527 -2.342189
v 2.001284 4.351526 -2.746640
v 2.042436 4.351526 -2.890884
v 3.924546 4.201527 -2.197944
v 3.924546 4.351527 -2.197944
v 3.945122 4.346338 -2.270066
v 0.030057 5.564347 -3.387012
v 0.030058 4.346336 -3.387011
v 0.078024 4.201525 -3.295334
v 0.119176 4.201525 -3.439579
v -1.804085 4.201525 -3.988274
v -1.804085 4.351525 -3.988274
v 0.078024 4.351525 -3.295334
v 0.119176 4.351525 -3.439579
v -1.845237 4.201525 -3.844030
v -1.845237 4.351525 -3.844030
v -1.824661 4.346336 -3.916152
v 1.946157 5.666321 -2.840360
v 0.167140 5.666320 -3.347902
v 1.149341 6.339116 -3.149768
v 4.224754 4.290533 -2.105986
v 4.268650 4.290533 -2.259846
v 1.023288 6.203836 -3.019346
v 1.105445 6.339117 -2.995907
v 4.186493 4.155253 -2.283285
v 1.067183 6.203836 -3.173207
v 4.142597 4.155252 -2.129425
v 0.174301 5.666320 -3.345860
v 1.953318 5.666321 -2.838317
v 1.014427 6.339116 -3.188258
v -2.148777 4.290530 -3.924318
v -2.104881 4.290531 -4.078180
v 1.052689 6.203836 -3.010959
v 0.970531 6.339117 -3.034398
v -2.022724 4.155251 -4.054740
v 1.096584 6.203836 -3.164819
v -2.066620 4.155251 -3.900878
v 2.109205 5.666321 -2.875925
v 2.065310 4.346337 -2.722063
v 2.109206 4.346337 -2.875924
v 1.911449 5.666321 -2.765959
v 2.065310 5.666321 -2.722064
v 1.955345 4.346337 -2.919819
v 1.955344 5.666321 -2.919820
v 1.911449 4.346337 -2.765958
v 0.193560 5.666320 -3.422447
v 0.149665 4.346336 -3.268585
v 0.193561 4.346336 -3.422446
v -0.004196 5.666320 -3.312481
v 0.149665 5.666320 -3.268586
v 0.039700 4.346336 -3.466342
v 0.039700 5.666320 -3.466342
v -0.004196 4.346336 -3.312480
vn -0.6800 -0.7071 -0.1940
vn 0.6800 -0.7071 0.1940
vn 0.3983 -0.5802 0.7104
vn -0.7132 -0.5802 0.3933
vn 0.7875 0.3099 0.5327
vn 0.3953 0.5744 0.7168
vn -0.9525 0.3015 0.0418
vn -0.7140 0.5744 0.4003
vn -0.9616 -0.0000 -0.2743
vn -0.4783 0.0201 -0.8780
vn -0.3968 -0.5774 -0.7136
vn 0.6810 -0.5926 -0.4301
vn 0.8784 -0.0060 -0.4778
vn 0.6731 -0.7160 0.1851
vn 0.9628 -0.0182 0.2697
vn -0.3740 0.5194 -0.7683
vn -0.7097 0.5872 0.3892
vn 0.4427 0.5268 0.7256
vn 0.7825 0.4758 -0.4016
vn 0.9604 0.0073 0.2787
vn -0.9515 0.3023 0.0576
vn -0.7144 0.5996 0.3607
vn 0.4165 0.5996 0.6834
vn 0.7720 0.2433 0.5872
vn -0.9383 0.3454 0.0160
vn -0.7026 0.6048 0.3749
vn 0.3765 0.6145 0.6933
vn 0.7849 0.3465 0.5137
vn -0.5004 0.0037 -0.8658
vn 0.8819 0.0037 -0.4714
vn 0.9616 -0.0000 0.2743
vn 0.8528 -0.1566 -0.4983
vn -0.5048 -0.0746 -0.8600
vn -0.7136 0.5774 0.3968
vn -0.3968 0.5774 -0.7136
vn -0.7136 -0.5774 0.3968
vn 0.7136 -0.5774 -0.3968
vn 0.7136 0.5774 -0.3968
vn 0.3968 0.5774 0.7136
vn 0.3968 -0.5774 0.7136
vn -0.7749 0.2569 0.5775
vn -0.7804 0.6087 0.1431
vn -0.5843 -0.5894 -0.5578
vn -0.6093 -0.7917 0.0452
vn 0.7907 -0.5894 -0.1656
vn 0.5874 0.6087 0.5333
vn 0.3536 0.2569 0.8994
vn 0.4937 -0.7917 0.3599
vn -0.3986 0.5708 -0.7179
vn 0.7174 0.5708 -0.3995
vn 0.7092 -0.5916 -0.3835
vn -0.4001 -0.5916 -0.7000
vn 0.6244 0.7324 0.2715
vn -0.6723 0.7341 -0.0954
vn -0.6969 -0.6577 -0.2859
vn 0.7408 -0.6594 0.1277
vn 0.5717 0.6747 0.4669
vn -0.7303 0.6758 0.1000
vn -0.6345 -0.6236 -0.4567
vn 0.7785 -0.6250 -0.0577
vn -0.8740 -0.0000 0.4860
vn -0.4860 -0.0000 -0.8740
vn 0.8740 -0.0000 -0.4860
vn 0.4860 -0.0000 0.8740
vn -0.8719 0.0092 0.4896
vn -0.4823 0.0092 -0.8760
vn -0.4896 0.0093 -0.8719
vn -0.8759 0.0093 0.4823
vn 0.6245 0.7324 0.2715
vn -0.7303 0.6758 0.1001
vn -0.2743 -0.0000 0.9616
vn -0.0000 -1.0000 -0.0000
vn -0.0000 1.0000 -0.0000
vn 0.2743 -0.0000 -0.9616
vn -0.2745 0.0001 0.9616
vn 0.8789 -0.0000 0.4770
vn -0.9795 -0.0000 0.2015
vn -0.9825 -0.0000 0.1861
vn -0.0597 -0.9760 0.2093
vn -0.1230 0.8938 0.4313
vn -0.1269 -0.8866 0.4448
vn -0.1269 0.8866 0.4448
vn 0.7257 -0.0000 0.6880
vn -0.0597 0.9760 0.2093
vn -0.1230 -0.8938 0.4313
vn -0.9983 -0.0000 -0.0585
vn 0.7364 -0.0000 0.6765
vn -0.4277 -0.4896 0.7599
vn -0.0705 0.4319 0.8992
vn 0.0311 0.3709 0.9282
vn -0.5429 -0.4204 0.7270
vn -0.1255 0.9914 -0.0358
vn -0.2992 0.5254 0.7965
vn -0.1661 0.5254 0.8345
vn 0.1255 0.9914 0.0358
vn 0.1838 0.4635 -0.8668
vn 0.3012 0.4635 -0.8333
vn -0.5162 0.3709 0.7720
vn -0.5854 0.7934 -0.1670
vn -0.3680 0.9239 -0.1050
vn -0.4146 0.4319 0.8010
vn 0.1661 -0.5254 -0.8345
vn 0.2992 -0.5254 -0.7965
vn 0.1255 -0.9914 0.0358
vn -0.1255 -0.9914 -0.0358
vn -0.4146 -0.4319 0.8010
vn -0.3012 -0.4635 0.8333
vn -0.3680 -0.9239 -0.1050
vn -0.1838 -0.4635 0.8668
vn 0.1838 -0.4635 -0.8668
vn 0.0705 -0.4319 -0.8992
vn -0.3012 0.4635 0.8333
vn -0.4277 0.4896 0.7599
vn 0.0705 0.4319 -0.8992
vn 0.7629 -0.6088 0.2177
vn 0.1717 -0.3226 0.9308
vn 0.0776 -0.4204 0.9040
vn 0.5854 -0.7934 0.1670
vn 0.5429 -0.4204 -0.7270
vn 0.3680 -0.9239 0.1050
vn 0.4277 -0.4896 -0.7599
vn 0.0376 0.4896 -0.8711
vn 0.1661 0.5254 -0.8345
vn 0.3012 -0.4635 -0.8333
vn 0.4146 -0.4319 -0.8010
vn -0.0705 -0.4319 0.8992
vn -0.1141 0.2846 -0.9518
vn 0.6370 -0.3226 -0.7001
vn -0.0311 0.3709 -0.9282
vn -0.5429 0.4204 0.7270
vn 0.2382 -0.2028 0.9498
vn -0.6579 0.1789 0.7316
vn -0.5992 0.2846 0.7483
vn 0.0312 -0.3709 0.9282
vn 0.1728 -0.1789 0.9686
vn 0.8884 -0.3827 0.2535
vn 0.1141 -0.2846 0.9518
vn 0.6579 -0.1789 -0.7316
vn 0.5992 -0.2846 -0.7483
vn -0.7629 0.6088 -0.2177
vn -0.6370 0.3226 0.7001
vn 0.2726 -0.0692 0.9596
vn -0.6882 0.0610 0.7229
vn -0.2382 0.2028 -0.9498
vn -0.1717 0.3226 -0.9308
vn -0.8884 0.3827 -0.2535
vn -0.0776 0.4204 -0.9040
vn 0.5162 -0.3709 -0.7720
vn -0.7035 0.2028 0.6812
vn 0.2726 0.0692 0.9596
vn -0.6882 -0.0610 0.7229
vn 0.2032 0.0610 0.9772
vn 0.9534 0.1305 0.2720
vn 0.9534 -0.1305 0.2720
vn 0.2032 -0.0610 0.9772
vn 0.6882 0.0610 -0.7229
vn 0.6882 -0.0610 -0.7229
vn -0.9534 0.1305 -0.2720
vn -0.7379 0.0692 0.6713
vn 0.2382 0.2028 0.9498
vn -0.6579 -0.1789 0.7316
vn -0.2726 -0.0692 -0.9596
vn -0.2726 0.0692 -0.9596
vn -0.9534 -0.1305 -0.2720
vn -0.7379 -0.0692 0.6713
vn 0.1717 0.3226 0.9308
vn -0.5992 -0.2846 0.7483
vn 0.1141 0.2846 0.9518
vn 0.7629 0.6088 0.2177
vn 0.8884 0.3827 0.2535
vn 0.1728 0.1789 0.9686
vn 0.5992 0.2846 -0.7483
vn 0.6579 0.1789 -0.7316
vn -0.8884 -0.3827 -0.2535
vn -0.7035 -0.2028 0.6812
vn 0.0776 0.4204 0.9040
vn -0.5162 -0.3709 0.7720
vn -0.1716 -0.3226 -0.9308
vn -0.2382 -0.2028 -0.9498
vn -0.7629 -0.6088 -0.2177
vn -0.6370 -0.3226 0.7001
vn -0.0376 0.4896 0.8711
vn 0.3680 0.9239 0.1050
vn 0.4146 0.4319 -0.8010
vn 0.5162 0.3709 -0.7720
vn 0.5854 0.7934 0.1670
vn -0.5854 -0.7934 -0.1670
vn 0.0376 -0.4896 -0.8711
vn -0.0776 -0.4204 -0.9040
vn 0.2992 0.5254 -0.7965
vn -0.0376 -0.4896 0.8711
vn -0.1661 -0.5254 0.8345
vn -0.1728 0.1789 -0.9686
vn 0.4277 0.4896 -0.7599
vn -0.2992 -0.5254 0.7965
vn -0.1838 0.4635 0.8668
vn 0.7035 -0.2028 -0.6812
vn -0.2032 0.0610 -0.9772
vn 0.7379 -0.0692 -0.6713
vn -0.2032 -0.0610 -0.9772
vn 0.7379 0.0692 -0.6713
vn -0.1728 -0.1789 -0.9686
vn 0.7035 0.2028 -0.6812
vn -0.1141 -0.2846 -0.9518
vn 0.6370 0.3226 -0.7001
vn -0.0312 -0.3709 -0.9282
vn 0.5429 0.4204 -0.7270
vn -0.9483 0.1657 -0.2706
vn -0.8869 0.1228 0.4454
vn -0.7977 0.3880 0.4616
vn -0.8225 0.5181 -0.2346
vn 0.3968 -0.5773 0.7136
vn 0.9469 -0.1745 0.2701
vn 0.4225 -0.1157 0.8990
vn 0.3213 -0.3492 0.8802
vn 0.8120 -0.5357 0.2317
vn 0.5763 -0.8005 0.1644
vn 0.1829 -0.5368 0.8237
vn 0.2932 -0.9524 0.0837
vn -0.0123 -0.6290 0.7773
vn -0.6217 0.5820 0.5241
vn -0.5915 0.7884 -0.1688
vn -0.4038 0.7100 0.5769
vn -0.2964 0.9513 -0.0846
vn -0.2020 -0.6766 0.7081
vn -0.1871 0.7314 0.6558
vn 0.9483 0.1657 0.2706
vn 0.8225 0.5181 0.2346
vn 0.4341 0.3880 0.8130
vn 0.5183 0.1228 0.8463
vn -0.9469 -0.1745 -0.2701
vn -0.8332 -0.1157 0.5407
vn -0.7374 -0.3492 0.5782
vn -0.5900 -0.5368 0.6032
vn -0.5763 -0.8005 -0.1644
vn -0.8120 -0.5357 -0.2317
vn -0.3997 -0.6290 0.6668
vn -0.2932 -0.9524 -0.0837
vn 0.5915 0.7884 0.1688
vn 0.2516 0.5820 0.7733
vn 0.2964 0.9513 0.0846
vn 0.0386 0.7100 0.7031
vn -0.9617 0.0001 -0.2742
vn -0.0013 -1.0000 -0.0004
vn 0.2730 -0.0001 -0.9620
vn 0.2447 -0.4391 -0.8645
vn -0.2730 -0.0001 0.9620
vn -0.2450 0.4367 0.8656
vn 0.0014 1.0000 0.0003
vn 0.9617 0.0001 0.2742
vn -0.0013 1.0000 -0.0004
vn 0.2730 0.0001 -0.9620
vn -0.2447 -0.4391 0.8645
vn -0.2730 0.0001 0.9620
vn 0.2450 0.4367 -0.8656
vn 0.0014 -1.0000 0.0003
vn -0.9614 -0.0219 -0.2743
vn -0.2743 -0.0219 0.9614
vn 0.9614 -0.0219 0.2743
vn 0.2743 -0.0219 -0.9614
vn 0.2743 0.0245 -0.9613
vn 0.2743 0.0187 -0.9615
vn 0.2743 0.0188 -0.9615
vn 0.9615 0.0146 0.2743
vn 0.9616 0.0125 0.2743
vn 0.9615 0.0147 0.2743
vn -0.2743 0.0147 0.9615
vn -0.2743 0.0125 0.9616
vn -0.9616 0.0081 -0.2743
vn -0.9616 0.0105 -0.2743
vn -0.9613 0.0251 -0.2743
vn -0.2743 0.0171 0.9615
vn 0.9615 0.0171 0.2743
vn 0.2743 -0.0075 -0.9616
vn 0.2740 0.0497 -0.9604
vn 0.9604 0.0497 0.2740
vn -0.2740 0.0497 0.9604
vn -0.9604 0.0497 -0.2740
vn 0.2743 0.0130 -0.9615
vn 0.9615 0.0130 0.2743
vn -0.2743 0.0130 0.9615
vn -0.9615 0.0130 -0.2743
vn -0.9616 0.0130 -0.2743
vn -0.9616 -0.0045 -0.2743
vn -0.9616 -0.0113 -0.2743
vn -0.2743 -0.0045 0.9616
vn -0.2743 -0.0113 0.9616
vn 0.9616 -0.0045 0.2743
vn 0.9616 -0.0113 0.2743
vn 0.2743 -0.0045 -0.9616
vn 0.2743 -0.0113 -0.9616
vn 0.9616 0.0073 0.2743
vn -0.2743 0.0073 0.9616
vn -0.9616 0.0053 -0.2743
vn 0.2743 0.0024 -0.9616
vn -0.3339 0.4704 -0.8168
vn -0.6754 -0.0393 -0.7364
vn -0.9132 -0.1015 0.3946
vn -0.6935 0.4395 0.5709
vn 0.1889 -0.7744 -0.6038
vn -0.0556 -0.8463 0.5299
vn 0.6983 -0.3766 -0.6088
vn 0.9222 0.0993 -0.3738
vn 0.6534 0.0772 0.7531
vn 0.4144 -0.4583 0.7863
vn 0.0659 0.8260 -0.5597
vn -0.2213 0.8012 0.5560
vn -0.4046 0.4538 -0.7940
vn -0.7222 0.4038 0.5616
vn 0.3929 -0.4385 0.8083
vn 0.2982 -0.4307 0.8518
vn -0.7315 0.4791 0.4851
vn 0.2487 -0.4556 0.8548
vn -0.7302 0.4854 0.4808
vn 0.3621 -0.4299 0.8271
vn -0.7256 0.4295 0.5377
vn 0.7399 -0.4084 -0.5346
vn -0.3340 0.4573 -0.8242
vn 0.7171 -0.4546 -0.5283
vn -0.2566 0.4096 -0.8755
vn 0.7089 -0.5266 -0.4691
vn -0.3289 0.4247 -0.8435
vn 0.7393 -0.4279 -0.5199
vn 0.7445 0.3807 -0.5484
vn 0.2310 0.7714 -0.5929
vn -0.0015 0.8415 0.5402
vn 0.3839 0.4042 0.8302
vn -0.6727 0.0487 -0.7383
vn -0.9053 0.1211 0.4072
vn -0.3695 -0.4844 -0.7930
vn 0.1009 -0.8084 -0.5799
vn -0.2207 -0.8077 0.5468
vn -0.6978 -0.4340 0.5699
vn 0.9409 -0.0396 -0.3363
vn 0.6244 -0.0368 0.7802
vn 0.6709 0.4497 -0.5896
vn 0.3386 0.5023 0.7956
vn -0.6984 -0.4511 0.5557
vn -0.7231 -0.4863 0.4906
vn 0.3230 0.4194 0.8484
vn -0.7560 -0.4853 0.4393
vn 0.2283 0.4191 0.8788
vn -0.7261 -0.4478 0.5217
vn 0.3124 0.4608 0.8307
vn -0.3390 -0.4734 -0.8130
vn 0.7432 0.4503 -0.4948
vn -0.3076 -0.4563 -0.8350
vn 0.7298 0.5195 -0.4444
vn -0.2529 -0.3834 -0.8883
vn 0.7093 0.4686 -0.5266
vn -0.3293 -0.4400 -0.8354
vn -0.6314 0.6644 -0.3998
vn -0.6806 0.6784 0.2766
vn 0.4322 0.6784 0.5941
vn 0.7503 0.6610 -0.0121
vn -0.7630 -0.4865 0.4255
vn 0.4236 -0.4865 0.7641
vn 0.6246 -0.7076 0.3304
vn 0.5963 -0.7367 0.3188
vn 0.7474 0.6576 0.0943
vn -0.7041 -0.7090 -0.0394
vn -0.6950 0.6538 -0.2993
vn -0.6819 -0.7307 -0.0318
vn -0.6999 0.6585 -0.2767
vn -0.7130 0.6656 -0.2202
vn -0.7135 0.6696 -0.2064
vn 0.7405 0.6585 0.1343
vn 0.7219 0.6656 0.1891
vn 0.7150 0.6696 0.2011
vn -0.4646 -0.8755 -0.1326
vn -0.1326 -0.8755 0.4646
vn 0.4646 -0.8755 0.1326
vn 0.1326 -0.8755 -0.4646
vn 0.2740 0.0510 -0.9604
vn 0.9604 0.0510 0.2740
vn -0.2740 0.0510 0.9604
vn -0.9604 0.0510 -0.2740
vn 0.2742 0.0300 -0.9612
vn -0.2742 0.0300 0.9612
vn -0.9612 0.0300 -0.2742
vn 0.9612 0.0300 0.2742
vn -0.2742 0.0001 0.9617
vn 0.0004 1.0000 -0.0012
vn 0.9620 -0.0000 0.2731
vn -0.8644 -0.4391 -0.2449
vn -0.9620 0.0001 -0.2731
vn 0.8655 0.4367 0.2452
vn -0.0003 -1.0000 0.0012
vn 0.0003 1.0000 -0.0012
vn -0.9613 -0.0000 -0.2755
vn 0.8635 -0.4391 0.2481
vn 0.9613 0.0001 0.2755
vn -0.8646 0.4367 -0.2484
vn -0.0004 -1.0000 0.0012
vn 0.0013 1.0000 0.0004
vn -0.0014 -1.0000 -0.0003
vn -0.6806 0.7135 -0.1664
vn 0.0072 0.9997 0.0233
vn 0.1920 0.7143 -0.6729
vn -0.4130 0.5901 -0.6938
vn -0.6952 -0.6983 -0.1703
vn -0.4130 -0.5901 -0.6938
vn 0.1920 -0.7143 -0.6729
vn -0.0183 -0.9997 0.0164
vn -0.1693 -0.6973 0.6965
vn -0.2188 0.7280 0.6498
vn -0.7551 0.5597 0.3413
vn -0.6781 -0.6127 0.4059
vn -0.6696 -0.7107 -0.2157
vn -0.6776 0.7023 -0.2185
vn -0.6483 0.7385 -0.1850
vn -0.7098 -0.6746 -0.2025
vn -0.0257 -0.9996 -0.0073
vn 0.0133 -0.9998 -0.0152
vn -0.0024 0.9998 -0.0194
vn 0.0257 0.9996 0.0073
vn -0.6110 0.7220 -0.3247
vn 0.0590 0.9775 -0.2026
vn 0.2221 0.5872 -0.7784
vn -0.4145 0.4789 -0.7738
vn -0.7539 -0.6566 -0.0240
vn -0.4245 -0.6759 -0.6024
vn 0.1612 -0.8092 -0.5649
vn -0.0770 -0.9695 0.2325
vn -0.1350 -0.8131 0.5662
vn -0.2388 0.6028 0.7613
vn -0.7996 0.4501 0.3976
vn -0.6417 -0.6935 0.3275
vn -0.6365 -0.6735 -0.3759
vn -0.7001 0.7121 -0.0516
vn -0.6344 0.7515 -0.1810
vn -0.7407 -0.6378 -0.2113
vn -0.0201 -0.9998 -0.0057
vn 0.0725 -0.9698 -0.2331
vn -0.0718 0.9774 0.1988
vn 0.0023 1.0000 0.0007
vn -0.4725 0.0117 -0.8812
vn 0.2938 0.0084 -0.9558
vn 0.2743 -0.0078 -0.9616
vn -0.4860 -0.0111 -0.8739
vn -0.8812 0.0117 0.4726
vn -0.8739 -0.0111 0.4860
vn -0.2743 -0.0078 0.9616
vn -0.2936 0.0082 0.9559
vn -0.8706 -0.0053 0.4920
vn -0.4916 -0.0052 -0.8708
vn -0.4374 -0.0000 -0.8992
vn -0.8992 -0.0000 0.4374
vn -0.3132 -0.0000 0.9497
vn -0.2647 -0.0035 0.9643
vn 0.2661 -0.0039 -0.9639
vn 0.3132 -0.0000 -0.9497
vn -0.5649 0.0242 -0.8248
vn 0.2171 0.0172 -0.9760
vn -0.8246 0.0239 0.5653
vn -0.2171 0.0169 0.9760
vn -0.4884 0.0035 -0.8726
vn 0.2707 0.0024 -0.9627
vn 0.2743 -0.0085 -0.9616
vn -0.4859 -0.0121 -0.8739
vn -0.8726 0.0035 0.4884
vn -0.8739 -0.0121 0.4859
vn -0.2743 -0.0085 0.9616
vn -0.2707 0.0025 0.9627
vn -0.8609 0.0034 0.5087
vn -0.5085 0.0033 -0.8611
vn -0.4951 0.0167 -0.8687
vn -0.8687 0.0167 0.4951
vn -0.2668 0.0118 0.9637
vn -0.2402 0.0024 0.9707
vn 0.2406 0.0024 -0.9706
vn 0.2668 0.0118 -0.9637
vn -0.5673 -0.0077 -0.8235
vn 0.2139 -0.0054 -0.9769
vn -0.8233 -0.0076 0.5676
vn -0.2138 -0.0053 0.9769
vn -0.8724 0.0016 0.4889
vn -0.3047 -0.0023 -0.9525
vn -0.2858 -0.0183 -0.9581
vn -0.8742 -0.0070 0.4855
vn -0.8605 -0.0002 0.5095
vn -0.3232 0.0129 -0.9462
vn -0.3249 0.0099 -0.9457
vn -0.8700 0.0097 0.4930
vn -0.8260 -0.0099 0.5636
vn -0.3749 0.0185 -0.9269
vn -0.2358 -0.0013 0.9718
vn -0.2035 -0.0109 0.9790
vn 0.6090 0.0234 -0.7929
vn 0.6030 0.0129 -0.7977
vn 0.5972 0.0054 -0.8020
vn 0.6255 -0.0036 -0.7802
vn -0.2707 0.0012 0.9627
vn -0.2670 0.0080 0.9637
vn -0.2743 -0.0058 0.9616
vn 0.6536 -0.0155 -0.7567
vn -0.7425 -0.6349 -0.2135
vn -0.0624 -0.9977 -0.0249
vn -0.0343 -0.9993 -0.0166
vn -0.6983 -0.6858 -0.2054
vn -0.6137 0.7730 -0.1608
vn -0.6596 0.7279 -0.1874
vn -0.0065 -0.9999 -0.0084
vn -0.6842 -0.6997 -0.2055
vn -0.6696 0.7143 -0.2034
vn 0.0108 0.9999 -0.0064
vn 0.0356 0.9993 0.0133
vn 0.0601 0.9977 0.0327
vn -0.7434 0.6349 -0.2104
vn -0.0661 0.9977 -0.0118
vn -0.0379 0.9993 -0.0040
vn -0.7015 0.6858 -0.1939
vn -0.6062 -0.7730 -0.1873
vn -0.6592 -0.7279 -0.1888
vn -0.0100 0.9999 0.0037
vn -0.6897 0.6997 -0.1864
vn -0.6761 -0.7143 -0.1805
vn 0.0058 -0.9999 0.0111
vn 0.0373 -0.9993 0.0075
vn 0.0683 -0.9977 0.0039
vn -0.9583 -0.0669 -0.2777
vn -0.9615 -0.0375 -0.2724
vn -0.9637 -0.0086 -0.2669
vn -0.8992 -0.0000 0.4375
vn 0.2138 -0.0054 -0.9769
vn -0.6983 -0.6857 -0.2054
vn -0.7015 0.6857 -0.1939
vn -0.9614 -0.0376 -0.2724
vn -0.4146 0.4789 -0.7738
vn -0.6982 -0.6858 -0.2054
vn -0.9616 0.0001 -0.2745
vn 0.2757 0.0001 -0.9612
vn -0.2483 -0.4391 0.8635
vn -0.2757 0.0001 0.9613
vn 0.2486 0.4367 -0.8646
vn -0.0013 -1.0000 -0.0005
vn -0.8739 -0.0121 0.4860
vn 0.6536 -0.0155 -0.7566
vn 0.2757 0.0001 -0.9613
vn -0.2757 0.0001 0.9612
vn 0.8656 0.4367 0.2452
vn 0.2742 0.0001 -0.9617
vn -0.0004 1.0000 0.0012
vn -0.9620 -0.0000 -0.2731
vn 0.8644 -0.4391 0.2449
vn 0.9620 0.0001 0.2731
vn -0.8655 0.4367 -0.2452
vn 0.0003 -1.0000 -0.0012
vn 0.2745 0.0001 -0.9616
vn -0.0003 1.0000 0.0012
vn 0.9613 -0.0000 0.2755
vn -0.8635 -0.4391 -0.2481
vn -0.9613 0.0001 -0.2755
vn 0.8646 0.4367 0.2484
vn 0.0004 -1.0000 -0.0012
vn -0.8656 0.4367 -0.2452
vn 0.2742 -0.0001 -0.9617
vn 0.8644 0.4391 0.2449
vn 0.9620 -0.0001 0.2731
vn -0.8655 -0.4367 -0.2452
vn 0.0003 1.0000 -0.0013
vn 0.2745 -0.0001 -0.9616
vn -0.8635 0.4391 -0.2481
vn -0.9613 -0.0001 -0.2755
vn 0.8646 -0.4367 0.2484
vn -0.8656 -0.4367 -0.2452
vn 0.6529 -0.7346 0.1844
vn -0.6518 0.7357 -0.1841
vn -0.6520 -0.7346 -0.1878
vn 0.6508 0.7357 0.1875
vn 0.6806 0.7135 0.1664
vn -0.0072 0.9997 -0.0233
vn -0.1920 0.7143 0.6729
vn 0.4130 0.5901 0.6938
vn 0.6952 -0.6983 0.1703
vn 0.4130 -0.5901 0.6938
vn -0.1920 -0.7143 0.6729
vn 0.0183 -0.9997 -0.0164
vn 0.1693 -0.6973 -0.6965
vn 0.2188 0.7280 -0.6498
vn 0.7551 0.5597 -0.3413
vn 0.6781 -0.6127 -0.4059
vn 0.6696 -0.7107 0.2157
vn 0.6776 0.7023 0.2185
vn 0.6483 0.7385 0.1850
vn 0.7098 -0.6746 0.2025
vn 0.0257 -0.9996 0.0073
vn -0.0133 -0.9998 0.0152
vn 0.0024 0.9998 0.0194
vn -0.0257 0.9996 -0.0073
vn 0.6110 0.7220 0.3247
vn -0.0590 0.9775 0.2026
vn -0.2221 0.5872 0.7784
vn 0.4145 0.4789 0.7738
vn 0.7539 -0.6566 0.0240
vn 0.4245 -0.6759 0.6024
vn -0.1612 -0.8092 0.5649
vn 0.0770 -0.9695 -0.2325
vn 0.1350 -0.8131 -0.5662
vn 0.2388 0.6028 -0.7613
vn 0.7996 0.4501 -0.3976
vn 0.6417 -0.6935 -0.3275
vn 0.6365 -0.6735 0.3759
vn 0.7001 0.7121 0.0516
vn 0.6344 0.7515 0.1810
vn 0.7407 -0.6378 0.2113
vn 0.0201 -0.9998 0.0057
vn -0.0725 -0.9698 0.2331
vn 0.0718 0.9774 -0.1988
vn -0.0023 1.0000 -0.0007
vn 0.4725 0.0117 0.8812
vn -0.2938 0.0084 0.9558
vn 0.4860 -0.0111 0.8739
vn 0.8812 0.0117 -0.4726
vn 0.8739 -0.0111 -0.4860
vn 0.2936 0.0082 -0.9559
vn 0.8706 -0.0053 -0.4920
vn 0.4916 -0.0052 0.8708
vn 0.4374 -0.0000 0.8992
vn 0.8992 -0.0000 -0.4375
vn 0.2647 -0.0035 -0.9643
vn -0.2661 -0.0039 0.9639
vn 0.5649 0.0242 0.8248
vn -0.2171 0.0172 0.9760
vn 0.8246 0.0239 -0.5653
vn 0.2171 0.0169 -0.9760
vn 0.4884 0.0035 0.8726
vn -0.2707 0.0024 0.9627
vn 0.4859 -0.0121 0.8739
vn 0.8726 0.0035 -0.4884
vn 0.8739 -0.0121 -0.4860
vn 0.2707 0.0025 -0.9627
vn 0.8609 0.0034 -0.5087
vn 0.5085 0.0033 0.8611
vn 0.4951 0.0167 0.8687
vn 0.8687 0.0167 -0.4951
vn 0.2402 0.0024 -0.9707
vn -0.2406 0.0024 0.9706
vn 0.5673 -0.0077 0.8235
vn -0.2139 -0.0054 0.9769
vn 0.8233 -0.0076 -0.5676
vn 0.2138 -0.0053 -0.9769
vn 0.8724 0.0016 -0.4889
vn 0.3047 -0.0023 0.9525
vn 0.2858 -0.0183 0.9581
vn 0.8742 -0.0070 -0.4855
vn 0.8605 -0.0002 -0.5095
vn 0.3232 0.0129 0.9462
vn 0.3249 0.0099 0.9457
vn 0.8700 0.0097 -0.4930
vn 0.8260 -0.0099 -0.5636
vn 0.3749 0.0185 0.9269
vn 0.2358 -0.0013 -0.9718
vn 0.2035 -0.0109 -0.9790
vn -0.6090 0.0234 0.7929
vn -0.6030 0.0129 0.7977
vn -0.5972 0.0054 0.8021
vn -0.6255 -0.0036 0.7802
vn 0.2707 0.0012 -0.9627
vn 0.2670 0.0080 -0.9637
vn 0.2743 -0.0058 -0.9616
vn -0.6536 -0.0155 0.7566
vn 0.7425 -0.6349 0.2135
vn 0.0624 -0.9977 0.0249
vn 0.0343 -0.9993 0.0166
vn 0.6983 -0.6858 0.2054
vn 0.6137 0.7730 0.1608
vn 0.6596 0.7279 0.1874
vn 0.0065 -0.9999 0.0084
vn 0.6842 -0.6997 0.2055
vn 0.6696 0.7143 0.2034
vn -0.0108 0.9999 0.0064
vn -0.0356 0.9993 -0.0133
vn -0.0601 0.9977 -0.0327
vn 0.6983 -0.6857 0.2054
vn 0.7434 0.6349 0.2104
vn 0.0661 0.9977 0.0118
vn 0.0379 0.9993 0.0040
vn 0.7015 0.6857 0.1939
vn 0.6062 -0.7730 0.1873
vn 0.6592 -0.7279 0.1888
vn 0.0100 0.9999 -0.0037
vn 0.6897 0.6997 0.1864
vn 0.6761 -0.7143 0.1805
vn -0.0058 -0.9999 -0.0111
vn -0.0373 -0.9993 -0.0075
vn -0.0683 -0.9977 -0.0039
vn 0.9583 -0.0669 0.2777
vn 0.9614 -0.0375 0.2724
vn 0.9637 -0.0086 0.2669
vn 0.8992 -0.0000 -0.4374
vn 0.8739 -0.0121 -0.4859
vn -0.2138 -0.0054 0.9769
vn -0.5972 0.0054 0.8020
vn -0.6536 -0.0155 0.7567
vn 0.7015 0.6858 0.1939
vn 0.9616 0.0001 0.2745
vn -0.0014 1.0000 -0.0003
vn 0.2483 -0.4391 -0.8635
vn -0.2486 0.4367 0.8646
vn 0.0013 -1.0000 0.0005
vn -0.0014 1.0000 -0.0004
vn 0.6982 -0.6858 0.2054
vn -0.2743 -0.0098 0.9616
vn 0.9616 -0.0098 0.2743
vn 0.2743 -0.0098 -0.9616
vn -0.9616 -0.0098 -0.2743
vn -0.9614 0.0240 -0.2743
vn -0.9615 0.0178 -0.2743
vn 0.2743 0.0140 -0.9615
vn 0.2743 0.0111 -0.9616
vn 0.9615 0.0141 0.2743
vn 0.9616 0.0112 0.2743
vn -0.2743 0.0065 0.9616
vn -0.2743 0.0090 0.9616
vn -0.2742 0.0282 0.9612
vn -0.2742 0.0283 0.9612
vn -0.2743 0.0251 0.9613
vn 0.9615 0.0172 0.2743
vn 0.2743 0.0171 -0.9615
vn -0.9616 -0.0075 -0.2743
vn -0.9612 0.0316 -0.2742
vn 0.2742 0.0313 -0.9612
vn 0.9612 0.0311 0.2742
vn -0.2742 0.0313 0.9612
vn -0.9616 0.0115 -0.2743
vn 0.2743 0.0115 -0.9616
vn 0.9616 0.0115 0.2743
vn -0.2743 0.0115 0.9616
vn 0.9616 -0.0002 0.2743
vn 0.9616 -0.0038 0.2743
vn 0.2743 -0.0002 -0.9616
vn 0.2743 -0.0038 -0.9616
vn -0.9616 -0.0002 -0.2743
vn -0.9616 -0.0038 -0.2743
vn -0.2743 -0.0002 0.9616
vn -0.2743 -0.0038 0.9616
vn -0.2743 0.0159 0.9615
vn -0.2743 0.0096 0.9616
vn -0.9616 0.0104 -0.2743
vn -0.9616 0.0035 -0.2743
vn 0.2743 0.0104 -0.9616
vn 0.2743 0.0035 -0.9616
vn 0.9616 -0.0004 0.2743
vn 0.9616 0.0015 0.2743
vn 0.9616 0.0014 0.2743
vn 0.9613 0.0251 0.2743
vn -0.9615 0.0171 -0.2743
vn -0.2743 -0.0075 0.9616
vn -0.9616 -0.0043 -0.2743
vn -0.2743 -0.0043 0.9616
vn 0.9616 -0.0043 0.2743
vn 0.2743 -0.0043 -0.9616
vn 0.2743 -0.0006 -0.9616
vn 0.2743 0.0099 -0.9616
vn 0.9616 -0.0059 0.2743
vn -0.2743 -0.0060 0.9616
vn -0.9616 -0.0100 -0.2743
vn 0.2743 0.0134 -0.9615
vn 0.9615 0.0134 0.2743
vn -0.2743 0.0134 0.9615
vn -0.9615 0.0134 -0.2743
vn -0.9613 0.0245 -0.2743
vn -0.9615 0.0187 -0.2743
vn -0.9615 0.0188 -0.2743
vn 0.2743 0.0146 -0.9615
vn 0.2743 0.0125 -0.9616
vn 0.2743 0.0147 -0.9615
vn -0.2743 0.0081 0.9616
vn -0.2743 0.0105 0.9616
vn -0.9616 -0.0111 -0.2743
vn -0.2743 -0.0111 0.9616
vn 0.9616 -0.0111 0.2743
vn 0.2743 -0.0111 -0.9616
vn 0.2743 0.0167 -0.9615
vn 0.2743 0.0133 -0.9615
vn 0.9616 0.0108 0.2743
vn 0.9616 0.0071 0.2743
vn -0.2743 0.0108 0.9616
vn -0.2743 0.0071 0.9616
vn -0.9616 0.0004 -0.2743
vn -0.9616 0.0051 -0.2743
vn 0.9616 0.0099 0.2743
vn -0.2743 0.0099 0.9616
vn -0.9616 0.0099 -0.2743
vn -0.2743 0.0245 0.9613
vn -0.2743 0.0187 0.9615
vn -0.2743 0.0188 0.9615
vn -0.9615 0.0146 -0.2743
vn -0.9616 0.0125 -0.2743
vn -0.9615 0.0147 -0.2743
vn 0.9616 0.0081 0.2743
vn 0.9616 0.0105 0.2743
vn 0.9616 -0.0000 0.2744
vn 0.2743 0.0159 -0.9615
vn 0.2743 0.0096 -0.9616
vn 0.9616 0.0104 0.2743
vn 0.9616 0.0035 0.2743
vn -0.2743 0.0104 0.9616
vn -0.2743 0.0035 0.9616
vn -0.9616 -0.0004 -0.2743
vn -0.9616 0.0015 -0.2743
vn -0.9616 0.0014 -0.2743
vn -0.9615 0.0159 -0.2743
vn -0.9616 0.0096 -0.2743
vn -0.2743 -0.0004 0.9616
vn -0.2743 0.0015 0.9616
vn -0.2743 0.0014 0.9616
vn -0.2743 -0.0006 0.9616
vn -0.9616 -0.0060 -0.2743
vn 0.2743 -0.0060 -0.9616
vn 0.9616 -0.0100 0.2743
vn 0.9613 0.0245 0.2743
vn 0.9615 0.0187 0.2743
vn 0.9615 0.0188 0.2743
vn -0.2743 0.0146 0.9615
vn 0.2743 0.0081 -0.9616
vn 0.2743 0.0105 -0.9616
vn 0.2743 0.0251 -0.9613
vn 0.9616 -0.0075 0.2743
vn -0.2743 0.0167 0.9615
vn -0.2743 0.0133 0.9615
vn -0.9616 0.0108 -0.2743
vn -0.9616 0.0071 -0.2743
vn 0.2743 0.0108 -0.9616
vn 0.2743 0.0071 -0.9616
vn 0.9616 0.0004 0.2743
vn 0.9616 0.0051 0.2743
vn -0.2743 0.0130 0.9616
vn 0.2744 0.0035 -0.9616
vn -0.4904 0.8602 -0.1399
vn -0.5134 0.8455 -0.1465
vn -0.5169 0.8432 -0.1475
vn -0.6797 -0.7073 -0.1945
vn -0.6801 -0.7069 -0.1940
vn 0.6801 -0.7069 0.1940
vn 0.6800 -0.7073 0.1934
vn -0.6800 0.7071 -0.1940
vn 0.6800 0.7071 0.1940
vn -0.6800 -0.7073 -0.1934
vn 0.6797 -0.7073 0.1945
vn 0.4904 0.8602 0.1399
vn 0.5134 0.8455 0.1465
vn 0.5169 0.8432 0.1475
vn 0.2744 -0.0000 -0.9616
vn -0.6669 -0.7067 -0.2362
vn -0.6800 -0.7073 -0.1935
vn 0.6797 -0.7073 0.1944
vn 0.6912 -0.7067 0.1512
vn -0.6668 0.7067 -0.2367
vn 0.6913 0.7067 0.1507
vn 0.4211 0.5925 0.6867
vn -0.7201 0.5925 0.3611
vn -0.7202 -0.5923 0.3613
vn 0.4211 -0.5923 0.6869
vn -0.5135 0.8455 -0.1465
vn 0.5135 -0.8455 0.1465
vn 0.8131 0.5340 0.2320
vn -0.8131 -0.5340 -0.2320
vn 0.5135 0.8455 0.1465
vn -0.5135 -0.8455 -0.1465
vn -0.8131 0.5340 -0.2320
vn 0.8131 -0.5340 0.2320
vn -0.6801 -0.7071 -0.1934
vn 0.6798 -0.7071 0.1946
vn 0.6800 -0.7069 0.1947
vn -0.6804 -0.7069 -0.1934
vn -0.2744 -0.0000 0.9616
vn 0.6669 -0.7067 0.2362
vn 0.6800 -0.7073 0.1935
vn -0.6797 -0.7073 -0.1944
vn -0.6912 -0.7067 -0.1512
vn 0.6668 0.7067 0.2367
vn -0.6913 0.7067 -0.1507
vn -0.4211 0.5925 -0.6867
vn 0.7201 0.5925 -0.3611
vn 0.7202 -0.5923 -0.3613
vn -0.4211 -0.5923 -0.6869
vt 0.429688 0.412109
vt 0.429688 0.440430
vt 0.426758 0.440430
vt 0.426758 0.412109
vt 0.092773 0.060547
vt 0.005859 0.060547
vt 0.019531 0.000000
vt 0.092773 0.000000
vt 0.122070 0.146484
vt 0.122070 0.046875
vt 0.494141 0.046875
vt 0.494141 0.146484
vt 0.334961 0.062500
vt 0.098620 0.062500
vt 0.098620 0.000977
vt 0.334961 0.000977
vt 0.030273 0.004883
vt 0.493164 0.004883
vt 0.493164 0.092773
vt 0.018555 0.092773
vt 0.462891 0.000977
vt 0.462891 0.074219
vt 0.069336 0.074219
vt 0.069336 0.000977
vt 0.449449 0.439530
vt 0.439453 0.440430
vt 0.439453 0.412109
vt 0.449449 0.412109
vt 0.413385 0.062184
vt 0.181327 0.062188
vt 0.181327 0.001643
vt 0.413423 0.001436
vt 0.449219 0.062500
vt 0.449219 0.000977
vt 0.012695 0.390342
vt 0.012695 0.148438
vt 0.349609 0.148438
vt 0.353560 0.390342
vt 0.434570 0.440430
vt 0.434570 0.412109
vt 0.181641 0.060547
vt 0.073242 0.060547
vt 0.073242 0.000000
vt 0.181641 0.000000
vt 0.408203 0.062500
vt 0.316406 0.062500
vt 0.316406 0.000977
vt 0.408203 0.000977
vt 0.036867 0.360352
vt 0.036867 0.214844
vt 0.485528 0.214844
vt 0.485528 0.360352
vt 0.186523 0.060547
vt 0.186523 0.000000
vt 0.496094 0.000977
vt 0.497070 0.062500
vt 0.016602 0.300781
vt 0.016602 0.188477
vt 0.412109 0.188477
vt 0.416992 0.300781
vt 0.334961 0.120117
vt 0.102254 0.115298
vt 0.449219 0.120117
vt 0.334961 0.120117
vt 0.408203 0.127930
vt 0.316406 0.120117
vt 0.493164 0.099688
vt 0.493164 0.173907
vt 0.018555 0.173907
vt 0.018555 0.099688
vt 0.093194 0.059899
vt 0.186944 0.059899
vt 0.186945 0.115562
vt 0.093186 0.123390
vt 0.181641 0.116211
vt 0.073242 0.116211
vt 0.413698 0.060547
vt 0.412861 0.111437
vt 0.024414 0.167969
vt 0.474609 0.167969
vt 0.470703 0.256836
vt 0.024414 0.256836
vt 0.181641 0.174805
vt 0.073242 0.169922
vt 0.412950 0.111426
vt 0.413698 0.174805
vt 0.495117 0.286133
vt 0.495117 0.368164
vt 0.001953 0.368164
vt 0.001953 0.286133
vt 0.102283 0.115293
vt 0.334961 0.180664
vt 0.098620 0.180664
vt 0.449219 0.120117
vt 0.441406 0.175781
vt 0.493164 0.161244
vt 0.493164 0.254994
vt 0.018555 0.254994
vt 0.018555 0.161244
vt 0.413335 0.180118
vt 0.415468 0.229058
vt 0.181746 0.235932
vt 0.181846 0.180041
vt 0.482422 0.385742
vt 0.491211 0.468750
vt 0.003906 0.468750
vt 0.003906 0.385742
vt 0.098620 0.180664
vt 0.334961 0.237305
vt 0.091648 0.229242
vt 0.986328 0.983398
vt 0.951172 0.983398
vt 0.951172 0.782227
vt 0.986328 0.782227
vt 0.986328 0.753906
vt 0.986328 0.955078
vt 0.951172 0.955078
vt 0.951172 0.753906
vt 0.988281 0.846680
vt 0.988281 0.873047
vt 0.953125 0.873047
vt 0.953125 0.846680
vt 0.976562 0.955078
vt 0.976562 0.753906
vt 0.979492 0.873047
vt 0.979492 0.908203
vt 0.953125 0.908203
vt 0.892578 0.590820
vt 0.917969 0.590820
vt 0.917969 0.791992
vt 0.892578 0.791992
vt 0.957031 0.757812
vt 0.957031 0.682617
vt 0.989258 0.682617
vt 0.989258 0.757812
vt 0.898926 0.682176
vt 0.930664 0.682176
vt 0.930664 0.757614
vt 0.898926 0.757614
vt 0.884803 0.757614
vt 0.884803 0.682176
vt 0.988281 0.164062
vt 0.957031 0.164062
vt 0.957031 0.094727
vt 0.988281 0.094727
vt 0.969727 0.451172
vt 0.969536 0.283874
vt 0.983589 0.283874
vt 0.983398 0.451172
vt 0.921875 0.172852
vt 0.891602 0.172852
vt 0.891602 0.103516
vt 0.921875 0.103516
vt 0.957700 0.283885
vt 0.990828 0.283885
vt 0.989258 0.451172
vt 0.957031 0.451172
vt 0.930006 0.283885
vt 0.930664 0.451172
vt 0.898926 0.451172
vt 0.897380 0.283885
vt 0.899123 0.283824
vt 0.884803 0.451172
vt 0.884606 0.283824
vt 0.969727 0.571289
vt 0.983398 0.571289
vt 0.957031 0.571289
vt 0.989258 0.571289
vt 0.930664 0.571070
vt 0.898926 0.571070
vt 0.884803 0.571070
vt 0.969727 0.682617
vt 0.983398 0.682617
vt 0.969727 0.757812
vt 0.983398 0.757812
vt 0.986328 0.692383
vt 0.951172 0.692383
vt 0.951172 0.491211
vt 0.986328 0.491211
vt 0.986328 0.462891
vt 0.986328 0.664062
vt 0.951172 0.664062
vt 0.951172 0.462891
vt 0.976562 0.664062
vt 0.976562 0.462891
vt 0.892578 0.299805
vt 0.917969 0.299805
vt 0.917969 0.500977
vt 0.892578 0.500977
vt 0.986328 0.403320
vt 0.951172 0.403320
vt 0.951172 0.202148
vt 0.986328 0.202148
vt 0.986328 0.173828
vt 0.986328 0.375000
vt 0.951172 0.375000
vt 0.951172 0.173828
vt 0.976562 0.375000
vt 0.976562 0.173828
vt 0.892578 0.010742
vt 0.917969 0.010742
vt 0.917969 0.211914
vt 0.892578 0.211914
vt 0.986328 0.788086
vt 0.951172 0.788086
vt 0.951172 0.586914
vt 0.986328 0.586914
vt 0.986328 0.558594
vt 0.986328 0.759766
vt 0.951172 0.759766
vt 0.951172 0.558594
vt 0.976562 0.759766
vt 0.976562 0.558594
vt 0.892578 0.395508
vt 0.917969 0.395508
vt 0.917969 0.596680
vt 0.892578 0.596680
vt 0.986328 0.866211
vt 0.951172 0.866211
vt 0.951172 0.665039
vt 0.986328 0.665039
vt 0.986328 0.636719
vt 0.986328 0.837891
vt 0.951172 0.837891
vt 0.951172 0.636719
vt 0.976562 0.837891
vt 0.976562 0.636719
vt 0.892578 0.473633
vt 0.917969 0.473633
vt 0.917969 0.674805
vt 0.892578 0.674805
vt 0.957031 0.640625
vt 0.957031 0.565430
vt 0.989258 0.565430
vt 0.989258 0.640625
vt 0.899414 0.565430
vt 0.930664 0.565430
vt 0.930664 0.640625
vt 0.899414 0.640625
vt 0.884766 0.640625
vt 0.884766 0.565430
vt 0.969727 0.333984
vt 0.969536 0.166687
vt 0.983589 0.166687
vt 0.983398 0.333984
vt 0.957700 0.166697
vt 0.990827 0.166697
vt 0.989258 0.333984
vt 0.957031 0.333984
vt 0.930016 0.166697
vt 0.930664 0.333984
vt 0.899414 0.333984
vt 0.897892 0.166697
vt 0.899618 0.166637
vt 0.884766 0.333984
vt 0.884561 0.166637
vt 0.969727 0.454102
vt 0.983398 0.454102
vt 0.957031 0.454102
vt 0.989258 0.454102
vt 0.930664 0.454102
vt 0.899414 0.454102
vt 0.884766 0.454102
vt 0.969727 0.565430
vt 0.983398 0.565430
vt 0.969727 0.640625
vt 0.983398 0.640625
vt 0.986328 0.575195
vt 0.951172 0.575195
vt 0.951172 0.374023
vt 0.986328 0.374023
vt 0.986328 0.345703
vt 0.986328 0.546875
vt 0.951172 0.546875
vt 0.951172 0.345703
vt 0.976562 0.546875
vt 0.976562 0.345703
vt 0.892578 0.182617
vt 0.917969 0.182617
vt 0.917969 0.383789
vt 0.892578 0.383789
vt 0.986328 0.286133
vt 0.951172 0.286133
vt 0.951172 0.084961
vt 0.986328 0.084961
vt 0.986328 0.056641
vt 0.986328 0.257812
vt 0.951172 0.257812
vt 0.951172 0.056641
vt 0.976562 0.257812
vt 0.976562 0.056641
vt 0.892578 0.639648
vt 0.917969 0.639648
vt 0.917969 0.840820
vt 0.892578 0.840820
vt 0.986328 0.670898
vt 0.951172 0.670898
vt 0.951172 0.469727
vt 0.986328 0.469727
vt 0.986328 0.441406
vt 0.986328 0.642578
vt 0.951172 0.642578
vt 0.951172 0.441406
vt 0.976562 0.642578
vt 0.976562 0.441406
vt 0.892578 0.278320
vt 0.917969 0.278320
vt 0.917969 0.479492
vt 0.892578 0.479492
vt 0.957031 0.121094
vt 0.930664 0.121094
vt 0.899414 0.121094
vt 0.989258 0.121094
vt 0.920898 0.213867
vt 0.894531 0.213867
vt 0.894531 0.153320
vt 0.920898 0.153320
vt 0.018589 0.236773
vt 0.493170 0.236773
vt 0.493164 0.307086
vt 0.002970 0.307086
vt 0.938572 0.564151
vt 0.998214 0.564151
vt 0.998214 0.996208
vt 0.938572 0.996208
vt 0.876803 0.115061
vt 0.876803 0.569543
vt 0.939540 0.569543
vt 0.939540 0.115061
vt 0.876803 0.019286
vt 0.939540 0.019286
vt 0.939540 0.473768
vt 0.876803 0.473768
vt 0.997840 0.340557
vt 0.997840 0.287396
vt 0.944679 0.287396
vt 0.944679 0.340557
vt 0.883789 0.872070
vt 0.883789 0.127930
vt 0.939453 0.127930
vt 0.939453 0.872070
vt 0.940882 0.471795
vt 0.940882 0.528205
vt 0.997291 0.528205
vt 0.997291 0.471795
vt -0.000000 0.498047
vt 0.500000 0.498047
vt 0.500000 0.998047
vt -0.000000 0.998047
vt 0.735352 0.001953
vt 0.876953 0.001953
vt 0.876953 0.165039
vt 0.863281 0.191406
vt 0.843750 0.211914
vt 0.822266 0.221680
vt 0.788086 0.221680
vt 0.759766 0.204102
vt 0.754068 0.194986
vt 0.735352 0.163086
vt 0.374023 0.330078
vt 0.374023 0.333984
vt 0.371094 0.333984
vt 0.371094 0.330078
vt 0.369141 0.333984
vt 0.369141 0.330078
vt 0.369141 0.332031
vt 0.366211 0.330078
vt 0.366211 0.333984
vt 0.364258 0.334961
vt 0.364258 0.329102
vt 0.372070 0.327148
vt 0.367188 0.330078
vt 0.367188 0.327148
vt 0.372070 0.336914
vt 0.367188 0.336914
vt 0.367188 0.333984
vt 0.371094 0.332031
vt 0.375977 0.329102
vt 0.375977 0.334961
vt 0.378906 0.333984
vt 0.375977 0.332031
vt 0.375977 0.333984
vt 0.383789 0.333984
vt 0.383789 0.332031
vt 0.380859 0.327148
vt 0.380859 0.329102
vt 0.378906 0.329102
vt 0.378906 0.327148
vt 0.380859 0.333984
vt 0.380859 0.334961
vt 0.378906 0.330078
vt 0.380859 0.330078
vt 0.380859 0.332031
vt 0.378906 0.332031
vt 0.383789 0.334961
vt 0.383789 0.329102
vt 0.383789 0.327148
vt 0.375977 0.330078
vt 0.376953 0.332031
vt 0.376953 0.333984
vt 0.376953 0.334961
vt 0.376953 0.327148
vt 0.376953 0.329102
vt 0.375977 0.327148
vt 0.381836 0.333984
vt 0.376953 0.330078
vt 0.378906 0.334961
vt 0.383789 0.330078
vt 0.381836 0.329102
vt 0.381836 0.330078
vt 0.381836 0.332031
vt 0.381836 0.334961
vt 0.381836 0.327148
vt 0.882812 0.552734
vt 0.939453 0.552734
vt 0.939453 0.606445
vt 0.882812 0.606445
vt 0.935811 0.164965
vt 0.935811 0.210035
vt 0.878605 0.210035
vt 0.878605 0.164965
vt 0.882812 0.202148
vt 0.939453 0.202148
vt 0.940430 0.560547
vt 0.880859 0.560547
vt 0.880859 0.171875
vt 0.940430 0.171875
vt 0.945312 0.532227
vt 0.945312 0.109375
vt 0.997070 0.109375
vt 0.997070 0.532227
vt 0.880859 0.621094
vt 0.940430 0.621094
vt 0.940430 0.681641
vt 0.880859 0.681641
vt 0.997070 0.597656
vt 0.945312 0.597656
vt 0.940430 0.734375
vt 0.880859 0.734375
vt 0.939453 0.662109
vt 0.882812 0.662109
vt 0.997070 0.664062
vt 0.945312 0.664062
vt 0.939453 0.708984
vt 0.882812 0.708984
vt 0.997070 0.721680
vt 0.945312 0.721680
vt 0.997070 0.765625
vt 0.945312 0.765625
vt 0.940430 0.775391
vt 0.880859 0.775391
vt 0.939453 0.745117
vt 0.882812 0.745117
vt 0.945312 0.999023
vt 0.945312 0.933594
vt 0.997070 0.933594
vt 0.997070 0.999023
vt 0.945312 0.867188
vt 0.997070 0.867188
vt 0.945312 0.809570
vt 0.997070 0.809570
vt 0.997840 0.551383
vt 0.944679 0.551383
vt 0.944679 0.498223
vt 0.997840 0.498223
vt 0.500000 0.500000
vt 0.500000 1.000000
vt 0.750000 1.000000
vt 0.750000 0.500000
vt 0.940882 0.682622
vt 0.997291 0.682622
vt 0.997291 0.739031
vt 0.940882 0.739031
vt 0.938572 0.774978
vt 0.938572 0.991006
vt 0.998214 0.991006
vt 0.998214 0.774978
vt 0.876803 0.230113
vt 0.876803 0.457354
vt 0.939540 0.457354
vt 0.939540 0.230113
vt 0.944063 0.134098
vt 0.944063 0.583351
vt 0.976072 0.591760
vt 0.992580 0.575498
vt 0.992581 0.119632
vt 0.963460 0.111793
vt 0.976085 0.591751
vt 0.976098 0.591749
vt 0.944088 0.583338
vt 0.944076 0.583340
vt 0.944086 0.134103
vt 0.944099 0.134100
vt 0.963495 0.111794
vt 0.963482 0.111797
vt 0.992612 0.119633
vt 0.992611 0.575498
vt 0.992624 0.575496
vt 0.992625 0.119630
vt 0.992601 0.575502
vt 0.992614 0.575500
vt 0.976106 0.591764
vt 0.976093 0.591766
vt 0.944093 0.583350
vt 0.944096 0.134098
vt 0.944109 0.134096
vt 0.944105 0.583348
vt 0.963472 0.111781
vt 0.963485 0.111778
vt 0.992606 0.119619
vt 0.992593 0.119621
vt 0.882812 0.307617
vt 0.940430 0.307617
vt 0.940430 0.692383
vt 0.882812 0.692383
vt 0.876803 0.325888
vt 0.939540 0.325888
vt 0.939540 0.553129
vt 0.876803 0.553129
vt 0.001276 0.001126
vt 0.498101 0.001127
vt 0.498101 0.247109
vt 0.001276 0.247109
vt 0.940358 0.627304
vt 1.000000 0.627304
vt 1.000000 0.783554
vt 0.940358 0.783554
vt 0.940358 0.473835
vt 0.940358 0.630085
vt 1.000000 0.630085
vt 1.000000 0.473835
vt 0.940358 0.730562
vt 0.940358 0.886812
vt 1.000000 0.886812
vt 1.000000 0.730562
vt 0.940358 0.828829
vt 1.000000 0.828829
vt 1.000000 0.985079
vt 0.940358 0.985079
vt 0.876248 0.923766
vt 0.876248 0.865687
vt 0.934327 0.865687
vt 0.934327 0.923766
vt 0.939996 0.400470
vt 0.939996 0.337457
vt 0.876983 0.337457
vt 0.876983 0.400470
vt 0.940358 0.516329
vt 1.000000 0.516329
vt 1.000000 0.672579
vt 0.940358 0.672579
vt 0.940358 0.418062
vt 0.940358 0.574312
vt 1.000000 0.574312
vt 1.000000 0.418062
vt 0.940358 0.161334
vt 0.940358 0.317585
vt 1.000000 0.317585
vt 1.000000 0.161334
vt 0.940358 0.314804
vt 1.000000 0.314804
vt 1.000000 0.471054
vt 0.940358 0.471054
vt 0.940358 0.236679
vt 1.000000 0.236679
vt 0.940358 0.083209
vt 1.000000 0.083209
vt 0.940358 0.339937
vt 1.000000 0.339937
vt 0.940358 0.438204
vt 1.000000 0.438204
vt 0.940358 0.360079
vt 1.000000 0.360079
vt 0.940358 0.261812
vt 1.000000 0.261812
vt 0.940358 0.005084
vt 1.000000 0.005084
vt 0.940358 0.158554
vt 1.000000 0.158554
vt 0.000100 0.502278
vt 0.498454 0.502278
vt 0.249277 0.876043
vt 0.883789 0.627930
vt 0.883789 0.849609
vt 0.941406 0.849609
vt 0.939453 0.627930
vt 0.998047 0.063477
vt 0.997070 0.012695
vt 0.943359 0.013672
vt 0.943359 0.064453
vt 0.940430 0.219727
vt 0.940430 0.093750
vt 0.884766 0.093750
vt 0.884766 0.219727
vt 0.879697 0.134552
vt 0.938375 0.134552
vt 0.938375 0.075874
vt 0.879697 0.075874
vt 0.999023 0.219727
vt 0.999023 0.093750
vt 0.998047 0.130859
vt 0.998047 0.004883
vt 0.939453 0.004883
vt 0.939453 0.130859
vt 0.996094 0.849609
vt 0.998047 0.627930
vt 0.998047 0.499023
vt 0.939453 0.499023
vt 0.998047 0.374023
vt 0.939453 0.374023
vt 0.998047 0.252930
vt 0.939453 0.252930
vt 0.996863 0.938287
vt 0.999023 0.716797
vt 0.940430 0.716797
vt 0.942259 0.938335
vt 0.999023 0.587891
vt 0.940430 0.587891
vt 0.999023 0.462891
vt 0.940430 0.462891
vt 0.999023 0.341797
vt 0.940430 0.341797
vt 0.884766 0.716797
vt 0.884573 0.938237
vt 0.884766 0.587891
vt 0.884766 0.462891
vt 0.884766 0.341797
vt 0.883789 0.004883
vt 0.883789 0.130859
vt 0.883789 0.252930
vt 0.883789 0.374023
vt 0.883789 0.499023
vt 0.883447 0.851369
vt 0.883447 0.981505
vt 0.939300 0.981505
vt 0.939300 0.851369
vt 0.943050 0.077368
vt 0.943050 0.014163
vt 0.879844 0.014163
vt 0.879844 0.077368
vt 0.940247 0.245769
vt 0.937407 0.025570
vt 0.882894 0.025722
vt 0.884394 0.245769
vt 0.887479 0.111371
vt 0.944770 0.108044
vt 0.940656 0.049916
vt 0.883366 0.053989
vt 0.998504 0.245769
vt 0.999211 0.026090
vt 0.942097 0.025918
vt 0.997558 0.354283
vt 0.998348 0.134668
vt 0.941306 0.134532
vt 0.939300 0.354283
vt 0.997558 0.981505
vt 0.997558 0.851369
vt 0.997558 0.722537
vt 0.939300 0.722537
vt 0.997558 0.597758
vt 0.939300 0.597758
vt 0.997558 0.476478
vt 0.939300 0.476478
vt 0.998504 0.872992
vt 0.998504 0.742855
vt 0.940247 0.742855
vt 0.940247 0.872992
vt 0.998504 0.614023
vt 0.940247 0.614023
vt 0.998504 0.489245
vt 0.940247 0.489245
vt 0.998504 0.367964
vt 0.940247 0.367964
vt 0.884394 0.742855
vt 0.884394 0.872992
vt 0.884394 0.614023
vt 0.884394 0.489245
vt 0.884394 0.367964
vt 0.881976 0.134511
vt 0.883447 0.354283
vt 0.936608 0.134966
vt 0.883447 0.476478
vt 0.883447 0.597758
vt 0.883447 0.722537
vt 0.996283 0.431443
vt 0.996283 0.239011
vt 0.940497 0.239011
vt 0.940497 0.431443
vt 0.938591 0.726449
vt 0.938591 0.781182
vt 0.995785 0.781182
vt 0.995785 0.726449
vt 0.886074 0.239011
vt 0.886074 0.431443
vt 0.885713 0.431443
vt 0.885546 0.661005
vt 0.940135 0.660940
vt 0.940135 0.431443
vt 0.886475 0.002181
vt 0.886475 0.191341
vt 0.939972 0.191341
vt 0.939972 0.002181
vt 0.883846 0.416936
vt 0.937506 0.417001
vt 0.994810 0.191341
vt 0.994810 0.002181
vt 0.939727 0.416494
vt 0.995055 0.416494
vt 0.996525 0.660513
vt 0.940256 0.660513
vt 0.877930 0.237305
vt 0.938477 0.237305
vt 0.938477 0.458008
vt 0.877930 0.458008
vt 0.877930 0.125977
vt 0.877930 0.566406
vt 0.938477 0.566406
vt 0.938477 0.125977
vt 0.938572 0.224658
vt 0.998214 0.224658
vt 0.998214 0.656715
vt 0.938572 0.656715
vt 0.877930 0.373047
vt 0.938477 0.373047
vt 0.938477 0.813477
vt 0.877930 0.813477
vt 0.250000 0.250000
vt 0.499023 0.250000
vt 0.499023 0.499023
vt 0.250000 0.499023
vt 0.250000 0.039812
vt 0.499023 0.040372
vt 0.250000 0.016134
vt 0.274269 0.016086
vt 0.285271 0.008530
vt 0.328074 0.016997
vt 0.340948 0.012743
vt 0.374140 0.016973
vt 0.393267 0.016490
vt 0.411832 0.006635
vt 0.441835 0.015527
vt 0.456857 0.016916
vt 0.472761 0.006290
vt 0.486310 0.014571
vt 0.499023 0.013169
vt 0.626953 0.004883
vt 0.626953 0.073712
vt 0.508789 0.073712
vt 0.508789 0.004883
vt 0.980469 0.004883
vt 0.980469 0.073712
vt 0.862305 0.073712
vt 0.862305 0.004883
vt 0.862305 0.073712
vt 0.744141 0.073712
vt 0.744141 0.004883
vt 0.744141 0.073712
vt 0.626953 0.073712
vt 0.873047 0.132444
vt 0.752930 0.132444
vt 0.752930 0.029297
vt 0.873047 0.029297
vt 0.745117 0.127930
vt 0.745117 0.090820
vt 0.862305 0.090820
vt 0.862305 0.127930
vt 0.626953 0.127930
vt 0.626953 0.090820
vt 0.508789 0.127930
vt 0.508789 0.090820
vt 0.980469 0.090820
vt 0.980469 0.127930
vt 0.866419 0.490818
vt 0.976354 0.490818
vt 0.512903 0.490818
vt 0.622839 0.490818
vt 0.631067 0.490818
vt 0.741003 0.490818
vt 0.749198 0.490818
vt 0.858224 0.490818
vt 0.958984 0.122070
vt 0.958984 0.046875
vt 0.983398 0.023438
vt 0.983398 0.145508
vt 0.883789 0.046875
vt 0.860352 0.023438
vt 0.883789 0.122070
vt 0.860352 0.145508
vt 0.852539 0.492188
vt 0.852539 0.349609
vt 0.994141 0.349609
vt 0.994141 0.492188
vt 0.632812 0.132444
vt 0.511719 0.132444
vt 0.511719 0.029297
vt 0.632812 0.029297
vt 0.752930 0.132444
vt 0.632813 0.132444
vt 0.994141 0.132444
vt 0.994141 0.029297
vt 0.861328 0.355469
vt 0.979492 0.355469
vt 0.979492 0.496094
vt 0.861328 0.496094
vt 0.625000 0.355469
vt 0.743164 0.355469
vt 0.743164 0.496094
vt 0.625000 0.496094
vt 0.506836 0.355469
vt 0.506836 0.496094
vt 0.501740 0.499878
vt 0.751740 0.499878
vt 0.751740 0.999878
vt 0.501740 0.999878
vt 0.878906 0.115234
vt 0.878906 0.569336
vt 0.941406 0.569336
vt 0.941406 0.115234
vt 0.878906 0.019531
vt 0.941406 0.019531
vt 0.941406 0.473633
vt 0.878906 0.473633
vt 0.501030 0.499956
vt 0.751030 0.499956
vt 0.751030 0.999956
vt 0.501030 0.999956
vt 0.888180 0.212891
vt 0.930180 0.212891
vt 0.930180 0.641711
vt 0.888180 0.641711
vt 0.896977 0.114258
vt 0.896977 0.543079
vt 0.915125 0.543078
vt 0.915125 0.114258
vt 0.896977 0.011719
vt 0.915125 0.011719
vt 0.915125 0.439638
vt 0.896977 0.439638
vt 0.892936 0.608638
vt 0.892936 0.565190
vt 0.909832 0.565190
vt 0.909832 0.608638
vt 0.944065 0.134098
vt 0.944065 0.583351
vt 0.976073 0.591760
vt 0.992581 0.575498
vt 0.992582 0.119632
vt 0.963461 0.111792
vt 0.976084 0.591753
vt 0.944074 0.583342
vt 0.944087 0.583339
vt 0.976096 0.591751
vt 0.944083 0.134102
vt 0.963479 0.111796
vt 0.963492 0.111794
vt 0.944096 0.134100
vt 0.992608 0.119633
vt 0.992607 0.575498
vt 0.992620 0.575496
vt 0.992621 0.119630
vt 0.992599 0.575502
vt 0.976091 0.591765
vt 0.976103 0.591763
vt 0.992611 0.575499
vt 0.944089 0.583351
vt 0.944091 0.134098
vt 0.944105 0.134096
vt 0.944101 0.583348
vt 0.963471 0.111782
vt 0.992591 0.119623
vt 0.992604 0.119620
vt 0.963484 0.111780
vt 0.944065 0.530284
vt 0.963460 0.507978
vt 0.992581 0.515818
vt 0.992581 0.971684
vt 0.976074 0.987946
vt 0.944065 0.979537
vt 0.976084 0.987939
vt 0.976097 0.987937
vt 0.944087 0.979525
vt 0.944074 0.979528
vt 0.944083 0.530288
vt 0.944096 0.530286
vt 0.963492 0.507980
vt 0.963479 0.507982
vt 0.992608 0.515819
vt 0.992621 0.515816
vt 0.992620 0.971682
vt 0.992607 0.971684
vt 0.992598 0.971688
vt 0.992611 0.971685
vt 0.976103 0.987949
vt 0.976091 0.987951
vt 0.944089 0.979537
vt 0.944101 0.979534
vt 0.944105 0.530282
vt 0.944091 0.530284
vt 0.963471 0.507968
vt 0.963483 0.507966
vt 0.992604 0.515806
vt 0.992592 0.515809
vt 0.879883 0.831055
vt 0.879883 0.030273
vt 0.939453 0.030273
vt 0.939453 0.831055
vt 0.000000 0.000000
vt 0.856880 0.000000
vt 0.958081 0.057212
vt 1.000000 0.195334
vt 1.000000 0.804666
vt 0.958081 0.942788
vt 0.856880 1.000000
vt 0.000000 1.000000
vt 0.999023 0.626953
vt 0.999023 0.783203
vt 0.999023 0.886719
vt 0.999023 0.730469
vt 0.999023 0.829102
vt 0.999023 0.985352
vt 0.999023 0.516602
vt 0.999023 0.672852
vt 0.999023 0.574219
vt 0.999023 0.417969
vt 0.999023 0.314453
vt 0.999023 0.470703
vt 0.999023 0.158203
vt 0.999023 0.261719
vt 0.999023 0.360352
vt 0.998047 0.626953
vt 0.998047 0.783203
vt 0.998047 0.886719
vt 0.998047 0.730469
vt 0.879883 0.745117
vt 0.939453 0.901367
vt 0.879883 0.901367
vt 0.880859 0.923828
vt 0.880859 0.865234
vt 0.940539 0.865687
vt 0.940539 0.923766
vt 0.942529 0.397088
vt 0.942529 0.341424
vt 0.880859 0.340820
vt 0.880859 0.396484
vt 0.879883 0.432617
vt 0.939453 0.432617
vt 0.934540 0.588867
vt 0.879883 0.588867
vt 0.998047 0.574219
vt 0.998047 0.417969
vt 0.998047 0.314453
vt 0.998047 0.470703
vt 0.940134 0.471054
vt 0.998047 0.158203
vt 0.998047 0.261719
vt 0.879883 0.276367
vt 0.939453 0.276367
vt 0.944336 0.599609
vt 0.995624 0.599609
vt 0.995662 0.723633
vt 0.944336 0.723633
vt 0.944336 0.681641
vt 0.944336 0.805664
vt 0.995662 0.805664
vt 0.995624 0.681641
vt 0.944336 0.759766
vt 0.992188 0.759766
vt 0.992188 0.883789
vt 0.944336 0.883789
vt 0.944336 0.511719
vt 0.992188 0.511719
vt 0.992188 0.635742
vt 0.944336 0.635742
vt 0.944336 0.433594
vt 0.944336 0.557617
vt 0.995857 0.557623
vt 0.995720 0.433597
vt 0.944336 0.352539
vt 0.995721 0.352536
vt 0.995858 0.475580
vt 0.944336 0.475586
vt 0.995720 0.681638
vt 0.995857 0.557612
vt 0.995858 0.475592
vt 0.995721 0.599612
vt 0.944336 0.228516
vt 0.995761 0.228510
vt 0.995677 0.352536
vt 0.944336 0.309570
vt 0.995676 0.433597
vt 0.995763 0.309576
vt 0.944336 0.387695
vt 0.992188 0.387695
vt 0.950195 0.433594
vt 0.994956 0.433594
vt 0.994982 0.541016
vt 0.950195 0.541016
vt 0.950195 0.575195
vt 0.950195 0.683594
vt 0.994981 0.683594
vt 0.994956 0.575195
vt 0.950195 0.372070
vt 0.992188 0.372070
vt 0.992188 0.480469
vt 0.950195 0.480469
vt 0.950195 0.155273
vt 0.992188 0.155273
vt 0.992188 0.263672
vt 0.950195 0.263672
vt 0.950195 0.358398
vt 0.950195 0.466797
vt 0.995132 0.466797
vt 0.995171 0.358399
vt 0.950195 0.217773
vt 0.995171 0.217773
vt 0.995132 0.326172
vt 0.950195 0.326172
vt 0.994978 0.575196
vt 0.995020 0.466797
vt 0.995020 0.326171
vt 0.994978 0.433594
vt 0.950195 0.109375
vt 0.995173 0.109377
vt 0.995194 0.217774
vt 0.950195 0.251953
vt 0.995194 0.358398
vt 0.995173 0.251952
vt 0.950195 0.048828
vt 0.992188 0.048828
vt 0.911133 0.186523
vt 0.888672 0.186523
vt 0.890625 0.070312
vt 0.911133 0.070312
vt 0.913086 0.420898
vt 0.893555 0.420898
vt 0.891602 0.303711
vt 0.912109 0.303711
vt 0.914062 0.537109
vt 0.893555 0.535156
vt 0.922852 0.420898
vt 0.923828 0.537109
vt 0.992188 0.535156
vt 0.982422 0.535156
vt 0.980469 0.420898
vt 0.990234 0.420898
vt 0.992188 0.303711
vt 0.981933 0.303223
vt 0.983398 0.186523
vt 0.994141 0.186523
vt 0.921875 0.186523
vt 0.922363 0.303223
vt 0.921875 0.070312
vt 0.981934 0.070312
vt 0.992188 0.070312
vt 0.992188 0.840820
vt 0.982422 0.840820
vt 0.980469 0.726562
vt 0.990234 0.726562
vt 0.914062 0.842773
vt 0.893555 0.840820
vt 0.893555 0.726562
vt 0.913086 0.726562
vt 0.981445 0.608398
vt 0.992188 0.609375
vt 0.891602 0.609375
vt 0.912109 0.609375
vt 0.922852 0.608398
vt 0.922852 0.726562
vt 0.923828 0.842773
vt 0.992188 0.986328
vt 0.982422 0.986328
vt 0.980469 0.872070
vt 0.990234 0.872070
vt 0.914062 0.988281
vt 0.893555 0.986328
vt 0.893555 0.872070
vt 0.913086 0.872070
vt 0.981445 0.753906
vt 0.992188 0.754883
vt 0.891602 0.754883
vt 0.912109 0.754883
vt 0.922852 0.753906
vt 0.922852 0.872070
vt 0.923828 0.988281
vt 0.911133 0.642578
vt 0.890625 0.640625
vt 0.890625 0.526367
vt 0.910156 0.526367
vt 0.888672 0.409180
vt 0.909180 0.409180
vt 0.919922 0.408203
vt 0.919922 0.526367
vt 0.920898 0.642578
vt 0.891819 0.038637
vt 0.891819 0.638270
vt 0.917083 0.649494
vt 0.930113 0.627788
vt 0.930113 0.019329
vt 0.907128 0.008865
vt 0.976082 0.591755
vt 0.944072 0.583344
vt 0.944085 0.583341
vt 0.976094 0.591753
vt 0.944079 0.134101
vt 0.963475 0.111795
vt 0.963488 0.111792
vt 0.944092 0.134099
vt 0.992601 0.119633
vt 0.992601 0.575498
vt 0.992613 0.575495
vt 0.992615 0.119630
vt 0.992595 0.575501
vt 0.976087 0.591764
vt 0.976099 0.591762
vt 0.992607 0.575498
vt 0.944083 0.583351
vt 0.944085 0.134098
vt 0.944098 0.134096
vt 0.944095 0.583348
vt 0.963469 0.111785
vt 0.992589 0.119625
vt 0.992602 0.119623
vt 0.963482 0.111782
vt 0.941406 0.981445
vt 0.941406 0.235352
vt 0.997070 0.235352
vt 0.997070 0.981445
vt 1.000000 0.621984
vt 0.940358 0.621984
vt 0.940358 0.468514
vt 1.000000 0.468514
vt 0.940358 0.725241
vt 1.000000 0.725241
vt 1.000000 0.823509
vt 0.940358 0.823509
vt 0.000977 0.250000
vt 0.000977 0.499023
vt 0.000977 0.000977
vt 0.250000 0.000977
vt 0.499023 0.000977
vt 0.000977 0.039828
vt 0.250000 0.039828
vt 0.250000 0.039828
vt 0.499023 0.039828
vt 0.000977 0.014996
vt 0.011074 0.015950
vt 0.025120 0.010837
vt 0.041924 0.015966
vt 0.063257 0.012442
vt 0.081108 0.016626
vt 0.113883 0.014556
vt 0.133112 0.018769
vt 0.146461 0.009421
vt 0.167650 0.015579
vt 0.193867 0.016955
vt 0.207367 0.012131
vt 0.236523 0.015488
vt 0.250000 0.015740
vt 0.250000 0.013928
vt 0.271182 0.016429
vt 0.284926 0.008984
vt 0.326784 0.015890
vt 0.339726 0.012011
vt 0.392256 0.016826
vt 0.411761 0.011596
vt 0.432795 0.014816
vt 0.458286 0.015969
vt 0.471036 0.008103
vt 0.488670 0.013992
vt 0.499023 0.014996
vt 0.939067 0.739897
vt 0.941063 0.382338
vt 0.884241 0.382338
vt 0.882245 0.739897
vt 0.994788 0.739889
vt 0.994788 0.382346
vt 0.940065 0.382346
vt 0.940065 0.739889
vt 0.994571 0.997702
vt 0.994571 0.640159
vt 0.939847 0.640159
vt 0.939847 0.997702
vt 0.940845 0.997710
vt 0.938849 0.640150
vt 0.882027 0.640150
vt 0.884023 0.997710
vt 0.876803 0.003975
vt 0.939540 0.003975
vt 0.939540 0.231216
vt 0.876802 0.231216
vt 0.938572 0.489261
vt 0.998214 0.489261
vt 0.998214 0.705289
vt 0.938572 0.705289
vt 0.876803 0.025341
vt 0.876802 0.252582
vt 0.939540 0.252582
vt 0.939540 0.025341
vt 0.939067 0.024779
vt 0.882244 0.024779
vt 0.994788 0.382329
vt 0.994788 0.024787
vt 0.940065 0.024787
vt 0.940065 0.382330
vt 0.994571 0.640142
vt 0.994570 0.282600
vt 0.939847 0.282600
vt 0.939847 0.640142
vt 0.938849 0.640150
vt 0.940845 0.282591
vt 0.884023 0.282591
vt 0.940293 0.285721
vt 0.882245 0.024779
vt 0.883701 0.285722
vt 0.994771 0.285719
vt 0.994788 0.024786
vt 0.940065 0.024786
vt 0.994573 0.543531
vt 0.994570 0.282599
vt 0.939847 0.282599
vt 0.939626 0.543533
vt 0.940845 0.282591
vt 0.882567 0.543535
vt 0.886669 0.333984
vt 0.939403 0.333984
vt 0.939403 0.384766
vt 0.886669 0.384766
vt 0.938579 0.688601
vt 0.881757 0.688601
vt 0.994575 0.688592
vt 0.939873 0.688592
vt 0.994762 0.430779
vt 0.940060 0.430779
vt 0.941333 0.430789
vt 0.884511 0.430789
vt 0.250000 0.498047
vt 0.500000 0.843660
vt 0.250000 0.999023
vt -0.000000 0.843660
vt -0.021276 0.498047
vt 0.500000 0.816960
vt 0.940430 0.020508
vt 1.000000 0.020508
vt 1.000000 0.980539
vt 0.940430 0.980541
vt 1.000000 0.996094
vt 1.000000 0.037109
vt 0.940430 0.037109
vt 0.940430 0.996094
vt 1.000000 0.992188
vt 1.000000 0.033203
vt 0.940430 0.033203
vt 0.940430 0.992188
vt 0.940430 0.023438
vt 1.000000 0.023438
vt 1.000000 0.982422
vt 0.940430 0.982422
vt 0.876248 0.923766
vt 0.938477 0.996094
vt 0.878906 0.996094
vt 0.878906 0.037109
vt 0.938477 0.037109
vt 1.000000 0.488550
vt 0.940358 0.488550
vt 0.940358 0.335080
vt 1.000000 0.335080
vt 0.940358 0.591807
vt 1.000000 0.591807
vt 1.000000 0.690075
vt 0.940358 0.690075
vt 0.940430 0.393555
vt 0.940430 0.723633
vt 1.000000 0.723633
vt 1.000000 0.393555
s 1
usemtl MAIN.004
f 2/1/1 3/2/2 4/3/3 1/4/4
f 5/5/5 8/6/6 4/7/3 3/8/2
f 6/9/7 7/10/8 8/11/6 5/12/5
f 14/13/9 11/14/10 10/15/11 13/16/1
f 9/17/12 10/18/11 11/19/10 12/20/13
f 4/21/3 8/22/6 7/23/8 1/24/4
f 9/25/12 15/26/14 13/27/1 10/28/11
f 12/29/13 20/30/15 15/31/14 9/32/12
f 22/33/9 14/13/9 13/16/1 21/34/1
f 17/35/16 18/36/17 19/37/18 16/38/19
f 15/26/14 23/39/2 21/40/1 13/27/1
f 20/41/15 28/42/20 23/43/2 15/44/14
f 6/45/7 22/46/9 21/47/1 2/48/1
f 25/49/21 26/50/22 27/51/23 24/52/24
f 23/39/2 3/2/2 2/1/1 21/40/1
f 28/53/20 5/5/5 3/8/2 23/54/2
f 1/55/4 7/56/8 6/45/7 2/48/1
f 30/57/25 31/58/26 32/59/27 29/60/28
f 14/13/9 35/61/9 33/62/29 11/14/10
f 22/33/9 30/63/25 35/64/9 14/13/9
f 6/45/7 31/65/26 30/66/25 22/46/9
f 11/67/10 33/68/29 34/69/30 12/70/13
f 5/71/5 28/72/20 29/73/28 32/74/27
f 20/41/15 36/75/31 29/76/28 28/42/20
f 20/41/15 12/77/13 34/78/30 36/75/31
f 6/79/7 5/80/5 32/81/27 31/82/26
f 36/75/31 24/83/24 27/84/23 29/76/28
f 34/85/30 37/86/32 24/83/24 36/75/31
f 29/87/28 27/88/23 26/89/22 30/90/25
f 33/91/29 35/64/9 25/92/21 38/93/33
f 35/64/9 30/94/25 26/95/22 25/92/21
f 33/96/29 38/97/33 37/98/32 34/99/30
f 37/100/32 16/101/19 19/102/18 24/103/24
f 24/104/24 19/105/18 18/106/17 25/107/21
f 38/108/33 25/92/21 18/109/17 17/110/16
f 40/111/34 41/112/35 42/113/11 39/114/36
f 44/115/37 45/116/38 46/117/39 43/118/40
f 42/119/11 44/120/37 43/121/40 39/122/36
f 41/123/35 45/117/38 44/118/37 42/124/11
f 40/121/34 46/125/39 45/126/38 41/127/35
f 39/128/36 43/129/40 46/130/39 40/131/34
f 48/132/41 49/133/42 50/134/43 47/135/44
f 52/136/45 53/137/46 54/138/47 51/139/48
f 52/136/45 51/139/48 47/140/44 50/141/43
f 56/142/49 57/143/50 58/144/51 55/145/52
f 60/146/53 57/147/50 56/148/49 59/149/54
f 47/150/44 51/151/48 54/152/47 48/153/41
f 56/154/49 55/155/52 61/156/55 59/157/54
f 57/158/50 60/159/53 62/160/56 58/161/51
f 58/162/51 62/160/56 61/163/55 55/164/52
f 64/165/57 60/146/53 59/149/54 63/166/58
f 63/167/58 59/157/54 61/156/55 65/168/59
f 62/160/56 60/159/53 64/169/57 66/170/60
f 62/160/56 66/170/60 65/171/59 61/163/55
f 53/172/46 64/165/57 63/166/58 49/173/42
f 65/168/59 50/134/43 49/133/42 63/167/58
f 66/170/60 64/169/57 53/137/46 52/136/45
f 66/170/60 52/136/45 50/141/43 65/171/59
f 54/174/47 53/172/46 49/173/42 48/175/41
f 68/176/61 69/177/62 70/178/62 67/179/61
f 72/180/63 73/181/63 74/182/64 71/183/64
f 69/184/62 73/182/63 72/183/63 70/185/62
f 67/186/61 71/187/64 74/188/64 68/189/61
f 76/190/61 77/191/62 78/192/62 75/193/61
f 80/194/63 81/195/63 82/196/64 79/197/64
f 77/198/62 81/196/63 80/197/63 78/199/62
f 75/200/61 79/201/64 82/202/64 76/203/61
f 84/204/65 85/205/66 86/206/67 83/207/68
f 88/208/63 89/209/63 90/210/64 87/211/64
f 85/212/66 89/210/63 88/211/63 86/213/67
f 83/214/68 87/215/64 90/216/64 84/217/65
f 92/218/61 93/219/62 94/220/62 91/221/61
f 96/222/63 97/223/63 98/224/64 95/225/64
f 93/226/62 97/224/63 96/225/63 94/227/62
f 91/228/61 95/229/64 98/230/64 92/231/61
f 100/232/41 101/233/42 102/234/43 99/235/44
f 104/236/45 105/237/46 106/238/47 103/239/48
f 104/236/45 103/239/48 99/240/44 102/241/43
f 112/242/69 109/243/50 108/244/49 111/245/54
f 108/246/49 107/247/52 113/248/55 111/249/54
f 109/250/50 112/251/69 114/252/56 110/253/51
f 110/254/51 114/252/56 113/255/55 107/256/52
f 116/257/57 112/242/69 111/245/54 115/258/70
f 115/259/70 111/249/54 113/248/55 117/260/59
f 114/252/56 112/251/69 116/261/57 118/262/60
f 114/252/56 118/262/60 117/263/59 113/255/55
f 105/264/46 116/257/57 115/258/70 101/265/42
f 117/260/59 102/234/43 101/233/42 115/259/70
f 118/262/60 116/261/57 105/237/46 104/236/45
f 118/262/60 104/236/45 102/241/43 117/263/59
f 106/266/47 105/264/46 101/265/42 100/267/41
f 120/268/61 121/269/62 122/270/62 119/271/61
f 124/272/63 125/273/63 126/274/64 123/275/64
f 121/276/62 125/274/63 124/275/63 122/277/62
f 119/278/61 123/279/64 126/280/64 120/281/61
f 128/282/61 129/283/62 130/284/62 127/285/61
f 132/286/63 133/287/63 134/288/64 131/289/64
f 129/290/62 133/288/63 132/289/63 130/291/62
f 127/292/61 131/293/64 134/294/64 128/295/61
f 136/296/61 137/297/62 138/298/62 135/299/61
f 140/300/63 141/301/63 142/302/64 139/303/64
f 137/304/62 141/302/63 140/303/63 138/305/62
f 135/306/61 139/307/64 142/308/64 136/309/61
f 108/310/49 109/311/50 110/312/51 107/313/52
f 99/314/44 103/315/48 106/316/47 100/317/41
f 37/318/32 38/319/33 17/320/16 16/321/19
f 150/322/71 149/323/71 148/324/71 152/325/71
f 153/326/72 147/327/72 148/328/72 149/329/72
f 154/330/73 150/331/73 152/332/73 151/333/73
f 153/334/9 149/335/9 150/336/9 154/337/9
f 154/338/74 151/339/74 147/340/74 153/341/74
f 148/342/31 147/343/31 151/344/31 152/345/31
f 145/346/71 146/347/71 144/348/71 143/349/71
f 155/350/75 156/351/75 161/352/75 163/353/75 164/354/75 162/355/75 157/356/75 160/357/75 159/358/75 158/359/75
f 181/360/76 182/361/76 173/362/76 174/363/76
f 170/364/77 169/365/77 179/366/77 180/366/77
f 183/367/78 184/368/78 166/369/78 165/370/78
f 181/371/79 174/363/79 175/372/79 183/373/79
f 182/374/80 168/374/80 166/375/80 184/375/80
f 172/362/71 171/363/71 174/363/71 173/362/71
f 171/363/71 169/365/71 175/372/71 174/363/71
f 170/364/71 172/362/71 173/362/71 176/376/71
f 169/365/71 170/364/71 176/376/71 175/372/71
f 178/377/71 177/377/71 180/366/71 179/366/71
f 169/365/81 171/363/81 178/377/81 179/366/81
f 172/362/82 170/364/82 180/366/82 177/377/82
f 171/363/83 172/362/83 177/377/83 178/377/83
f 173/362/84 182/374/84 184/375/84 176/376/84
f 167/371/85 181/371/85 183/373/85 165/373/85
f 175/372/86 176/376/86 184/368/86 183/367/86
f 167/378/87 168/379/87 182/361/87 181/360/87
f 318/380/88 319/380/89 313/380/90 312/380/91
f 257/381/92 258/382/93 252/383/94 251/384/95
f 188/385/92 189/386/96 327/387/97 326/388/95
f 199/389/98 200/390/99 194/390/100 193/389/101
f 328/391/102 190/392/103 185/393/104 323/394/105
f 247/383/106 253/383/107 254/395/105 248/395/108
f 258/382/93 259/382/109 253/383/107 252/383/94
f 255/396/110 249/396/111 248/397/108 254/397/105
f 187/389/112 193/389/101 194/390/100 188/390/92
f 263/381/100 264/382/113 258/382/93 257/381/92
f 188/385/92 194/385/100 195/386/114 189/386/96
f 203/393/115 204/389/116 198/389/117 197/393/118
f 202/392/119 197/393/118 191/393/120 196/392/121
f 268/398/122 262/398/123 261/378/124 267/378/125
f 264/382/113 265/382/126 259/382/109 258/382/93
f 263/381/100 257/381/92 262/398/123 268/398/122
f 207/386/127 208/392/128 202/392/119 201/386/129
f 269/399/99 270/400/130 264/382/113 263/381/100
f 210/389/131 211/389/132 205/389/133 204/389/116
f 270/400/130 271/400/134 265/382/126 264/382/113
f 283/400/135 284/401/136 278/401/115 277/400/137
f 284/402/136 285/403/138 279/403/139 278/402/115
f 259/382/109 265/382/126 266/379/120 260/379/104
f 260/404/104 266/404/120 267/378/125 261/378/124
f 275/399/140 276/400/141 270/400/130 269/399/99
f 216/405/142 217/405/143 211/389/132 210/389/131
f 276/400/141 277/400/137 271/400/134 270/400/130
f 286/406/144 280/406/145 279/403/139 285/403/138
f 286/406/144 281/399/146 275/399/140 280/406/145
f 280/406/145 274/406/147 273/403/148 279/403/139
f 275/399/140 269/399/99 274/406/147 280/406/145
f 281/399/146 282/400/149 276/400/141 275/399/140
f 222/405/150 223/405/151 217/405/143 216/405/142
f 282/400/149 283/400/135 277/400/137 276/400/141
f 295/400/152 296/401/153 290/401/154 289/400/155
f 296/402/153 297/403/156 291/403/157 290/402/154
f 271/400/134 277/400/137 278/401/115 272/401/118
f 272/402/118 278/402/115 279/403/139 273/403/148
f 287/399/158 288/400/159 282/400/149 281/399/146
f 228/405/160 229/405/161 223/405/151 222/405/150
f 288/400/159 289/400/155 283/400/135 282/400/149
f 298/406/162 292/406/163 291/403/157 297/403/156
f 298/406/162 293/399/164 287/399/158 292/406/163
f 292/406/163 286/406/144 285/403/138 291/403/157
f 287/399/158 281/399/146 286/406/144 292/406/163
f 293/399/164 294/400/165 288/400/159 287/399/158
f 234/405/166 235/405/167 229/405/161 228/405/160
f 294/400/165 295/400/152 289/400/155 288/400/159
f 307/380/168 308/407/169 302/407/170 301/380/171
f 308/388/169 309/387/172 303/387/173 302/388/170
f 283/400/135 289/400/155 290/401/154 284/401/136
f 284/402/136 290/402/154 291/403/157 285/403/138
f 299/394/174 300/380/175 294/400/165 293/399/164
f 240/405/176 241/405/177 235/405/167 234/405/166
f 300/380/175 301/380/171 295/400/152 294/400/165
f 310/391/178 304/391/179 303/387/173 309/387/172
f 310/391/178 305/394/180 299/394/174 304/391/179
f 304/391/179 298/406/162 297/403/156 303/387/173
f 299/394/174 293/399/164 298/406/162 304/391/179
f 305/394/180 306/380/181 300/380/175 299/394/174
f 246/383/182 247/383/106 241/405/177 240/405/176
f 306/380/181 307/380/168 301/380/171 300/380/175
f 320/388/183 321/387/184 315/387/185 314/388/186
f 319/380/89 320/407/183 314/407/186 313/380/90
f 295/400/152 301/380/171 302/407/170 296/401/153
f 296/402/153 302/388/170 303/387/173 297/403/156
f 311/394/187 312/380/91 306/380/181 305/394/180
f 312/380/91 313/380/90 307/380/168 306/380/181
f 321/387/184 322/391/188 316/391/189 315/387/185
f 262/398/123 257/381/92 251/384/95 256/408/190
f 191/393/120 192/389/191 186/389/192 185/393/104
f 311/394/187 305/394/180 310/391/178 316/391/189
f 315/387/185 316/391/189 310/391/178 309/387/172
f 317/394/108 318/380/88 312/380/91 311/394/187
f 203/393/115 197/393/118 202/392/119 208/392/128
f 196/392/121 191/393/120 185/393/104 190/392/103
f 212/385/146 213/386/193 207/386/127 206/385/140
f 314/388/186 315/387/185 309/387/172 308/388/169
f 307/380/168 313/380/90 314/407/186 308/407/169
f 256/408/190 250/408/194 249/396/111 255/396/110
f 322/391/188 317/394/108 311/394/187 316/391/189
f 192/389/191 193/389/101 187/389/112 186/389/192
f 324/380/195 325/380/196 319/380/89 318/380/88
f 325/380/196 326/407/95 320/407/183 319/380/89
f 195/386/114 196/392/121 190/392/103 189/386/96
f 197/393/118 198/389/117 192/389/191 191/393/120
f 323/394/105 317/394/108 322/391/188 328/391/102
f 198/389/117 199/389/98 193/389/101 192/389/191
f 211/389/132 212/390/146 206/390/140 205/389/133
f 189/386/96 190/392/103 328/391/102 327/387/97
f 201/386/129 202/392/119 196/392/121 195/386/114
f 326/388/95 327/387/97 321/387/184 320/388/183
f 199/389/98 205/389/133 206/390/140 200/390/99
f 200/385/99 206/385/140 207/386/127 201/386/129
f 213/386/193 214/392/197 208/392/128 207/386/127
f 214/392/197 209/393/136 203/393/115 208/392/128
f 209/393/136 210/389/131 204/389/116 203/393/115
f 219/409/198 220/410/199 214/392/197 213/386/193
f 215/411/154 209/393/136 214/392/197 220/410/199
f 223/405/151 224/412/164 218/412/158 217/405/143
f 224/413/164 225/409/200 219/409/198 218/413/158
f 215/411/154 216/405/142 210/389/131 209/393/136
f 211/389/132 217/405/143 218/412/158 212/390/146
f 212/385/146 218/413/158 219/409/198 213/386/193
f 225/409/200 226/410/201 220/410/199 219/409/198
f 226/410/201 221/411/153 215/411/154 220/410/199
f 221/411/153 222/405/150 216/405/142 215/411/154
f 231/409/202 232/410/203 226/410/201 225/409/200
f 227/411/170 221/411/153 226/410/201 232/410/203
f 235/405/167 236/412/180 230/412/174 229/405/161
f 236/413/180 237/409/204 231/409/202 230/413/174
f 227/411/170 228/405/160 222/405/150 221/411/153
f 223/405/151 229/405/161 230/412/174 224/412/164
f 224/413/164 230/413/174 231/409/202 225/409/200
f 237/409/204 238/410/205 232/410/203 231/409/202
f 238/410/205 233/411/169 227/411/170 232/410/203
f 233/411/169 234/405/166 228/405/160 227/411/170
f 243/409/206 244/410/207 238/410/205 237/409/204
f 239/411/186 233/411/169 238/410/205 244/410/207
f 247/383/106 248/395/108 242/412/187 241/405/177
f 248/397/108 249/396/111 243/409/206 242/413/187
f 239/411/186 240/405/176 234/405/166 233/411/169
f 235/405/167 241/405/177 242/412/187 236/412/180
f 236/413/180 242/413/187 243/409/206 237/409/204
f 250/408/194 244/410/207 243/409/206 249/396/111
f 250/408/194 245/384/183 239/411/186 244/410/207
f 245/384/183 246/383/182 240/405/176 239/411/186
f 256/408/190 251/384/95 245/384/183 250/408/194
f 259/382/109 260/379/104 254/395/105 253/383/107
f 260/404/104 261/378/124 255/396/110 254/397/105
f 251/384/95 252/383/94 246/383/182 245/384/183
f 252/383/94 253/383/107 247/383/106 246/383/182
f 262/398/123 256/408/190 255/396/110 261/378/124
f 323/394/105 185/393/104 186/389/192 324/380/195
f 200/385/99 201/386/129 195/386/114 194/385/100
f 272/402/118 273/403/148 267/378/125 266/404/120
f 271/400/134 272/401/118 266/379/120 265/382/126
f 323/394/105 324/380/195 318/380/88 317/394/108
f 327/387/97 328/391/102 322/391/188 321/387/184
f 274/406/147 269/399/99 263/381/100 268/398/122
f 274/406/147 268/398/122 267/378/125 273/403/148
f 187/389/112 188/390/92 326/407/95 325/380/196
f 204/389/116 205/389/133 199/389/98 198/389/117
f 186/389/192 187/389/112 325/380/196 324/380/195
f 334/414/208 333/415/209 338/416/210 337/417/211
f 329/418/212 335/419/36 336/420/1 332/421/2
f 334/414/208 336/422/1 335/423/36 333/415/209
f 331/424/213 330/425/214 329/426/212 332/427/2
f 333/428/209 335/429/36 329/430/212 330/431/214
f 339/432/215 340/433/216 344/434/217 343/435/218
f 330/425/214 331/424/213 340/433/216 339/432/215
f 333/428/209 330/431/214 339/436/215 338/437/210
f 343/435/218 344/434/217 348/438/219 347/439/220
f 337/417/211 338/416/210 342/440/221 341/441/222
f 338/437/210 339/436/215 343/442/218 342/443/221
f 341/441/222 342/440/221 346/444/223 345/445/224
f 342/443/221 343/442/218 347/446/220 346/447/223
f 346/447/223 347/446/220 351/448/225 350/449/226
f 347/439/220 348/438/219 352/450/72 351/451/225
f 345/445/224 346/444/223 350/452/226 349/453/73
f 358/414/227 361/417/228 362/416/229 357/415/230
f 353/418/36 356/421/1 360/420/2 359/419/40
f 358/414/227 357/415/230 359/423/40 360/422/2
f 355/424/231 356/427/1 353/426/36 354/425/232
f 357/428/230 354/431/232 353/430/36 359/429/40
f 363/432/233 367/435/234 368/434/235 364/433/236
f 354/425/232 363/432/233 364/433/236 355/424/231
f 357/454/230 362/455/229 363/456/233 354/457/232
f 367/435/234 371/439/237 372/438/238 368/434/235
f 361/417/228 365/441/239 366/440/240 362/416/229
f 362/455/229 366/458/240 367/459/234 363/456/233
f 365/441/239 369/445/241 370/444/242 366/440/240
f 366/458/240 370/460/242 371/461/237 367/459/234
f 370/460/242 350/449/226 351/448/225 371/461/237
f 371/439/237 351/451/225 352/450/72 372/438/238
f 369/445/241 349/453/73 350/452/226 370/444/242
f 379/462/71 380/463/71 377/464/71 376/465/71
f 374/466/9 373/467/9 382/468/9 381/469/9
f 375/470/74 383/471/74 378/472/74 384/473/74
f 377/474/9 383/475/9 375/476/9 376/477/9
f 380/478/73 378/479/73 383/480/73 377/481/73
f 386/482/243 388/483/243 390/484/243 389/485/243 385/486/243 387/487/243
f 390/488/244 396/489/244 395/490/244 388/491/244
f 386/492/245 394/493/245 393/494/245 387/495/245
f 385/496/246 389/497/246 391/498/246 392/499/246
f 389/500/247 391/501/247 396/502/247 390/503/247
f 388/504/248 386/505/248 394/506/248 395/507/248
f 387/508/249 393/509/249 392/510/249 385/511/249
f 380/512/31 379/513/31 384/514/31 378/515/31
f 379/516/72 376/517/72 375/518/72 384/519/72
f 403/462/74 404/463/74 401/464/74 400/465/74
f 398/466/31 397/467/31 406/468/31 405/469/31
f 399/470/71 407/471/71 402/472/71 408/473/71
f 401/474/31 407/475/31 399/476/31 400/477/31
f 404/478/73 402/479/73 407/480/73 401/481/73
f 410/482/250 412/483/250 414/484/250 413/485/250 409/486/250 411/487/250
f 414/488/251 412/491/251 419/490/251 420/489/251
f 410/492/252 411/495/252 417/494/252 418/493/252
f 409/496/253 413/497/253 415/498/253 416/499/253
f 413/500/254 414/503/254 420/502/254 415/501/254
f 412/504/255 410/505/255 418/506/255 419/507/255
f 411/508/256 409/511/256 416/510/256 417/509/256
f 404/512/9 403/513/9 408/514/9 402/515/9
f 403/516/72 400/517/72 399/518/72 408/519/72
f 421/520/71 422/521/71 423/522/71 424/523/71
f 425/520/71 426/521/71 427/522/71 428/523/71
f 429/520/9 430/521/9 431/522/9 432/523/9
f 433/520/31 434/521/31 435/522/31 436/523/31
f 459/524/257 458/525/257 437/526/257 441/527/257
f 457/528/258 443/529/258 437/530/258 458/531/258
f 460/532/259 440/533/259 443/534/259 457/535/259
f 460/536/260 459/537/260 441/538/260 440/539/260
f 440/540/73 441/541/73 437/542/73 443/543/73
f 442/544/72 439/545/72 438/546/72 444/547/72
f 450/548/261 449/549/261 447/550/262 448/551/263
f 450/552/264 448/553/265 445/554/265 451/555/266
f 451/556/267 445/557/268 446/558/268 452/559/267
f 449/560/269 452/561/269 446/562/270 447/563/270
f 453/564/271 456/565/271 452/561/271 449/560/271
f 455/566/272 451/556/267 452/559/267 456/567/272
f 454/568/273 450/552/264 451/555/266 455/569/273
f 454/570/274 453/571/274 449/549/274 450/548/274
f 444/572/275 438/573/275 453/571/275 454/570/275
f 444/574/276 454/568/276 455/569/276 442/575/276
f 442/576/277 455/566/277 456/567/277 439/577/277
f 438/578/278 439/579/278 456/565/278 453/564/278
f 448/551/263 447/550/262 459/537/279 460/536/279
f 448/553/265 460/532/280 457/535/280 445/554/265
f 445/557/268 457/528/281 458/531/281 446/558/268
f 447/563/270 446/562/270 458/525/282 459/524/282
f 483/524/257 482/525/257 461/526/257 465/527/257
f 481/528/258 467/529/258 461/530/258 482/531/258
f 484/532/259 464/533/259 467/534/259 481/535/259
f 484/536/260 483/537/260 465/538/260 464/539/260
f 464/540/73 465/541/73 461/542/73 467/543/73
f 466/544/72 463/545/72 462/546/72 468/547/72
f 474/548/261 473/549/261 471/550/262 472/551/263
f 474/552/264 472/553/265 469/554/265 475/555/266
f 475/556/267 469/557/268 470/558/268 476/559/267
f 473/560/269 476/561/269 470/562/270 471/563/270
f 477/564/271 480/565/271 476/561/271 473/560/271
f 479/566/272 475/556/267 476/559/267 480/567/272
f 478/568/273 474/552/264 475/555/266 479/569/273
f 478/570/274 477/571/274 473/549/274 474/548/274
f 468/572/275 462/573/275 477/571/275 478/570/275
f 468/574/276 478/568/276 479/569/276 466/575/276
f 466/576/277 479/566/277 480/567/277 463/577/277
f 462/578/278 463/579/278 480/565/278 477/564/278
f 472/551/263 471/550/262 483/537/279 484/536/279
f 472/553/265 484/532/280 481/535/280 469/554/265
f 469/557/268 481/528/281 482/531/281 470/558/268
f 471/563/270 470/562/270 482/525/283 483/524/283
f 507/524/284 506/525/284 485/526/285 489/527/285
f 505/528/286 491/529/287 485/530/287 506/531/286
f 508/532/288 488/533/289 491/534/289 505/535/288
f 508/536/290 507/537/290 489/538/291 488/539/291
f 488/540/73 489/541/73 485/542/73 491/543/73
f 490/544/72 487/545/72 486/546/72 492/547/72
f 498/548/261 497/549/261 495/550/261 496/551/261
f 498/552/264 496/553/292 493/554/292 499/555/266
f 499/556/267 493/557/293 494/558/293 500/559/267
f 497/560/269 500/561/269 494/562/294 495/563/294
f 501/564/271 504/565/271 500/561/271 497/560/271
f 503/566/272 499/556/267 500/559/267 504/567/272
f 502/568/273 498/552/264 499/555/266 503/569/273
f 502/570/274 501/571/274 497/549/274 498/548/274
f 492/572/275 486/573/275 501/571/275 502/570/275
f 492/574/276 502/568/276 503/569/276 490/575/276
f 490/576/277 503/566/277 504/567/277 487/577/277
f 486/578/278 487/579/278 504/565/278 501/564/278
f 496/551/295 495/550/295 507/537/290 508/536/290
f 496/553/292 508/532/288 505/535/288 493/554/292
f 493/557/293 505/528/286 506/531/286 494/558/293
f 495/563/294 494/562/294 506/525/284 507/524/284
f 509/580/71 511/581/71 510/582/71
f 520/583/296 514/584/297 515/585/298 528/586/299
f 514/587/297 518/588/300 519/589/301 515/590/298
f 529/591/302 516/592/303 517/593/304 538/594/305
f 516/595/303 512/596/306 513/597/307 517/598/304
f 539/599/308 512/600/306 516/592/303 529/591/302
f 538/601/305 517/602/304 513/603/307 524/604/309
f 519/605/301 534/606/310 528/586/299 515/585/298
f 534/606/310 535/607/311 527/608/312 528/586/299
f 535/607/311 536/609/313 526/610/314 527/608/312
f 536/609/313 537/611/315 525/612/316 526/610/314
f 537/611/315 538/601/305 524/604/309 525/612/316
f 514/613/297 520/614/296 533/615/317 518/616/300
f 520/614/296 521/617/318 532/618/319 533/615/317
f 521/617/318 522/619/320 531/620/321 532/618/319
f 522/619/320 523/621/322 530/622/323 531/620/321
f 523/621/322 539/599/308 529/591/302 530/622/323
f 518/616/300 533/615/317 534/623/310 519/624/301
f 533/615/317 532/618/319 535/625/311 534/623/310
f 532/618/319 531/620/321 536/626/313 535/625/311
f 531/620/321 530/622/323 537/627/315 536/626/313
f 530/622/323 529/591/302 538/594/305 537/627/315
f 512/628/306 539/629/308 524/604/309 513/603/307
f 539/629/308 523/630/322 525/612/316 524/604/309
f 523/630/322 522/631/320 526/610/314 525/612/316
f 522/631/320 521/632/318 527/608/312 526/610/314
f 521/632/318 520/583/296 528/586/299 527/608/312
f 548/633/324 542/634/325 543/635/326 557/636/327
f 542/637/325 546/638/328 547/639/329 543/640/326
f 558/641/330 544/642/331 545/643/332 567/644/333
f 544/645/331 540/646/334 541/647/335 545/648/332
f 552/649/336 540/650/334 544/651/331 558/641/330
f 567/652/333 545/653/332 541/654/335 553/655/337
f 547/656/329 563/657/338 557/636/327 543/635/326
f 563/657/338 564/658/339 556/659/340 557/636/327
f 564/658/339 565/660/341 555/661/342 556/659/340
f 565/660/341 566/662/343 554/663/344 555/661/342
f 566/662/343 567/652/333 553/655/337 554/663/344
f 542/664/325 548/665/324 562/666/345 546/667/328
f 548/665/324 549/668/346 561/669/347 562/666/345
f 549/668/346 550/670/348 560/671/349 561/669/347
f 550/670/348 551/672/350 559/673/351 560/671/349
f 551/672/350 552/649/336 558/641/330 559/673/351
f 546/667/328 562/666/345 563/674/338 547/675/329
f 562/666/345 561/669/347 564/676/339 563/674/338
f 561/669/347 560/671/349 565/677/341 564/676/339
f 560/671/349 559/673/351 566/678/343 565/677/341
f 559/673/351 558/641/330 567/644/333 566/678/343
f 540/679/334 552/680/336 553/655/337 541/681/335
f 552/680/336 551/682/350 554/663/344 553/655/337
f 551/682/350 550/683/348 555/661/342 554/663/344
f 550/683/348 549/684/346 556/659/340 555/661/342
f 549/684/346 548/633/324 557/636/327 556/659/340
f 572/685/352 568/686/353 569/687/354 575/688/355
f 568/689/353 570/690/356 571/691/357 569/692/354
f 571/693/357 578/694/358 575/688/355 569/687/354
f 578/695/358 579/696/359 574/697/360 575/698/355
f 568/699/353 572/700/352 577/701/361 570/702/356
f 572/700/352 573/703/362 576/704/363 577/701/361
f 570/702/356 577/701/361 578/705/358 571/706/357
f 577/701/361 576/707/363 579/708/359 578/705/358
f 573/709/362 572/685/352 575/688/355 574/710/360
f 584/462/74 581/465/74 582/464/74 585/463/74
f 580/470/71 587/473/71 583/472/71 586/471/71
f 585/711/73 582/712/73 586/713/73 583/714/73
f 582/474/9 581/477/9 580/476/9 586/475/9
f 584/516/72 587/519/72 580/518/72 581/517/72
f 592/462/74 593/463/74 590/464/74 589/465/74
f 588/470/71 594/471/71 591/472/71 595/473/71
f 593/478/73 591/479/73 594/480/73 590/481/73
f 590/474/31 594/475/31 588/476/31 589/477/31
f 592/516/72 589/517/72 588/518/72 595/519/72
f 602/715/72 596/716/72 597/717/72 598/718/72
f 599/719/71 598/720/71 597/721/71 601/722/71
f 603/723/73 599/724/73 601/725/73 600/726/73
f 602/334/9 598/335/9 599/336/9 603/337/9
f 597/342/31 596/343/31 600/344/31 601/345/31
f 710/811/71 701/812/71 699/813/71 711/814/71
f 705/322/71 704/323/71 703/324/71 707/325/71
f 708/815/72 702/816/72 703/817/72 704/818/72
f 709/819/73 705/820/73 707/821/73 706/822/73
f 708/334/9 704/335/9 705/336/9 709/337/9
f 700/823/71 712/824/71 713/825/71 698/826/71
f 717/827/71 714/828/71 716/829/71 715/830/71
f 717/831/9 715/832/9 721/833/9 718/834/9
f 714/835/31 720/836/31 719/837/31 716/838/31
f 715/839/73 716/840/73 719/841/73 721/842/73
f 723/843/382 725/844/382 727/845/382 726/846/382 722/847/382 724/848/382
f 727/849/383 725/850/383 732/851/383 733/852/383
f 723/853/384 724/854/384 730/855/384 731/856/384
f 722/857/385 726/858/385 728/859/385 729/860/385
f 726/861/386 727/862/386 733/863/386 728/864/386
f 725/865/387 723/866/387 731/867/387 732/868/387
f 724/869/388 722/870/388 729/871/388 730/872/388
f 735/873/75 736/874/75 734/875/75 738/876/75 739/877/75 737/878/75
f 739/879/389 745/880/389 744/881/389 737/882/389
f 735/883/390 743/884/390 742/885/390 736/886/390
f 734/887/391 741/888/391 740/889/391 738/890/391
f 738/891/392 740/892/392 745/893/392 739/894/392
f 737/895/393 744/896/393 743/897/393 735/898/393
f 736/899/394 742/900/394 741/901/394 734/902/394
f 709/903/74 706/904/74 702/905/74 708/906/74
f 703/342/31 702/343/31 706/344/31 707/345/31
f 758/811/71 749/812/71 747/813/71 759/814/71
f 753/322/71 752/323/71 751/324/71 755/325/71
f 756/815/72 750/816/72 751/817/72 752/818/72
f 757/819/73 753/820/73 755/821/73 754/822/73
f 756/334/9 752/335/9 753/336/9 757/337/9
f 748/823/71 760/824/71 761/825/71 746/826/71
f 765/827/71 762/828/71 764/829/71 763/830/71
f 765/831/9 763/832/9 769/833/9 766/834/9
f 762/835/31 768/836/31 767/837/31 764/838/31
f 763/839/73 764/840/73 767/841/73 769/842/73
f 771/843/382 773/844/382 775/845/382 774/846/382 770/847/382 772/848/382
f 775/849/383 773/850/383 780/851/383 781/852/383
f 771/853/384 772/854/384 778/855/384 779/856/384
f 770/857/385 774/858/385 776/859/385 777/860/385
f 774/861/386 775/862/386 781/863/386 776/864/386
f 773/865/387 771/866/387 779/867/387 780/868/387
f 772/869/388 770/870/388 777/871/388 778/872/388
f 783/873/75 784/874/75 782/875/75 786/876/75 787/877/75 785/878/75
f 787/879/389 793/880/389 792/881/389 785/882/389
f 783/883/390 791/884/390 790/885/390 784/886/390
f 782/887/391 789/888/391 788/889/391 786/890/391
f 786/891/392 788/892/392 793/893/392 787/894/392
f 785/895/393 792/896/393 791/897/393 783/898/393
f 784/899/394 790/900/394 789/901/394 782/902/394
f 757/903/74 754/904/74 750/905/74 756/906/74
f 751/342/31 750/343/31 754/344/31 755/345/31
f 800/462/71 801/463/71 798/464/71 797/465/71
f 795/466/9 794/467/9 803/468/9 802/469/9
f 796/470/74 804/471/74 799/472/74 805/473/74
f 798/474/9 804/475/9 796/476/9 797/477/9
f 801/478/73 799/479/73 804/480/73 798/481/73
f 807/482/243 809/483/243 811/484/243 810/485/243 806/486/243 808/487/243
f 811/488/395 809/491/395 816/490/395 817/489/395
f 807/492/254 808/495/254 814/494/254 815/493/254
f 806/496/246 810/497/246 812/498/246 813/499/246
f 810/500/252 811/503/252 817/502/252 812/501/252
f 809/504/248 807/505/248 815/506/248 816/507/248
f 808/508/396 806/511/396 813/510/396 814/509/396
f 801/512/31 800/513/31 805/514/31 799/515/31
f 800/516/72 797/517/72 796/518/72 805/519/72
f 825/322/9 824/323/9 823/324/9 827/325/9
f 828/326/73 824/329/73 823/328/73 822/327/73
f 829/330/73 825/331/73 827/332/73 826/333/73
f 828/334/74 824/335/74 825/336/74 829/337/74
f 829/338/31 826/339/31 822/340/31 828/341/31
f 823/342/71 822/343/71 826/344/71 827/345/71
f 820/346/9 821/347/9 819/348/9 818/349/9
f 852/524/397 851/915/398 838/916/399 842/527/400
f 853/532/401 841/533/402 844/917/403 850/918/404
f 853/536/401 852/919/397 842/920/400 841/539/402
f 841/540/402 842/541/400 838/542/399 844/543/403
f 843/544/405 840/545/406 839/546/407 845/547/408
f 855/548/409 854/921/410 848/922/411 849/551/412
f 855/552/409 849/553/412 846/923/413 856/924/414
f 854/560/410 857/925/415 847/926/416 848/563/411
f 849/551/412 848/922/411 852/919/397 853/536/401
f 849/553/412 853/532/401 850/918/404 846/923/413
f 848/563/411 847/926/416 851/915/398 852/524/397
f 839/578/407 840/927/406 857/925/415 854/560/410
f 845/574/408 855/552/409 856/924/414 843/928/405
f 845/572/408 839/929/407 854/921/410 855/548/409
f 872/524/417 871/930/418 858/931/419 862/527/420
f 873/532/421 861/533/422 864/932/423 870/933/424
f 873/934/421 872/452/417 862/935/420 861/936/422
f 861/937/422 862/938/420 858/939/419 864/940/423
f 863/941/425 860/942/426 859/943/427 865/944/428
f 875/945/429 874/946/430 868/947/431 869/948/432
f 875/552/429 869/553/432 866/949/433 876/950/434
f 874/560/430 877/951/435 867/952/436 868/953/431
f 869/948/432 868/947/431 872/452/417 873/934/421
f 869/553/432 873/532/421 870/933/424 866/949/433
f 868/953/431 867/952/436 871/930/418 872/524/417
f 859/578/427 860/954/426 877/951/435 874/560/430
f 865/574/428 875/552/429 876/950/434 863/955/425
f 865/956/428 859/957/427 874/946/430 875/945/429
f 892/958/437 891/959/438 878/960/439 882/961/440
f 893/962/441 881/963/442 884/964/443 890/965/444
f 893/966/441 892/967/437 882/968/440 881/969/442
f 895/970/445 894/971/446 888/972/447 889/973/448
f 895/974/445 889/975/448 886/976/449 896/977/450
f 894/978/446 897/979/451 887/980/452 888/981/447
f 889/973/448 888/972/447 892/967/437 893/966/441
f 889/975/448 893/962/441 890/982/444 886/983/449
f 888/981/447 887/984/452 891/985/438 892/958/437
f 879/986/453 880/987/454 897/988/451 894/978/446
f 885/989/455 895/974/445 896/990/450 883/991/456
f 885/992/455 879/993/453 894/971/446 895/970/445
f 912/994/457 911/995/458 898/996/459 902/997/460
f 913/998/461 901/999/462 904/1000/463 910/1001/464
f 913/1002/461 912/1003/457 902/1004/460 901/1005/462
f 915/1006/465 914/1007/466 908/1008/467 909/1009/468
f 915/1010/465 909/1011/468 906/1012/469 916/1013/470
f 914/1014/466 917/1015/471 907/1016/472 908/1017/467
f 909/1009/468 908/1008/467 912/1003/457 913/1002/461
f 909/1011/468 913/998/461 910/1018/464 906/1019/469
f 908/1017/467 907/1020/472 911/1021/458 912/994/457
f 899/1022/473 900/1023/474 917/1024/471 914/1014/466
f 905/1025/475 915/1010/465 916/1026/470 903/1027/476
f 905/1028/475 899/1029/473 914/1007/466 915/1006/465
f 925/1030/477 924/1031/478 920/1032/479 919/1033/480
f 927/1034/481 926/1035/482 922/1036/483 923/1037/484
f 923/1037/484 922/1036/483 924/1031/478 925/1030/477
f 921/1038/485 918/1039/486 926/1035/482 927/1034/481
f 921/1038/485 927/1034/481 937/1040/487 928/1041/488
f 918/1042/486 930/1043/489 936/1044/490 926/1045/482
f 922/1046/483 933/1047/491 935/1048/492 924/1049/478
f 923/1037/484 925/1030/477 934/1050/493 932/1051/494
f 926/1045/482 936/1044/490 933/1047/491 922/1046/483
f 927/1034/481 923/1037/484 932/1051/494 937/1040/487
f 925/1030/477 919/1033/480 931/1052/495 934/1050/493
f 924/1049/478 935/1048/492 929/1053/496 920/1054/479
f 938/1055/497 941/1056/498 942/1057/499 939/1058/500
f 940/1059/501 938/1060/497 939/1061/500 946/1062/502
f 939/1058/500 942/1057/499 943/1063/503 944/1064/504
f 946/1062/502 939/1061/500 944/1065/504 945/1066/505
f 946/1062/502 945/1066/505 947/1067/506 948/1068/507
f 940/1059/501 946/1062/502 948/1068/507 949/1069/508
f 950/1042/497 953/1043/498 954/1044/499 951/1045/500
f 952/1038/501 950/1039/497 951/1035/500 958/1034/502
f 951/1045/500 954/1044/499 955/1047/503 956/1046/504
f 958/1034/502 951/1035/500 956/1036/504 957/1037/505
f 958/1034/502 957/1037/505 959/1051/506 960/1040/507
f 952/1038/501 958/1034/502 960/1040/507 961/1041/508
f 962/1070/509 965/1071/510 966/1072/511 963/1073/512
f 964/1074/513 962/1075/509 963/1076/512 970/1077/514
f 963/1073/512 966/1072/511 967/1078/515 968/1079/516
f 970/1077/514 963/1076/512 968/1080/516 969/1081/517
f 970/1077/514 969/1081/517 971/1082/518 972/1083/519
f 964/1074/513 970/1077/514 972/1083/519 973/1084/520
f 976/1085/513 974/1086/521 975/1087/522 979/1088/514
f 979/1088/514 975/1087/522 977/1089/523 978/1090/517
f 979/1088/514 978/1090/517 980/1091/518 981/1092/519
f 976/1085/513 979/1088/514 981/1092/519 982/1093/520
f 989/462/71 990/463/71 987/464/71 986/465/71
f 984/466/9 983/467/9 992/468/9 991/469/9
f 985/470/74 993/471/74 988/472/74 994/473/74
f 987/474/9 993/475/9 985/476/9 986/477/9
f 990/478/73 988/479/73 993/480/73 987/481/73
f 996/482/243 998/483/243 1000/484/243 999/485/243 995/486/243 997/487/243
f 1000/488/395 998/491/395 1005/490/395 1006/489/395
f 996/492/254 997/495/254 1003/494/254 1004/493/254
f 995/496/246 999/497/246 1001/498/246 1002/499/246
f 999/500/252 1000/503/252 1006/502/252 1001/501/252
f 998/504/248 996/505/248 1004/506/248 1005/507/248
f 997/508/396 995/511/396 1002/510/396 1003/509/396
f 990/512/31 989/513/31 994/514/31 988/515/31
f 989/516/72 986/517/72 985/518/72 994/519/72
f 1013/462/71 1014/463/71 1011/464/71 1010/465/71
f 1008/466/9 1007/467/9 1016/468/9 1015/469/9
f 1009/470/74 1017/471/74 1012/472/74 1018/473/74
f 1011/474/9 1017/475/9 1009/476/9 1010/477/9
f 1014/478/73 1012/479/73 1017/480/73 1011/481/73
f 1020/482/243 1022/483/243 1024/484/243 1023/485/243 1019/486/243 1021/487/243
f 1024/488/395 1022/491/395 1029/490/395 1030/489/395
f 1020/492/254 1021/495/254 1027/494/254 1028/493/254
f 1019/496/246 1023/497/246 1025/498/246 1026/499/246
f 1023/500/252 1024/503/252 1030/502/252 1025/501/252
f 1022/504/248 1020/505/248 1028/506/248 1029/507/248
f 1021/508/396 1019/511/396 1026/510/396 1027/509/396
f 1014/512/31 1013/513/31 1018/514/31 1012/515/31
f 1013/516/72 1010/517/72 1009/518/72 1018/519/72
f 1038/322/9 1037/323/9 1036/324/9 1040/325/9
f 1041/326/73 1037/329/73 1036/328/73 1035/327/73
f 1042/330/73 1038/331/73 1040/332/73 1039/333/73
f 1041/334/74 1037/335/74 1038/336/74 1042/337/74
f 1042/338/31 1039/339/31 1035/340/31 1041/341/31
f 1036/342/71 1035/343/71 1039/344/71 1040/345/71
f 1033/346/9 1034/347/9 1032/348/9 1031/349/9
f 1065/524/397 1064/915/398 1051/916/399 1055/527/400
f 1066/532/401 1054/533/402 1057/917/403 1063/918/404
f 1066/536/401 1065/919/397 1055/920/400 1054/539/402
f 1054/540/402 1055/541/400 1051/542/399 1057/543/403
f 1056/544/405 1053/545/406 1052/546/407 1058/547/408
f 1068/548/409 1067/921/410 1061/922/411 1062/551/412
f 1068/552/409 1062/553/412 1059/923/413 1069/924/414
f 1067/560/410 1070/925/415 1060/926/416 1061/563/411
f 1062/551/412 1061/922/411 1065/919/397 1066/536/401
f 1062/553/412 1066/532/401 1063/918/404 1059/923/413
f 1061/563/411 1060/926/416 1064/915/398 1065/524/397
f 1052/578/407 1053/927/406 1070/925/415 1067/560/410
f 1058/574/408 1068/552/409 1069/924/414 1056/928/405
f 1058/572/408 1052/929/407 1067/921/410 1068/548/409
f 1085/524/417 1084/930/418 1071/931/419 1075/527/420
f 1086/532/421 1074/533/422 1077/932/423 1083/933/424
f 1086/934/421 1085/452/417 1075/935/420 1074/936/422
f 1074/937/422 1075/938/420 1071/939/419 1077/940/423
f 1076/941/425 1073/942/426 1072/943/427 1078/944/428
f 1088/945/429 1087/946/430 1081/947/431 1082/948/432
f 1088/552/429 1082/553/432 1079/949/433 1089/950/434
f 1087/560/430 1090/951/435 1080/952/436 1081/953/431
f 1082/948/432 1081/947/431 1085/452/417 1086/934/421
f 1082/553/432 1086/532/421 1083/933/424 1079/949/433
f 1081/953/431 1080/952/436 1084/930/418 1085/524/417
f 1072/578/427 1073/954/426 1090/951/435 1087/560/430
f 1078/574/428 1088/552/429 1089/950/434 1076/955/425
f 1078/956/428 1072/957/427 1087/946/430 1088/945/429
f 1105/958/437 1104/959/438 1091/960/439 1095/961/440
f 1106/962/441 1094/963/442 1097/964/443 1103/965/444
f 1106/966/441 1105/967/437 1095/968/440 1094/969/442
f 1108/970/445 1107/971/446 1101/972/447 1102/973/524
f 1108/974/445 1102/975/524 1099/976/449 1109/977/450
f 1107/978/446 1110/979/451 1100/980/452 1101/981/447
f 1102/973/524 1101/972/447 1105/967/437 1106/966/441
f 1102/975/524 1106/962/441 1103/982/444 1099/983/449
f 1101/981/447 1100/984/452 1104/985/438 1105/958/437
f 1092/986/453 1093/987/454 1110/988/451 1107/978/446
f 1098/989/455 1108/974/445 1109/990/450 1096/991/456
f 1098/992/455 1092/993/453 1107/971/446 1108/970/445
f 1125/994/457 1124/995/458 1111/996/459 1115/997/460
f 1126/998/461 1114/999/462 1117/1000/463 1123/1001/464
f 1126/1002/461 1125/1003/457 1115/1004/460 1114/1005/462
f 1128/1006/465 1127/1007/466 1121/1008/467 1122/1009/468
f 1128/1010/465 1122/1011/468 1119/1012/469 1129/1013/470
f 1127/1014/466 1130/1015/471 1120/1016/472 1121/1017/467
f 1122/1009/468 1121/1008/467 1125/1003/457 1126/1002/461
f 1122/1011/468 1126/998/461 1123/1018/464 1119/1019/469
f 1121/1017/467 1120/1020/472 1124/1021/458 1125/994/457
f 1112/1022/473 1113/1023/525 1130/1024/471 1127/1014/466
f 1118/1025/475 1128/1010/465 1129/1026/470 1116/1027/476
f 1118/1028/475 1112/1029/473 1127/1007/466 1128/1006/465
f 1138/1030/477 1137/1031/478 1133/1032/479 1132/1033/480
f 1140/1034/481 1139/1035/482 1135/1036/483 1136/1037/484
f 1136/1037/484 1135/1036/483 1137/1031/478 1138/1030/477
f 1134/1038/485 1131/1039/486 1139/1035/482 1140/1034/481
f 1134/1038/485 1140/1034/481 1150/1040/487 1141/1041/488
f 1131/1042/486 1143/1043/489 1149/1044/490 1139/1045/482
f 1135/1046/483 1146/1047/491 1148/1048/492 1137/1049/478
f 1136/1037/484 1138/1030/477 1147/1050/493 1145/1051/494
f 1139/1045/482 1149/1044/490 1146/1047/491 1135/1046/483
f 1140/1034/481 1136/1037/484 1145/1051/494 1150/1040/487
f 1138/1030/477 1132/1033/480 1144/1052/495 1147/1050/493
f 1137/1049/478 1148/1048/492 1142/1053/496 1133/1054/479
f 1151/1055/497 1154/1056/498 1155/1057/499 1152/1058/500
f 1153/1059/501 1151/1060/497 1152/1061/500 1159/1062/502
f 1152/1058/500 1155/1057/499 1156/1063/503 1157/1064/504
f 1159/1062/502 1152/1061/500 1157/1065/504 1158/1066/505
f 1159/1062/502 1158/1066/505 1160/1067/506 1161/1068/507
f 1153/1059/501 1159/1062/502 1161/1068/507 1162/1069/508
f 1163/1042/497 1166/1043/498 1167/1044/499 1164/1045/526
f 1165/1038/501 1163/1039/497 1164/1035/526 1171/1034/502
f 1164/1045/526 1167/1044/499 1168/1047/503 1169/1046/504
f 1171/1034/502 1164/1035/526 1169/1036/504 1170/1037/505
f 1171/1034/502 1170/1037/505 1172/1051/506 1173/1040/507
f 1165/1038/501 1171/1034/502 1173/1040/507 1174/1041/508
f 1175/1070/509 1178/1071/510 1179/1072/511 1176/1073/527
f 1177/1074/513 1175/1075/509 1176/1076/527 1183/1077/514
f 1176/1073/527 1179/1072/511 1180/1078/515 1181/1079/516
f 1183/1077/514 1176/1076/527 1181/1080/516 1182/1081/517
f 1183/1077/514 1182/1081/517 1184/1082/518 1185/1083/519
f 1177/1074/513 1183/1077/514 1185/1083/519 1186/1084/520
f 1189/1085/513 1187/1086/521 1188/1087/528 1192/1088/514
f 1192/1088/514 1188/1087/528 1190/1089/523 1191/1090/517
f 1192/1088/514 1191/1090/517 1193/1091/518 1194/1092/519
f 1189/1085/513 1192/1088/514 1194/1092/519 1195/1093/520
f 1202/462/71 1203/463/71 1200/464/71 1199/465/71
f 1197/466/9 1196/467/9 1205/468/9 1204/469/9
f 1198/470/74 1206/471/74 1201/472/74 1207/473/74
f 1200/474/9 1206/475/9 1198/476/9 1199/477/9
f 1203/478/73 1201/479/73 1206/480/73 1200/481/73
f 1209/482/243 1211/483/243 1213/484/243 1212/485/243 1208/486/243 1210/487/243
f 1213/488/395 1211/491/395 1218/490/395 1219/489/395
f 1209/492/254 1210/495/254 1216/494/254 1217/493/254
f 1208/496/246 1212/497/246 1214/498/246 1215/499/246
f 1212/500/252 1213/503/252 1219/502/252 1214/501/252
f 1211/504/248 1209/505/248 1217/506/248 1218/507/248
f 1210/508/396 1208/511/396 1215/510/396 1216/509/396
f 1203/512/31 1202/513/31 1207/514/31 1201/515/31
f 1202/516/72 1199/517/72 1198/518/72 1207/519/72
f 1227/322/9 1226/323/9 1225/324/9 1229/325/9
f 1230/326/73 1226/329/73 1225/328/73 1224/327/73
f 1231/330/73 1227/331/73 1229/332/73 1228/333/73
f 1230/334/74 1226/335/74 1227/336/74 1231/337/74
f 1231/338/31 1228/339/31 1224/340/31 1230/341/31
f 1225/342/71 1224/343/71 1228/344/71 1229/345/71
f 1222/346/9 1223/347/9 1221/348/9 1220/349/9
f 1254/524/397 1253/915/398 1240/916/399 1244/527/400
f 1255/532/401 1243/533/402 1246/917/403 1252/918/404
f 1255/536/401 1254/919/397 1244/920/400 1243/539/402
f 1243/540/402 1244/541/400 1240/542/399 1246/543/403
f 1245/544/405 1242/545/406 1241/546/407 1247/547/408
f 1257/548/409 1256/921/410 1250/922/411 1251/551/412
f 1257/552/409 1251/553/412 1248/923/413 1258/924/414
f 1256/560/410 1259/925/415 1249/926/416 1250/563/411
f 1251/551/412 1250/922/411 1254/919/397 1255/536/401
f 1251/553/412 1255/532/401 1252/918/404 1248/923/413
f 1250/563/411 1249/926/416 1253/915/398 1254/524/397
f 1241/578/407 1242/927/406 1259/925/415 1256/560/410
f 1247/574/408 1257/552/409 1258/924/414 1245/928/405
f 1247/572/408 1241/929/407 1256/921/410 1257/548/409
f 1274/524/417 1273/930/418 1260/931/419 1264/527/529
f 1275/532/421 1263/533/422 1266/932/423 1272/933/424
f 1275/934/421 1274/452/417 1264/935/529 1263/936/422
f 1263/937/422 1264/938/529 1260/939/419 1266/940/423
f 1265/941/425 1262/942/426 1261/943/427 1267/944/428
f 1277/945/429 1276/946/430 1270/947/431 1271/948/432
f 1277/552/429 1271/553/432 1268/949/433 1278/950/434
f 1276/560/430 1279/951/435 1269/952/436 1270/953/431
f 1271/948/432 1270/947/431 1274/452/417 1275/934/421
f 1271/553/432 1275/532/421 1272/933/424 1268/949/433
f 1270/953/431 1269/952/436 1273/930/418 1274/524/417
f 1261/578/427 1262/954/426 1279/951/435 1276/560/430
f 1267/574/428 1277/552/429 1278/950/434 1265/955/425
f 1267/956/428 1261/957/427 1276/946/430 1277/945/429
f 1294/958/437 1293/959/438 1280/960/439 1284/961/440
f 1295/962/441 1283/963/442 1286/964/443 1292/965/444
f 1295/966/441 1294/967/437 1284/968/440 1283/969/442
f 1297/970/445 1296/971/446 1290/972/447 1291/973/448
f 1297/974/445 1291/975/448 1288/976/449 1298/977/450
f 1296/978/446 1299/979/451 1289/980/452 1290/981/447
f 1291/973/448 1290/972/447 1294/967/437 1295/966/441
f 1291/975/448 1295/962/441 1292/982/444 1288/983/449
f 1290/981/447 1289/984/452 1293/985/438 1294/958/437
f 1281/986/453 1282/987/454 1299/988/451 1296/978/446
f 1287/989/455 1297/974/445 1298/990/450 1285/991/456
f 1287/992/455 1281/993/453 1296/971/446 1297/970/445
f 1314/994/457 1313/995/458 1300/996/459 1304/997/460
f 1315/998/461 1303/999/462 1306/1000/463 1312/1001/464
f 1315/1002/461 1314/1003/457 1304/1004/460 1303/1005/462
f 1317/1006/465 1316/1007/466 1310/1008/467 1311/1009/468
f 1317/1010/465 1311/1011/468 1308/1012/469 1318/1013/470
f 1316/1014/466 1319/1015/471 1309/1016/472 1310/1017/467
f 1311/1009/468 1310/1008/467 1314/1003/457 1315/1002/461
f 1311/1011/468 1315/998/461 1312/1018/464 1308/1019/469
f 1310/1017/467 1309/1020/472 1313/1021/458 1314/994/457
f 1301/1022/473 1302/1023/525 1319/1024/471 1316/1014/466
f 1307/1025/475 1317/1010/465 1318/1026/470 1305/1027/476
f 1307/1028/475 1301/1029/473 1316/1007/466 1317/1006/465
f 1327/1030/477 1326/1031/478 1322/1032/479 1321/1033/480
f 1329/1034/481 1328/1035/482 1324/1036/483 1325/1037/484
f 1325/1037/484 1324/1036/483 1326/1031/478 1327/1030/477
f 1323/1038/485 1320/1039/486 1328/1035/482 1329/1034/481
f 1323/1038/485 1329/1034/481 1339/1040/487 1330/1041/488
f 1320/1042/486 1332/1043/489 1338/1044/490 1328/1045/482
f 1324/1046/483 1335/1047/491 1337/1048/492 1326/1049/478
f 1325/1037/484 1327/1030/477 1336/1050/493 1334/1051/494
f 1328/1045/482 1338/1044/490 1335/1047/491 1324/1046/483
f 1329/1034/481 1325/1037/484 1334/1051/494 1339/1040/487
f 1327/1030/477 1321/1033/480 1333/1052/495 1336/1050/493
f 1326/1049/478 1337/1048/492 1331/1053/496 1322/1054/479
f 1340/1055/497 1343/1056/498 1344/1057/499 1341/1058/530
f 1342/1059/501 1340/1060/497 1341/1061/530 1348/1062/502
f 1341/1058/530 1344/1057/499 1345/1063/503 1346/1064/504
f 1348/1062/502 1341/1061/530 1346/1065/504 1347/1066/505
f 1348/1062/502 1347/1066/505 1349/1067/506 1350/1068/507
f 1342/1059/501 1348/1062/502 1350/1068/507 1351/1069/508
f 1352/1042/497 1355/1043/498 1356/1044/499 1353/1045/530
f 1354/1038/501 1352/1039/497 1353/1035/530 1360/1034/502
f 1353/1045/530 1356/1044/499 1357/1047/503 1358/1046/504
f 1360/1034/502 1353/1035/530 1358/1036/504 1359/1037/505
f 1360/1034/502 1359/1037/505 1361/1051/506 1362/1040/507
f 1354/1038/501 1360/1034/502 1362/1040/507 1363/1041/508
f 1364/1070/509 1367/1071/510 1368/1072/511 1365/1073/512
f 1366/1074/513 1364/1075/509 1365/1076/512 1372/1077/514
f 1365/1073/512 1368/1072/511 1369/1078/515 1370/1079/516
f 1372/1077/514 1365/1076/512 1370/1080/516 1371/1081/517
f 1372/1077/514 1371/1081/517 1373/1082/518 1374/1083/519
f 1366/1074/513 1372/1077/514 1374/1083/519 1375/1084/520
f 1378/1085/513 1376/1086/521 1377/1087/522 1381/1088/514
f 1381/1088/514 1377/1087/522 1379/1089/523 1380/1090/517
f 1381/1088/514 1380/1090/517 1382/1091/518 1383/1092/519
f 1378/1085/513 1381/1088/514 1383/1092/519 1384/1093/520
f 1391/462/74 1388/465/74 1389/464/74 1392/463/74
f 1386/466/9 1393/469/9 1394/468/9 1385/467/9
f 1387/470/71 1396/473/71 1390/472/71 1395/471/71
f 1389/474/9 1388/477/9 1387/476/9 1395/475/9
f 1392/478/73 1389/481/73 1395/480/73 1390/479/73
f 1398/482/531 1399/487/531 1397/486/531 1401/485/531 1402/484/531 1400/483/531
f 1402/488/249 1408/489/249 1407/490/249 1400/491/249
f 1398/492/532 1406/493/532 1405/494/532 1399/495/532
f 1397/496/533 1404/499/533 1403/498/533 1401/497/533
f 1401/500/534 1403/501/534 1408/502/534 1402/503/534
f 1400/504/535 1407/507/535 1406/506/535 1398/505/535
f 1399/508/536 1405/509/536 1404/510/536 1397/511/536
f 1392/512/31 1390/515/31 1396/514/31 1391/513/31
f 1391/516/72 1396/519/72 1387/518/72 1388/517/72
f 1416/322/9 1415/323/9 1414/324/9 1418/325/9
f 1419/326/73 1415/329/73 1414/328/73 1413/327/73
f 1420/330/73 1416/331/73 1418/332/73 1417/333/73
f 1419/334/74 1415/335/74 1416/336/74 1420/337/74
f 1420/338/31 1417/339/31 1413/340/31 1419/341/31
f 1414/342/71 1413/343/71 1417/344/71 1418/345/71
f 1411/346/9 1412/347/9 1410/348/9 1409/349/9
f 1443/524/397 1442/915/398 1429/916/399 1433/527/400
f 1444/532/401 1432/533/402 1435/917/403 1441/918/404
f 1444/536/401 1443/919/397 1433/920/400 1432/539/402
f 1432/540/402 1433/541/400 1429/542/399 1435/543/403
f 1434/544/405 1431/545/406 1430/546/407 1436/547/408
f 1446/548/409 1445/921/410 1439/922/411 1440/551/412
f 1446/552/409 1440/553/412 1437/923/413 1447/924/414
f 1445/560/410 1448/925/415 1438/926/416 1439/563/411
f 1440/551/412 1439/922/411 1443/919/397 1444/536/401
f 1440/553/412 1444/532/401 1441/918/404 1437/923/413
f 1439/563/411 1438/926/416 1442/915/398 1443/524/397
f 1430/578/407 1431/927/406 1448/925/415 1445/560/410
f 1436/574/408 1446/552/409 1447/924/414 1434/928/405
f 1436/572/408 1430/929/407 1445/921/410 1446/548/409
f 1463/524/417 1462/930/418 1449/931/419 1453/527/420
f 1464/532/421 1452/533/422 1455/932/423 1461/933/424
f 1464/934/421 1463/452/417 1453/935/420 1452/936/422
f 1452/937/422 1453/938/420 1449/939/419 1455/940/423
f 1454/941/425 1451/942/426 1450/943/427 1456/944/428
f 1466/945/429 1465/946/430 1459/947/431 1460/948/432
f 1466/552/429 1460/553/432 1457/949/433 1467/950/434
f 1465/560/430 1468/951/435 1458/952/436 1459/953/431
f 1460/948/432 1459/947/431 1463/452/417 1464/934/421
f 1460/553/432 1464/532/421 1461/933/424 1457/949/433
f 1459/953/431 1458/952/436 1462/930/418 1463/524/417
f 1450/578/427 1451/954/426 1468/951/435 1465/560/430
f 1456/574/428 1466/552/429 1467/950/434 1454/955/425
f 1456/956/428 1450/957/427 1465/946/430 1466/945/429
f 1483/958/437 1482/959/438 1469/960/439 1473/961/440
f 1484/962/441 1472/963/442 1475/964/443 1481/965/444
f 1484/966/441 1483/967/437 1473/968/440 1472/969/442
f 1486/970/445 1485/971/446 1479/972/447 1480/973/448
f 1486/974/445 1480/975/448 1477/976/449 1487/977/450
f 1485/978/446 1488/979/451 1478/980/452 1479/981/447
f 1480/973/448 1479/972/447 1483/967/437 1484/966/441
f 1480/975/448 1484/962/441 1481/982/444 1477/983/449
f 1479/981/447 1478/984/452 1482/985/438 1483/958/437
f 1470/986/453 1471/987/454 1488/988/451 1485/978/446
f 1476/989/455 1486/974/445 1487/990/450 1474/991/456
f 1476/992/455 1470/993/453 1485/971/446 1486/970/445
f 1503/994/457 1502/995/458 1489/996/459 1493/997/460
f 1504/998/461 1492/999/537 1495/1000/463 1501/1001/464
f 1504/1002/461 1503/1003/457 1493/1004/460 1492/1005/537
f 1506/1006/465 1505/1007/466 1499/1008/467 1500/1009/468
f 1506/1010/465 1500/1011/468 1497/1012/469 1507/1013/470
f 1505/1014/466 1508/1015/471 1498/1016/472 1499/1017/467
f 1500/1009/468 1499/1008/467 1503/1003/457 1504/1002/461
f 1500/1011/468 1504/998/461 1501/1018/464 1497/1019/469
f 1499/1017/467 1498/1020/472 1502/1021/458 1503/994/457
f 1490/1022/473 1491/1023/525 1508/1024/471 1505/1014/466
f 1496/1025/475 1506/1010/465 1507/1026/470 1494/1027/476
f 1496/1028/475 1490/1029/473 1505/1007/466 1506/1006/465
f 1516/1030/477 1515/1031/478 1511/1032/479 1510/1033/480
f 1518/1034/481 1517/1035/482 1513/1036/483 1514/1037/484
f 1514/1037/484 1513/1036/483 1515/1031/478 1516/1030/477
f 1512/1038/485 1509/1039/486 1517/1035/482 1518/1034/481
f 1512/1038/485 1518/1034/481 1528/1040/487 1519/1041/488
f 1509/1042/486 1521/1043/489 1527/1044/490 1517/1045/482
f 1513/1046/483 1524/1047/491 1526/1048/492 1515/1049/478
f 1514/1037/484 1516/1030/477 1525/1050/493 1523/1051/494
f 1517/1045/482 1527/1044/490 1524/1047/491 1513/1046/483
f 1518/1034/481 1514/1037/484 1523/1051/494 1528/1040/487
f 1516/1030/477 1510/1033/480 1522/1052/495 1525/1050/493
f 1515/1049/478 1526/1048/492 1520/1053/538 1511/1054/479
f 1529/1055/497 1532/1056/498 1533/1057/499 1530/1058/530
f 1531/1059/501 1529/1060/497 1530/1061/530 1537/1062/502
f 1530/1058/530 1533/1057/499 1534/1063/503 1535/1064/504
f 1537/1062/502 1530/1061/530 1535/1065/504 1536/1066/505
f 1537/1062/502 1536/1066/505 1538/1067/506 1539/1068/507
f 1531/1059/501 1537/1062/502 1539/1068/507 1540/1069/508
f 1541/1042/497 1544/1043/498 1545/1044/499 1542/1045/526
f 1543/1038/501 1541/1039/497 1542/1035/526 1549/1034/502
f 1542/1045/526 1545/1044/499 1546/1047/503 1547/1046/504
f 1549/1034/502 1542/1035/526 1547/1036/504 1548/1037/505
f 1549/1034/502 1548/1037/505 1550/1051/506 1551/1040/507
f 1543/1038/501 1549/1034/502 1551/1040/507 1552/1041/508
f 1553/1070/509 1556/1071/510 1557/1072/511 1554/1073/512
f 1555/1074/513 1553/1075/509 1554/1076/512 1561/1077/514
f 1554/1073/512 1557/1072/511 1558/1078/515 1559/1079/516
f 1561/1077/514 1554/1076/512 1559/1080/516 1560/1081/517
f 1561/1077/514 1560/1081/517 1562/1082/518 1563/1083/519
f 1555/1074/513 1561/1077/514 1563/1083/519 1564/1084/520
f 1567/1085/513 1565/1086/521 1566/1087/528 1570/1088/514
f 1570/1088/514 1566/1087/528 1568/1089/523 1569/1090/517
f 1570/1088/514 1569/1090/517 1571/1091/518 1572/1092/519
f 1567/1085/513 1570/1088/514 1572/1092/519 1573/1093/520
f 1580/462/74 1577/465/74 1578/464/74 1581/463/74
f 1575/466/9 1582/469/9 1583/468/9 1574/467/9
f 1576/470/71 1585/473/71 1579/472/71 1584/471/71
f 1578/474/9 1577/477/9 1576/476/9 1584/475/9
f 1581/478/73 1578/481/73 1584/480/73 1579/479/73
f 1587/482/531 1588/487/531 1586/486/531 1590/485/531 1591/484/531 1589/483/531
f 1591/488/249 1597/489/249 1596/490/249 1589/491/249
f 1587/492/539 1595/493/539 1594/494/539 1588/495/539
f 1586/496/533 1593/499/533 1592/498/533 1590/497/533
f 1590/500/540 1592/501/540 1597/502/540 1591/503/540
f 1589/504/535 1596/507/535 1595/506/535 1587/505/535
f 1588/508/536 1594/509/536 1593/510/536 1586/511/536
f 1581/512/31 1579/515/31 1585/514/31 1580/513/31
f 1580/516/72 1585/519/72 1576/518/72 1577/517/72
f 1610/811/71 1601/812/71 1599/813/71 1611/814/71
f 1605/322/71 1604/323/71 1603/324/71 1607/325/71
f 1608/815/72 1602/816/72 1603/817/72 1604/818/72
f 1609/819/73 1605/820/73 1607/821/73 1606/822/73
f 1608/334/9 1604/335/9 1605/336/9 1609/337/9
f 1600/823/71 1612/824/71 1613/825/71 1598/826/71
f 1617/827/71 1614/828/71 1616/829/71 1615/830/71
f 1617/831/9 1615/832/9 1621/833/9 1618/834/9
f 1614/835/31 1620/836/31 1619/837/31 1616/838/31
f 1615/839/73 1616/840/73 1619/841/73 1621/842/73
f 1623/843/382 1625/844/382 1627/845/382 1626/846/382 1622/847/382 1624/848/382
f 1627/849/383 1625/850/383 1632/851/383 1633/852/383
f 1623/853/384 1624/854/384 1630/855/384 1631/856/384
f 1622/857/385 1626/858/385 1628/859/385 1629/860/385
f 1626/861/386 1627/862/386 1633/863/386 1628/864/386
f 1625/865/387 1623/866/387 1631/867/387 1632/868/387
f 1624/869/388 1622/870/388 1629/871/388 1630/872/388
f 1635/873/75 1636/874/75 1634/875/75 1638/876/75 1639/877/75 1637/878/75
f 1639/879/389 1645/880/389 1644/881/389 1637/882/389
f 1635/883/390 1643/884/390 1642/885/390 1636/886/390
f 1634/887/391 1641/888/391 1640/889/391 1638/890/391
f 1638/891/392 1640/892/392 1645/893/392 1639/894/392
f 1637/895/393 1644/896/393 1643/897/393 1635/898/393
f 1636/899/394 1642/900/394 1641/901/394 1634/902/394
f 1609/903/74 1606/904/74 1602/905/74 1608/906/74
f 1603/342/31 1602/343/31 1606/344/31 1607/345/31
f 1658/811/71 1649/812/71 1647/813/71 1659/814/71
f 1653/322/71 1652/323/71 1651/324/71 1655/325/71
f 1656/815/72 1650/816/72 1651/817/72 1652/818/72
f 1657/819/73 1653/820/73 1655/821/73 1654/822/73
f 1656/334/9 1652/335/9 1653/336/9 1657/337/9
f 1648/823/71 1660/824/71 1661/825/71 1646/826/71
f 1665/827/71 1662/828/71 1664/829/71 1663/830/71
f 1665/831/9 1663/832/9 1669/833/9 1666/834/9
f 1662/835/31 1668/836/31 1667/837/31 1664/838/31
f 1663/839/73 1664/840/73 1667/841/73 1669/842/73
f 1671/843/382 1673/844/382 1675/845/382 1674/846/382 1670/847/382 1672/848/382
f 1675/849/383 1673/850/383 1680/851/383 1681/852/383
f 1671/853/384 1672/854/384 1678/855/384 1679/856/384
f 1670/857/385 1674/858/385 1676/859/385 1677/860/385
f 1674/861/386 1675/862/386 1681/863/386 1676/864/386
f 1673/865/541 1671/866/541 1679/867/541 1680/868/541
f 1672/869/388 1670/870/388 1677/871/388 1678/872/388
f 1683/873/75 1684/874/75 1682/875/75 1686/876/75 1687/877/75 1685/878/75
f 1687/879/389 1693/880/389 1692/881/389 1685/882/389
f 1683/883/390 1691/884/390 1690/885/390 1684/886/390
f 1682/887/391 1689/888/391 1688/889/391 1686/890/391
f 1686/891/392 1688/892/392 1693/893/392 1687/894/392
f 1685/895/393 1692/896/393 1691/897/393 1683/898/393
f 1684/899/394 1690/900/394 1689/901/394 1682/902/394
f 1657/903/74 1654/904/74 1650/905/74 1656/906/74
f 1651/342/31 1650/343/31 1654/344/31 1655/345/31
f 1701/322/71 1700/323/71 1699/324/71 1703/325/71
f 1704/326/73 1700/329/73 1699/328/73 1698/327/73
f 1705/330/73 1701/331/73 1703/332/73 1702/333/73
f 1704/334/9 1700/335/9 1701/336/9 1705/337/9
f 1705/338/74 1702/339/74 1698/340/74 1704/341/74
f 1699/342/31 1698/343/31 1702/344/31 1703/345/31
f 1696/346/71 1697/347/71 1695/348/71 1694/349/71
f 1718/811/74 1709/812/74 1707/813/74 1719/814/74
f 1713/322/74 1712/323/74 1711/324/74 1715/325/74
f 1716/815/72 1710/816/72 1711/817/72 1712/818/72
f 1717/819/73 1713/820/73 1715/821/73 1714/822/73
f 1716/334/31 1712/335/31 1713/336/31 1717/337/31
f 1708/823/74 1720/824/74 1721/825/74 1706/826/74
f 1725/827/74 1722/828/74 1724/829/74 1723/830/74
f 1725/831/31 1723/832/31 1729/833/31 1726/834/31
f 1722/835/9 1728/836/9 1727/837/9 1724/838/9
f 1723/839/73 1724/840/73 1727/841/73 1729/842/73
f 1731/843/542 1733/844/542 1735/845/542 1734/846/542 1730/847/542 1732/848/542
f 1735/849/543 1733/850/543 1740/851/543 1741/852/543
f 1731/853/544 1732/854/544 1738/855/544 1739/856/544
f 1730/857/545 1734/858/545 1736/859/545 1737/860/545
f 1734/861/546 1735/862/546 1741/863/546 1736/864/546
f 1733/865/547 1731/866/547 1739/867/547 1740/868/547
f 1732/869/548 1730/870/548 1737/871/548 1738/872/548
f 1743/873/549 1744/874/549 1742/875/549 1746/876/549 1747/877/549 1745/878/549
f 1747/879/550 1753/880/550 1752/881/550 1745/882/550
f 1743/883/551 1751/884/551 1750/885/551 1744/886/551
f 1742/887/552 1749/888/552 1748/889/552 1746/890/552
f 1746/891/553 1748/892/553 1753/893/553 1747/894/553
f 1745/895/554 1752/896/554 1751/897/554 1743/898/554
f 1744/899/555 1750/900/555 1749/901/555 1742/902/555
f 1717/903/71 1714/904/71 1710/905/71 1716/906/71
f 1711/342/9 1710/343/9 1714/344/9 1715/345/9
f 1766/811/74 1757/812/74 1755/813/74 1767/814/74
f 1761/322/74 1760/323/74 1759/324/74 1763/325/74
f 1764/815/72 1758/816/72 1759/817/72 1760/818/72
f 1765/819/73 1761/820/73 1763/821/73 1762/822/73
f 1764/334/31 1760/335/31 1761/336/31 1765/337/31
f 1756/823/74 1768/824/74 1769/825/74 1754/826/74
f 1773/827/74 1770/828/74 1772/829/74 1771/830/74
f 1773/831/31 1771/832/31 1777/833/31 1774/834/31
f 1770/835/9 1776/836/9 1775/837/9 1772/838/9
f 1771/839/73 1772/840/73 1775/841/73 1777/842/73
f 1779/843/542 1781/844/542 1783/845/542 1782/846/542 1778/847/542 1780/848/542
f 1783/849/543 1781/850/543 1788/851/543 1789/852/543
f 1779/853/544 1780/854/544 1786/855/544 1787/856/544
f 1778/857/545 1782/858/545 1784/859/545 1785/860/545
f 1782/861/546 1783/862/546 1789/863/546 1784/864/546
f 1781/865/556 1779/866/556 1787/867/556 1788/868/556
f 1780/869/548 1778/870/548 1785/871/548 1786/872/548
f 1791/873/549 1792/874/549 1790/875/549 1794/876/549 1795/877/549 1793/878/549
f 1795/879/550 1801/880/550 1800/881/550 1793/882/550
f 1791/883/551 1799/884/551 1798/885/551 1792/886/551
f 1790/887/552 1797/888/552 1796/889/552 1794/890/552
f 1794/891/553 1796/892/553 1801/893/553 1795/894/553
f 1793/895/554 1800/896/554 1799/897/554 1791/898/554
f 1792/899/555 1798/900/555 1797/901/555 1790/902/555
f 1765/903/71 1762/904/71 1758/905/71 1764/906/71
f 1759/342/9 1758/343/9 1762/344/9 1763/345/9
f 1814/811/74 1805/812/74 1803/813/74 1815/814/74
f 1809/322/74 1808/323/74 1807/324/74 1811/325/74
f 1812/815/72 1806/816/72 1807/817/72 1808/818/72
f 1813/819/73 1809/820/73 1811/821/73 1810/822/73
f 1812/334/31 1808/335/31 1809/336/31 1813/337/31
f 1804/823/74 1816/824/74 1817/825/74 1802/826/74
f 1821/827/74 1818/828/74 1820/829/74 1819/830/74
f 1821/831/31 1819/832/31 1825/833/31 1822/834/31
f 1818/835/9 1824/836/9 1823/837/9 1820/838/9
f 1819/839/73 1820/840/73 1823/841/73 1825/842/73
f 1827/843/557 1828/848/557 1826/847/557 1830/846/557 1831/845/557 1829/844/557
f 1831/849/394 1837/852/394 1836/851/394 1829/850/394
f 1827/853/544 1835/856/544 1834/855/544 1828/854/544
f 1826/857/558 1833/860/558 1832/859/558 1830/858/558
f 1830/861/559 1832/864/559 1837/863/559 1831/862/559
f 1829/865/560 1836/868/560 1835/867/560 1827/866/560
f 1828/869/561 1834/872/561 1833/871/561 1826/870/561
f 1839/873/562 1841/878/562 1843/877/562 1842/876/562 1838/875/562 1840/874/562
f 1843/879/388 1841/882/388 1848/881/388 1849/880/388
f 1839/883/551 1840/886/551 1846/885/551 1847/884/551
f 1838/887/563 1842/890/563 1844/889/563 1845/888/563
f 1842/891/564 1843/894/564 1849/893/564 1844/892/564
f 1841/895/565 1839/898/565 1847/897/565 1848/896/565
f 1840/899/383 1838/902/383 1845/901/383 1846/900/383
f 1813/903/71 1810/904/71 1806/905/71 1812/906/71
f 1807/342/9 1806/343/9 1810/344/9 1811/345/9
f 1862/811/74 1853/812/74 1851/813/74 1863/814/74
f 1857/322/74 1856/323/74 1855/324/74 1859/325/74
f 1860/815/72 1854/816/72 1855/817/72 1856/818/72
f 1861/819/73 1857/820/73 1859/821/73 1858/822/73
f 1860/334/31 1856/335/31 1857/336/31 1861/337/31
f 1852/823/74 1864/824/74 1865/825/74 1850/826/74
f 1869/827/74 1866/828/74 1868/829/74 1867/830/74
f 1869/831/31 1867/832/31 1873/833/31 1870/834/31
f 1866/835/9 1872/836/9 1871/837/9 1868/838/9
f 1867/839/73 1868/840/73 1871/841/73 1873/842/73
f 1875/843/557 1876/848/557 1874/847/557 1878/846/557 1879/845/557 1877/844/557
f 1879/849/394 1885/852/394 1884/851/394 1877/850/394
f 1875/853/544 1883/856/544 1882/855/544 1876/854/544
f 1874/857/558 1881/860/558 1880/859/558 1878/858/558
f 1878/861/559 1880/864/559 1885/863/559 1879/862/559
f 1877/865/566 1884/868/566 1883/867/566 1875/866/566
f 1876/869/389 1882/872/389 1881/871/389 1874/870/389
f 1887/873/562 1889/878/562 1891/877/562 1890/876/562 1886/875/562 1888/874/562
f 1891/879/388 1889/882/388 1896/881/388 1897/880/388
f 1887/883/551 1888/886/551 1894/885/551 1895/884/551
f 1886/887/563 1890/890/563 1892/889/563 1893/888/563
f 1890/891/564 1891/894/564 1897/893/564 1892/892/564
f 1889/895/565 1887/898/565 1895/897/565 1896/896/565
f 1888/899/383 1886/902/383 1893/901/383 1894/900/383
f 1861/903/71 1858/904/71 1854/905/71 1860/906/71
f 1855/342/9 1854/343/9 1858/344/9 1859/345/9
f 1900/346/74 1901/347/74 1899/348/74 1898/349/74
f 1908/326/72 1902/327/72 1903/328/72 1904/329/72
f 1905/322/74 1904/323/74 1903/324/74 1907/325/74
f 1909/330/73 1905/331/73 1907/332/73 1906/333/73
f 1908/334/31 1904/335/31 1905/336/31 1909/337/31
f 1903/342/9 1902/343/9 1906/344/9 1907/345/9
f 1911/1094/542 1913/1095/542 1915/1096/542 1914/1097/542 1910/1098/542 1912/1099/542
f 1915/1100/543 1913/1101/543 1920/1102/543 1921/1103/543
f 1911/1104/544 1912/1105/544 1918/1106/544 1919/1107/544
f 1910/1108/567 1914/1109/567 1916/1110/567 1917/1111/567
f 1914/1112/546 1915/1113/546 1921/1114/546 1916/1115/546
f 1913/1116/568 1911/1117/568 1919/1118/568 1920/1119/568
f 1912/1120/548 1910/1121/548 1917/1122/548 1918/1123/548
f 1909/1124/71 1906/1125/71 1902/1126/71 1908/1127/71
f 1924/346/74 1922/349/74 1923/348/74 1925/347/74
f 1932/326/72 1928/329/72 1927/328/72 1926/327/72
f 1929/322/74 1931/325/74 1927/324/74 1928/323/74
f 1933/330/73 1930/333/73 1931/332/73 1929/331/73
f 1932/334/9 1933/337/9 1929/336/9 1928/335/9
f 1927/342/31 1931/345/31 1930/344/31 1926/343/31
f 1935/1094/549 1936/1099/549 1934/1098/549 1938/1097/549 1939/1096/549 1937/1095/549
f 1939/1100/550 1945/1103/550 1944/1102/550 1937/1101/550
f 1935/1104/551 1943/1107/551 1942/1106/551 1936/1105/551
f 1934/1108/569 1941/1111/569 1940/1110/569 1938/1109/569
f 1938/1112/553 1940/1115/553 1945/1114/553 1939/1113/553
f 1937/1116/570 1944/1119/570 1943/1118/570 1935/1117/570
f 1936/1120/555 1942/1123/555 1941/1122/555 1934/1121/555
f 1933/1124/71 1932/1127/71 1926/1126/71 1930/1125/71
f 1952/462/74 1953/463/74 1950/464/74 1949/465/74
f 1947/466/31 1946/467/31 1955/468/31 1954/469/31
f 1948/470/71 1956/471/71 1951/472/71 1957/473/71
f 1950/474/31 1956/475/31 1948/476/31 1949/477/31
f 1953/478/73 1951/479/73 1956/480/73 1950/481/73
f 1959/482/250 1961/483/250 1963/484/250 1962/485/250 1958/486/250 1960/487/250
f 1963/488/251 1961/491/251 1968/490/251 1969/489/251
f 1959/492/252 1960/495/252 1966/494/252 1967/493/252
f 1958/496/253 1962/497/253 1964/498/253 1965/499/253
f 1962/500/254 1963/503/254 1969/502/254 1964/501/254
f 1961/504/255 1959/505/255 1967/506/255 1968/507/255
f 1960/508/256 1958/511/256 1965/510/256 1966/509/256
f 1953/512/9 1952/513/9 1957/514/9 1951/515/9
f 1952/516/72 1949/517/72 1948/518/72 1957/519/72
f 1977/322/31 1976/323/31 1975/324/31 1979/325/31
f 1980/326/73 1976/329/73 1975/328/73 1974/327/73
f 1981/330/73 1977/331/73 1979/332/73 1978/333/73
f 1980/334/71 1976/335/71 1977/336/71 1981/337/71
f 1981/338/9 1978/339/9 1974/340/9 1980/341/9
f 1975/342/74 1974/343/74 1978/344/74 1979/345/74
f 1972/346/31 1973/347/31 1971/348/31 1970/349/31
f 2004/524/571 2003/915/572 1990/916/573 1994/527/574
f 2005/532/575 1993/533/576 1996/917/577 2002/918/578
f 2005/536/575 2004/919/571 1994/920/574 1993/539/576
f 1993/540/576 1994/541/574 1990/542/573 1996/543/577
f 1995/544/579 1992/545/580 1991/546/581 1997/547/582
f 2007/548/583 2006/921/584 2000/922/585 2001/551/586
f 2007/552/583 2001/553/586 1998/923/587 2008/924/588
f 2006/560/584 2009/925/589 1999/926/590 2000/563/585
f 2001/551/586 2000/922/585 2004/919/571 2005/536/575
f 2001/553/586 2005/532/575 2002/918/578 1998/923/587
f 2000/563/585 1999/926/590 2003/915/572 2004/524/571
f 1991/578/581 1992/927/580 2009/925/589 2006/560/584
f 1997/574/582 2007/552/583 2008/924/588 1995/928/579
f 1997/572/582 1991/929/581 2006/921/584 2007/548/583
f 2024/524/591 2023/930/592 2010/931/593 2014/527/594
f 2025/532/595 2013/533/596 2016/932/597 2022/933/598
f 2025/934/595 2024/452/591 2014/935/594 2013/936/596
f 2013/937/596 2014/938/594 2010/939/593 2016/940/597
f 2015/941/599 2012/942/600 2011/943/601 2017/944/602
f 2027/945/603 2026/946/604 2020/947/605 2021/948/606
f 2027/552/603 2021/553/606 2018/949/607 2028/950/608
f 2026/560/604 2029/951/609 2019/952/610 2020/953/605
f 2021/948/606 2020/947/605 2024/452/591 2025/934/595
f 2021/553/606 2025/532/595 2022/933/598 2018/949/607
f 2020/953/605 2019/952/610 2023/930/592 2024/524/591
f 2011/578/601 2012/954/600 2029/951/609 2026/560/604
f 2017/574/602 2027/552/603 2028/950/608 2015/955/599
f 2017/956/602 2011/957/601 2026/946/604 2027/945/603
f 2044/958/611 2043/959/612 2030/960/443 2034/961/613
f 2045/962/614 2033/963/615 2036/964/439 2042/965/616
f 2045/966/614 2044/967/611 2034/968/613 2033/969/615
f 2047/970/617 2046/971/618 2040/972/619 2041/973/620
f 2047/974/617 2041/975/620 2038/976/452 2048/977/621
f 2046/978/618 2049/979/622 2039/980/449 2040/981/619
f 2041/973/620 2040/972/619 2044/967/611 2045/966/614
f 2041/975/620 2045/962/614 2042/982/616 2038/983/452
f 2040/981/619 2039/984/449 2043/985/612 2044/958/611
f 2031/986/623 2032/987/624 2049/988/622 2046/978/618
f 2037/989/625 2047/974/617 2048/990/621 2035/991/626
f 2037/992/625 2031/993/623 2046/971/618 2047/970/617
f 2064/994/627 2063/995/628 2050/996/463 2054/997/629
f 2065/998/630 2053/999/631 2056/1000/459 2062/1001/632
f 2065/1002/630 2064/1003/627 2054/1004/629 2053/1005/631
f 2067/1006/633 2066/1007/634 2060/1008/635 2061/1009/636
f 2067/1010/633 2061/1011/636 2058/1012/472 2068/1013/637
f 2066/1014/634 2069/1015/638 2059/1016/469 2060/1017/635
f 2061/1009/636 2060/1008/635 2064/1003/627 2065/1002/630
f 2061/1011/636 2065/998/630 2062/1018/632 2058/1019/472
f 2060/1017/635 2059/1020/469 2063/1021/628 2064/994/627
f 2051/1022/639 2052/1023/640 2069/1024/638 2066/1014/634
f 2057/1025/641 2067/1010/633 2068/1026/637 2055/1027/642
f 2057/1028/641 2051/1029/639 2066/1007/634 2067/1006/633
f 2077/1030/643 2076/1031/644 2072/1032/645 2071/1033/646
f 2079/1034/647 2078/1035/648 2074/1036/649 2075/1037/650
f 2075/1037/650 2074/1036/649 2076/1031/644 2077/1030/643
f 2073/1038/651 2070/1039/652 2078/1035/648 2079/1034/647
f 2073/1038/651 2079/1034/647 2089/1040/653 2080/1041/654
f 2070/1042/652 2082/1043/655 2088/1044/656 2078/1045/648
f 2074/1046/649 2085/1047/657 2087/1048/658 2076/1049/644
f 2075/1037/650 2077/1030/643 2086/1050/659 2084/1051/660
f 2078/1045/648 2088/1044/656 2085/1047/657 2074/1046/649
f 2079/1034/647 2075/1037/650 2084/1051/660 2089/1040/653
f 2077/1030/643 2071/1033/646 2083/1052/661 2086/1050/659
f 2076/1049/644 2087/1048/658 2081/1053/662 2072/1054/645
f 2090/1055/663 2093/1056/664 2094/1057/665 2091/1058/666
f 2092/1059/667 2090/1060/663 2091/1061/666 2098/1062/668
f 2091/1058/666 2094/1057/665 2095/1063/669 2096/1064/670
f 2098/1062/668 2091/1061/666 2096/1065/670 2097/1066/671
f 2098/1062/668 2097/1066/671 2099/1067/672 2100/1068/673
f 2092/1059/667 2098/1062/668 2100/1068/673 2101/1069/674
f 2102/1042/663 2105/1043/664 2106/1044/665 2103/1045/675
f 2104/1038/667 2102/1039/663 2103/1035/675 2110/1034/668
f 2103/1045/675 2106/1044/665 2107/1047/669 2108/1046/670
f 2110/1034/668 2103/1035/675 2108/1036/670 2109/1037/671
f 2110/1034/668 2109/1037/671 2111/1051/672 2112/1040/673
f 2104/1038/667 2110/1034/668 2112/1040/673 2113/1041/674
f 2114/1070/676 2117/1071/677 2118/1072/678 2115/1073/679
f 2116/1074/680 2114/1075/676 2115/1076/679 2122/1077/681
f 2115/1073/679 2118/1072/678 2119/1078/682 2120/1079/683
f 2122/1077/681 2115/1076/679 2120/1080/683 2121/1081/684
f 2122/1077/681 2121/1081/684 2123/1082/685 2124/1083/686
f 2116/1074/680 2122/1077/681 2124/1083/686 2125/1084/687
f 2128/1085/680 2126/1086/688 2127/1087/689 2131/1088/681
f 2131/1088/681 2127/1087/689 2129/1089/690 2130/1090/684
f 2131/1088/681 2130/1090/684 2132/1091/685 2133/1092/686
f 2128/1085/680 2131/1088/681 2133/1092/686 2134/1093/687
f 2141/462/74 2142/463/74 2139/464/74 2138/465/74
f 2136/466/31 2135/467/31 2144/468/31 2143/469/31
f 2137/470/71 2145/471/71 2140/472/71 2146/473/71
f 2139/474/31 2145/475/31 2137/476/31 2138/477/31
f 2142/478/73 2140/479/73 2145/480/73 2139/481/73
f 2148/482/250 2150/483/250 2152/484/250 2151/485/250 2147/486/250 2149/487/250
f 2152/488/251 2150/491/251 2157/490/251 2158/489/251
f 2148/492/252 2149/495/252 2155/494/252 2156/493/252
f 2147/496/253 2151/497/253 2153/498/253 2154/499/253
f 2151/500/254 2152/503/254 2158/502/254 2153/501/254
f 2150/504/255 2148/505/255 2156/506/255 2157/507/255
f 2149/508/256 2147/511/256 2154/510/256 2155/509/256
f 2142/512/9 2141/513/9 2146/514/9 2140/515/9
f 2141/516/72 2138/517/72 2137/518/72 2146/519/72
f 2166/322/31 2165/323/31 2164/324/31 2168/325/31
f 2169/326/73 2165/329/73 2164/328/73 2163/327/73
f 2170/330/73 2166/331/73 2168/332/73 2167/333/73
f 2169/334/71 2165/335/71 2166/336/71 2170/337/71
f 2170/338/9 2167/339/9 2163/340/9 2169/341/9
f 2164/342/74 2163/343/74 2167/344/74 2168/345/74
f 2161/346/31 2162/347/31 2160/348/31 2159/349/31
f 2193/524/571 2192/915/572 2179/916/573 2183/527/574
f 2194/532/575 2182/533/576 2185/917/577 2191/918/578
f 2194/536/575 2193/919/571 2183/920/574 2182/539/576
f 2182/540/576 2183/541/574 2179/542/573 2185/543/577
f 2184/544/579 2181/545/580 2180/546/581 2186/547/582
f 2196/548/583 2195/921/584 2189/922/585 2190/551/586
f 2196/552/583 2190/553/586 2187/923/587 2197/924/588
f 2195/560/584 2198/925/589 2188/926/590 2189/563/585
f 2190/551/586 2189/922/585 2193/919/571 2194/536/575
f 2190/553/586 2194/532/575 2191/918/578 2187/923/587
f 2189/563/585 2188/926/590 2192/915/572 2193/524/571
f 2180/578/581 2181/927/580 2198/925/589 2195/560/584
f 2186/574/582 2196/552/583 2197/924/588 2184/928/579
f 2186/572/582 2180/929/581 2195/921/584 2196/548/583
f 2213/524/591 2212/930/592 2199/931/593 2203/527/594
f 2214/532/595 2202/533/596 2205/932/597 2211/933/598
f 2214/934/595 2213/452/591 2203/935/594 2202/936/596
f 2202/937/596 2203/938/594 2199/939/593 2205/940/597
f 2204/941/599 2201/942/600 2200/943/601 2206/944/602
f 2216/945/603 2215/946/604 2209/947/605 2210/948/606
f 2216/552/603 2210/553/606 2207/949/607 2217/950/608
f 2215/560/604 2218/951/609 2208/952/610 2209/953/605
f 2210/948/606 2209/947/605 2213/452/591 2214/934/595
f 2210/553/606 2214/532/595 2211/933/598 2207/949/607
f 2209/953/605 2208/952/610 2212/930/592 2213/524/591
f 2200/578/601 2201/954/600 2218/951/609 2215/560/604
f 2206/574/602 2216/552/603 2217/950/608 2204/955/599
f 2206/956/602 2200/957/601 2215/946/604 2216/945/603
f 2233/958/611 2232/959/612 2219/960/443 2223/961/613
f 2234/962/614 2222/963/615 2225/964/439 2231/965/616
f 2234/966/614 2233/967/611 2223/968/613 2222/969/615
f 2236/970/617 2235/971/618 2229/972/619 2230/973/691
f 2236/974/617 2230/975/691 2227/976/452 2237/977/621
f 2235/978/618 2238/979/622 2228/980/449 2229/981/619
f 2230/973/691 2229/972/619 2233/967/611 2234/966/614
f 2230/975/691 2234/962/614 2231/982/616 2227/983/452
f 2229/981/619 2228/984/449 2232/985/612 2233/958/611
f 2220/986/623 2221/987/624 2238/988/622 2235/978/618
f 2226/989/625 2236/974/617 2237/990/621 2224/991/626
f 2226/992/625 2220/993/623 2235/971/618 2236/970/617
f 2253/994/627 2252/995/628 2239/996/463 2243/997/629
f 2254/998/630 2242/999/692 2245/1000/459 2251/1001/632
f 2254/1002/630 2253/1003/627 2243/1004/629 2242/1005/692
f 2256/1006/633 2255/1007/634 2249/1008/635 2250/1009/636
f 2256/1010/633 2250/1011/636 2247/1012/472 2257/1013/637
f 2255/1014/634 2258/1015/638 2248/1016/469 2249/1017/635
f 2250/1009/636 2249/1008/635 2253/1003/627 2254/1002/630
f 2250/1011/636 2254/998/630 2251/1018/632 2247/1019/472
f 2249/1017/635 2248/1020/469 2252/1021/628 2253/994/627
f 2240/1022/639 2241/1023/693 2258/1024/638 2255/1014/634
f 2246/1025/641 2256/1010/633 2257/1026/637 2244/1027/642
f 2246/1028/641 2240/1029/639 2255/1007/634 2256/1006/633
f 2266/1030/643 2265/1031/644 2261/1032/645 2260/1033/646
f 2268/1034/647 2267/1035/648 2263/1036/649 2264/1037/650
f 2264/1037/650 2263/1036/649 2265/1031/644 2266/1030/643
f 2262/1038/651 2259/1039/652 2267/1035/648 2268/1034/647
f 2262/1038/651 2268/1034/647 2278/1040/653 2269/1041/654
f 2259/1042/652 2271/1043/655 2277/1044/656 2267/1045/648
f 2263/1046/649 2274/1047/694 2276/1048/658 2265/1049/644
f 2264/1037/650 2266/1030/643 2275/1050/659 2273/1051/660
f 2267/1045/648 2277/1044/656 2274/1047/694 2263/1046/649
f 2268/1034/647 2264/1037/650 2273/1051/660 2278/1040/653
f 2266/1030/643 2260/1033/646 2272/1052/661 2275/1050/659
f 2265/1049/644 2276/1048/658 2270/1053/695 2261/1054/645
f 2279/1055/663 2282/1056/664 2283/1057/665 2280/1058/666
f 2281/1059/667 2279/1060/663 2280/1061/666 2287/1062/668
f 2280/1058/666 2283/1057/665 2284/1063/669 2285/1064/670
f 2287/1062/668 2280/1061/666 2285/1065/670 2286/1066/671
f 2287/1062/668 2286/1066/671 2288/1067/672 2289/1068/673
f 2281/1059/667 2287/1062/668 2289/1068/673 2290/1069/674
f 2291/1042/663 2294/1043/664 2295/1044/665 2292/1045/666
f 2293/1038/667 2291/1039/663 2292/1035/666 2299/1034/668
f 2292/1045/666 2295/1044/665 2296/1047/669 2297/1046/670
f 2299/1034/668 2292/1035/666 2297/1036/670 2298/1037/671
f 2299/1034/668 2298/1037/671 2300/1051/672 2301/1040/673
f 2293/1038/667 2299/1034/668 2301/1040/673 2302/1041/674
f 2303/1070/676 2306/1071/677 2307/1072/678 2304/1073/696
f 2305/1074/680 2303/1075/676 2304/1076/696 2311/1077/681
f 2304/1073/696 2307/1072/678 2308/1078/682 2309/1079/683
f 2311/1077/681 2304/1076/696 2309/1080/683 2310/1081/684
f 2311/1077/681 2310/1081/684 2312/1082/685 2313/1083/686
f 2305/1074/680 2311/1077/681 2313/1083/686 2314/1084/687
f 2317/1085/680 2315/1086/688 2316/1087/689 2320/1088/681
f 2320/1088/681 2316/1087/689 2318/1089/690 2319/1090/684
f 2320/1088/681 2319/1090/684 2321/1091/685 2322/1092/686
f 2317/1085/680 2320/1088/681 2322/1092/686 2323/1093/687
f 2330/462/71 2327/465/71 2328/464/71 2331/463/71
f 2325/466/31 2332/469/31 2333/468/31 2324/467/31
f 2326/470/74 2335/473/74 2329/472/74 2334/471/74
f 2328/474/31 2327/477/31 2326/476/31 2334/475/31
f 2331/478/73 2328/481/73 2334/480/73 2329/479/73
f 2337/482/697 2338/487/697 2336/486/697 2340/485/697 2341/484/697 2339/483/697
f 2341/488/698 2347/489/698 2346/490/698 2339/491/698
f 2337/492/540 2345/493/540 2344/494/540 2338/495/540
f 2336/496/699 2343/499/699 2342/498/699 2340/497/699
f 2340/500/539 2342/501/539 2347/502/539 2341/503/539
f 2339/504/700 2346/507/700 2345/506/700 2337/505/700
f 2338/508/701 2344/509/701 2343/510/701 2336/511/701
f 2331/512/9 2329/515/9 2335/514/9 2330/513/9
f 2330/516/72 2335/519/72 2326/518/72 2327/517/72
f 2354/462/74 2355/463/74 2352/464/74 2351/465/74
f 2349/466/31 2348/467/31 2357/468/31 2356/469/31
f 2350/470/71 2358/471/71 2353/472/71 2359/473/71
f 2352/474/31 2358/475/31 2350/476/31 2351/477/31
f 2355/478/73 2353/479/73 2358/480/73 2352/481/73
f 2361/482/250 2363/483/250 2365/484/250 2364/485/250 2360/486/250 2362/487/250
f 2365/488/702 2363/491/702 2370/490/702 2371/489/702
f 2361/492/252 2362/495/252 2368/494/252 2369/493/252
f 2360/496/253 2364/497/253 2366/498/253 2367/499/253
f 2364/500/254 2365/503/254 2371/502/254 2366/501/254
f 2363/504/255 2361/505/255 2369/506/255 2370/507/255
f 2362/508/256 2360/511/256 2367/510/256 2368/509/256
f 2355/512/9 2354/513/9 2359/514/9 2353/515/9
f 2354/516/72 2351/517/72 2350/518/72 2359/519/72
f 2379/322/31 2378/323/31 2377/324/31 2381/325/31
f 2382/326/73 2378/329/73 2377/328/73 2376/327/73
f 2383/330/73 2379/331/73 2381/332/73 2380/333/73
f 2382/334/71 2378/335/71 2379/336/71 2383/337/71
f 2383/338/9 2380/339/9 2376/340/9 2382/341/9
f 2377/342/74 2376/343/74 2380/344/74 2381/345/74
f 2374/346/31 2375/347/31 2373/348/31 2372/349/31
f 2406/524/571 2405/915/572 2392/916/573 2396/527/574
f 2407/532/575 2395/533/576 2398/917/577 2404/918/578
f 2407/536/575 2406/919/571 2396/920/574 2395/539/576
f 2395/540/576 2396/541/574 2392/542/573 2398/543/577
f 2397/544/579 2394/545/580 2393/546/581 2399/547/582
f 2409/548/583 2408/921/584 2402/922/585 2403/551/586
f 2409/552/583 2403/553/586 2400/923/587 2410/924/588
f 2408/560/584 2411/925/589 2401/926/590 2402/563/585
f 2403/551/586 2402/922/585 2406/919/571 2407/536/575
f 2403/553/586 2407/532/575 2404/918/578 2400/923/587
f 2402/563/585 2401/926/590 2405/915/572 2406/524/571
f 2393/578/581 2394/927/580 2411/925/589 2408/560/584
f 2399/574/582 2409/552/583 2410/924/588 2397/928/579
f 2399/572/582 2393/929/581 2408/921/584 2409/548/583
f 2426/524/591 2425/930/592 2412/931/593 2416/527/594
f 2427/532/595 2415/533/596 2418/932/597 2424/933/598
f 2427/934/595 2426/452/591 2416/935/594 2415/936/596
f 2415/937/596 2416/938/594 2412/939/593 2418/940/597
f 2417/941/599 2414/942/600 2413/943/601 2419/944/602
f 2429/945/603 2428/946/604 2422/947/605 2423/948/606
f 2429/552/603 2423/553/606 2420/949/607 2430/950/608
f 2428/560/604 2431/951/609 2421/952/610 2422/953/605
f 2423/948/606 2422/947/605 2426/452/591 2427/934/595
f 2423/553/606 2427/532/595 2424/933/598 2420/949/607
f 2422/953/605 2421/952/610 2425/930/592 2426/524/591
f 2413/578/601 2414/954/600 2431/951/609 2428/560/604
f 2419/574/602 2429/552/603 2430/950/608 2417/955/599
f 2419/956/602 2413/957/601 2428/946/604 2429/945/603
f 2446/958/611 2445/959/612 2432/960/443 2436/961/613
f 2447/962/614 2435/963/615 2438/964/439 2444/965/616
f 2447/966/614 2446/967/611 2436/968/613 2435/969/615
f 2449/970/617 2448/971/618 2442/972/619 2443/973/620
f 2449/974/617 2443/975/620 2440/976/452 2450/977/621
f 2448/978/618 2451/979/622 2441/980/449 2442/981/619
f 2443/973/620 2442/972/619 2446/967/611 2447/966/614
f 2443/975/620 2447/962/614 2444/982/616 2440/983/452
f 2442/981/619 2441/984/449 2445/985/612 2446/958/611
f 2433/986/623 2434/987/624 2451/988/622 2448/978/618
f 2439/989/625 2449/974/617 2450/990/621 2437/991/626
f 2439/992/625 2433/993/623 2448/971/618 2449/970/617
f 2466/994/627 2465/995/628 2452/996/463 2456/997/629
f 2467/998/630 2455/999/631 2458/1000/459 2464/1001/632
f 2467/1002/630 2466/1003/627 2456/1004/629 2455/1005/631
f 2469/1006/633 2468/1007/634 2462/1008/635 2463/1009/636
f 2469/1010/633 2463/1011/636 2460/1012/472 2470/1013/637
f 2468/1014/634 2471/1015/638 2461/1016/469 2462/1017/635
f 2463/1009/636 2462/1008/635 2466/1003/627 2467/1002/630
f 2463/1011/636 2467/998/630 2464/1018/632 2460/1019/472
f 2462/1017/635 2461/1020/469 2465/1021/628 2466/994/627
f 2453/1022/639 2454/1023/693 2471/1024/638 2468/1014/634
f 2459/1025/641 2469/1010/633 2470/1026/637 2457/1027/642
f 2459/1028/641 2453/1029/639 2468/1007/634 2469/1006/633
f 2479/1030/643 2478/1031/644 2474/1032/645 2473/1033/646
f 2481/1034/647 2480/1035/648 2476/1036/649 2477/1037/650
f 2477/1037/650 2476/1036/649 2478/1031/644 2479/1030/643
f 2475/1038/651 2472/1039/652 2480/1035/648 2481/1034/647
f 2475/1038/651 2481/1034/647 2491/1040/653 2482/1041/654
f 2472/1042/652 2484/1043/655 2490/1044/656 2480/1045/648
f 2476/1046/649 2487/1047/694 2489/1048/658 2478/1049/644
f 2477/1037/650 2479/1030/643 2488/1050/659 2486/1051/660
f 2480/1045/648 2490/1044/656 2487/1047/694 2476/1046/649
f 2481/1034/647 2477/1037/650 2486/1051/660 2491/1040/653
f 2479/1030/643 2473/1033/646 2485/1052/661 2488/1050/659
f 2478/1049/644 2489/1048/658 2483/1053/662 2474/1054/645
f 2492/1055/663 2495/1056/664 2496/1057/665 2493/1058/666
f 2494/1059/667 2492/1060/663 2493/1061/666 2500/1062/668
f 2493/1058/666 2496/1057/665 2497/1063/669 2498/1064/670
f 2500/1062/668 2493/1061/666 2498/1065/670 2499/1066/671
f 2500/1062/668 2499/1066/671 2501/1067/672 2502/1068/673
f 2494/1059/667 2500/1062/668 2502/1068/673 2503/1069/674
f 2504/1042/663 2507/1043/664 2508/1044/665 2505/1045/703
f 2506/1038/667 2504/1039/663 2505/1035/703 2512/1034/668
f 2505/1045/703 2508/1044/665 2509/1047/669 2510/1046/670
f 2512/1034/668 2505/1035/703 2510/1036/670 2511/1037/671
f 2512/1034/668 2511/1037/671 2513/1051/672 2514/1040/673
f 2506/1038/667 2512/1034/668 2514/1040/673 2515/1041/674
f 2516/1070/676 2519/1071/677 2520/1072/678 2517/1073/696
f 2518/1074/680 2516/1075/676 2517/1076/696 2524/1077/681
f 2517/1073/696 2520/1072/678 2521/1078/682 2522/1079/683
f 2524/1077/681 2517/1076/696 2522/1080/683 2523/1081/684
f 2524/1077/681 2523/1081/684 2525/1082/685 2526/1083/686
f 2518/1074/680 2524/1077/681 2526/1083/686 2527/1084/687
f 2530/1085/680 2528/1086/688 2529/1087/689 2533/1088/681
f 2533/1088/681 2529/1087/689 2531/1089/690 2532/1090/684
f 2533/1088/681 2532/1090/684 2534/1091/685 2535/1092/686
f 2530/1085/680 2533/1088/681 2535/1092/686 2536/1093/687
f 2543/462/74 2544/463/74 2541/464/74 2540/465/74
f 2538/466/31 2537/467/31 2546/468/31 2545/469/31
f 2539/470/71 2547/471/71 2542/472/71 2548/473/71
f 2541/474/31 2547/475/31 2539/476/31 2540/477/31
f 2544/478/73 2542/479/73 2547/480/73 2541/481/73
f 2550/482/250 2552/483/250 2554/484/250 2553/485/250 2549/486/250 2551/487/250
f 2554/488/702 2552/491/702 2559/490/702 2560/489/702
f 2550/492/252 2551/495/252 2557/494/252 2558/493/252
f 2549/496/253 2553/497/253 2555/498/253 2556/499/253
f 2553/500/254 2554/503/254 2560/502/254 2555/501/254
f 2552/504/255 2550/505/255 2558/506/255 2559/507/255
f 2551/508/256 2549/511/256 2556/510/256 2557/509/256
f 2544/512/9 2543/513/9 2548/514/9 2542/515/9
f 2543/516/72 2540/517/72 2539/518/72 2548/519/72
f 2568/322/31 2567/323/31 2566/324/31 2570/325/31
f 2571/326/73 2567/329/73 2566/328/73 2565/327/73
f 2572/330/73 2568/331/73 2570/332/73 2569/333/73
f 2571/334/71 2567/335/71 2568/336/71 2572/337/71
f 2572/338/9 2569/339/9 2565/340/9 2571/341/9
f 2566/342/74 2565/343/74 2569/344/74 2570/345/74
f 2563/346/31 2564/347/31 2562/348/31 2561/349/31
f 2595/524/571 2594/915/572 2581/916/573 2585/527/574
f 2596/532/575 2584/533/576 2587/917/577 2593/918/578
f 2596/536/575 2595/919/571 2585/920/574 2584/539/576
f 2584/540/576 2585/541/574 2581/542/573 2587/543/577
f 2586/544/579 2583/545/580 2582/546/581 2588/547/582
f 2598/548/583 2597/921/584 2591/922/585 2592/551/586
f 2598/552/583 2592/553/586 2589/923/587 2599/924/588
f 2597/560/584 2600/925/589 2590/926/590 2591/563/585
f 2592/551/586 2591/922/585 2595/919/571 2596/536/575
f 2592/553/586 2596/532/575 2593/918/578 2589/923/587
f 2591/563/585 2590/926/590 2594/915/572 2595/524/571
f 2582/578/581 2583/927/580 2600/925/589 2597/560/584
f 2588/574/582 2598/552/583 2599/924/588 2586/928/579
f 2588/572/582 2582/929/581 2597/921/584 2598/548/583
f 2615/524/591 2614/930/592 2601/931/593 2605/527/594
f 2616/532/595 2604/533/596 2607/932/597 2613/933/598
f 2616/934/595 2615/452/591 2605/935/594 2604/936/596
f 2604/937/596 2605/938/594 2601/939/593 2607/940/597
f 2606/941/599 2603/942/600 2602/943/601 2608/944/602
f 2618/945/603 2617/946/604 2611/947/605 2612/948/606
f 2618/552/603 2612/553/606 2609/949/607 2619/950/608
f 2617/560/604 2620/951/609 2610/952/610 2611/953/605
f 2612/948/606 2611/947/605 2615/452/591 2616/934/595
f 2612/553/606 2616/532/595 2613/933/598 2609/949/607
f 2611/953/605 2610/952/610 2614/930/592 2615/524/591
f 2602/578/601 2603/954/600 2620/951/609 2617/560/604
f 2608/574/602 2618/552/603 2619/950/608 2606/955/599
f 2608/956/602 2602/957/601 2617/946/604 2618/945/603
f 2635/958/611 2634/959/612 2621/960/443 2625/961/613
f 2636/962/614 2624/963/615 2627/964/439 2633/965/616
f 2636/966/614 2635/967/611 2625/968/613 2624/969/615
f 2638/970/617 2637/971/618 2631/972/619 2632/973/691
f 2638/974/617 2632/975/691 2629/976/452 2639/977/621
f 2637/978/618 2640/979/622 2630/980/449 2631/981/619
f 2632/973/691 2631/972/619 2635/967/611 2636/966/614
f 2632/975/691 2636/962/614 2633/982/616 2629/983/452
f 2631/981/619 2630/984/449 2634/985/612 2635/958/611
f 2622/986/623 2623/987/624 2640/988/622 2637/978/618
f 2628/989/625 2638/974/617 2639/990/621 2626/991/626
f 2628/992/625 2622/993/623 2637/971/618 2638/970/617
f 2655/994/627 2654/995/628 2641/996/463 2645/997/629
f 2656/998/630 2644/999/692 2647/1000/459 2653/1001/632
f 2656/1002/630 2655/1003/627 2645/1004/629 2644/1005/692
f 2658/1006/633 2657/1007/634 2651/1008/635 2652/1009/636
f 2658/1010/633 2652/1011/636 2649/1012/472 2659/1013/637
f 2657/1014/634 2660/1015/638 2650/1016/469 2651/1017/635
f 2652/1009/636 2651/1008/635 2655/1003/627 2656/1002/630
f 2652/1011/636 2656/998/630 2653/1018/632 2649/1019/472
f 2651/1017/635 2650/1020/469 2654/1021/628 2655/994/627
f 2642/1022/639 2643/1023/693 2660/1024/638 2657/1014/634
f 2648/1025/641 2658/1010/633 2659/1026/637 2646/1027/642
f 2648/1028/641 2642/1029/639 2657/1007/634 2658/1006/633
f 2668/1030/643 2667/1031/644 2663/1032/645 2662/1033/646
f 2670/1034/647 2669/1035/648 2665/1036/649 2666/1037/650
f 2666/1037/650 2665/1036/649 2667/1031/644 2668/1030/643
f 2664/1038/651 2661/1039/652 2669/1035/648 2670/1034/647
f 2664/1038/651 2670/1034/647 2680/1040/653 2671/1041/654
f 2661/1042/652 2673/1043/655 2679/1044/656 2669/1045/648
f 2665/1046/649 2676/1047/694 2678/1048/658 2667/1049/644
f 2666/1037/650 2668/1030/643 2677/1050/659 2675/1051/660
f 2669/1045/648 2679/1044/656 2676/1047/694 2665/1046/649
f 2670/1034/647 2666/1037/650 2675/1051/660 2680/1040/653
f 2668/1030/643 2662/1033/646 2674/1052/661 2677/1050/659
f 2667/1049/644 2678/1048/658 2672/1053/695 2663/1054/645
f 2681/1055/663 2684/1056/664 2685/1057/665 2682/1058/666
f 2683/1059/667 2681/1060/663 2682/1061/666 2689/1062/668
f 2682/1058/666 2685/1057/665 2686/1063/669 2687/1064/670
f 2689/1062/668 2682/1061/666 2687/1065/670 2688/1066/671
f 2689/1062/668 2688/1066/671 2690/1067/672 2691/1068/673
f 2683/1059/667 2689/1062/668 2691/1068/673 2692/1069/674
f 2693/1042/663 2696/1043/664 2697/1044/665 2694/1045/666
f 2695/1038/667 2693/1039/663 2694/1035/666 2701/1034/668
f 2694/1045/666 2697/1044/665 2698/1047/669 2699/1046/670
f 2701/1034/668 2694/1035/666 2699/1036/670 2700/1037/671
f 2701/1034/668 2700/1037/671 2702/1051/672 2703/1040/673
f 2695/1038/667 2701/1034/668 2703/1040/673 2704/1041/674
f 2705/1070/676 2708/1071/677 2709/1072/678 2706/1073/696
f 2707/1074/680 2705/1075/676 2706/1076/696 2713/1077/681
f 2706/1073/696 2709/1072/678 2710/1078/682 2711/1079/683
f 2713/1077/681 2706/1076/696 2711/1080/683 2712/1081/684
f 2713/1077/681 2712/1081/684 2714/1082/685 2715/1083/686
f 2707/1074/680 2713/1077/681 2715/1083/686 2716/1084/687
f 2719/1085/680 2717/1086/688 2718/1087/689 2722/1088/681
f 2722/1088/681 2718/1087/689 2720/1089/690 2721/1090/684
f 2722/1088/681 2721/1090/684 2723/1091/685 2724/1092/686
f 2719/1085/680 2722/1088/681 2724/1092/686 2725/1093/687
f 2732/462/71 2729/465/71 2730/464/71 2733/463/71
f 2727/466/31 2734/469/31 2735/468/31 2726/467/31
f 2728/470/74 2737/473/74 2731/472/74 2736/471/74
f 2730/474/31 2729/477/31 2728/476/31 2736/475/31
f 2733/478/73 2730/481/73 2736/480/73 2731/479/73
f 2739/482/697 2740/487/697 2738/486/697 2742/485/697 2743/484/697 2741/483/697
f 2743/488/698 2749/489/698 2748/490/698 2741/491/698
f 2739/492/540 2747/493/540 2746/494/540 2740/495/540
f 2738/496/699 2745/499/699 2744/498/699 2742/497/699
f 2742/500/539 2744/501/539 2749/502/539 2743/503/539
f 2741/504/700 2748/507/700 2747/506/700 2739/505/700
f 2740/508/701 2746/509/701 2745/510/701 2738/511/701
f 2733/512/9 2731/515/9 2737/514/9 2732/513/9
f 2732/516/72 2737/519/72 2728/518/72 2729/517/72
f 2750/520/71 2753/521/71 2751/522/71 2752/523/71
f 2753/520/71 2754/521/71 2755/522/71 2751/523/71
f 2756/520/71 2759/521/71 2757/522/71 2758/523/71
f 2759/520/71 2760/521/71 2761/522/71 2757/523/71
f 2762/520/9 2765/521/9 2763/522/9 2764/523/9
f 2765/520/9 2766/521/9 2767/522/9 2763/523/9
f 2768/520/9 2771/521/9 2769/522/9 2770/523/9
f 2771/520/9 2772/521/9 2773/522/9 2769/523/9
f 2774/520/9 2777/521/9 2775/522/9 2776/523/9
f 2777/520/9 2778/521/9 2779/522/9 2775/523/9
f 2780/520/9 2781/521/9 2782/522/9 2783/523/9
f 2784/520/74 2787/521/74 2785/522/74 2786/523/74
f 2787/520/74 2788/521/74 2789/522/74 2785/523/74
f 2790/520/74 2793/521/74 2791/522/74 2792/523/74
f 2793/520/74 2794/521/74 2795/522/74 2791/523/74
f 2796/520/74 2799/521/74 2797/522/74 2798/523/74
f 2799/520/74 2800/521/74 2801/522/74 2797/523/74
f 2802/520/31 2805/521/31 2803/522/31 2804/523/31
f 2805/520/31 2806/521/31 2807/522/31 2803/523/31
f 2808/520/31 2811/521/31 2809/522/31 2810/523/31
f 2811/520/31 2812/521/31 2813/522/31 2809/523/31
f 2814/520/31 2817/521/31 2815/522/31 2816/523/31
f 2817/520/31 2818/521/31 2819/522/31 2815/523/31
f 2820/520/31 2821/521/31 2822/522/31 2823/523/31
f 2825/578/9 2826/579/9 2824/1128/9 2828/1129/9
f 2829/576/71 2830/1130/71 2824/1131/71 2826/577/71
f 2831/574/31 2827/1132/31 2830/1133/31 2829/575/31
f 2831/572/74 2825/573/74 2828/1134/74 2827/1135/74
f 2827/540/73 2828/541/73 2824/542/73 2830/543/73
f 2829/544/72 2826/545/72 2825/546/72 2831/547/72
f 2854/524/704 2853/525/704 2832/526/704 2836/527/704
f 2852/528/705 2838/529/705 2832/530/705 2853/531/705
f 2855/532/706 2835/533/706 2838/534/706 2852/535/706
f 2855/536/707 2854/537/707 2836/538/707 2835/539/707
f 2835/540/73 2836/541/73 2832/542/73 2838/543/73
f 2837/544/72 2834/545/72 2833/546/72 2839/547/72
f 2845/548/708 2844/549/708 2842/550/709 2843/551/709
f 2845/552/710 2843/553/711 2840/554/711 2846/555/710
f 2846/556/712 2840/557/713 2841/558/713 2847/559/712
f 2844/560/714 2847/561/714 2841/562/715 2842/563/715
f 2848/564/716 2851/565/717 2847/561/718 2844/560/718
f 2850/566/719 2846/556/712 2847/559/712 2851/567/719
f 2849/568/720 2845/552/710 2846/555/710 2850/569/720
f 2849/570/721 2848/571/721 2844/549/721 2845/548/721
f 2839/572/722 2833/573/722 2848/571/722 2849/570/722
f 2839/574/723 2849/568/723 2850/569/723 2837/575/723
f 2837/576/724 2850/566/719 2851/567/719 2834/577/724
f 2833/578/725 2834/579/725 2851/565/717 2848/564/716
f 2843/551/709 2842/550/709 2854/537/726 2855/536/726
f 2843/553/711 2855/532/727 2852/535/727 2840/554/711
f 2840/557/713 2852/528/728 2853/531/728 2841/558/713
f 2842/563/715 2841/562/715 2853/525/729 2854/524/729
f 2878/524/730 2877/525/730 2856/526/731 2860/527/731
f 2876/528/732 2862/529/733 2856/530/733 2877/531/732
f 2879/532/734 2859/533/735 2862/534/735 2876/535/734
f 2879/536/736 2878/537/736 2860/538/737 2859/539/737
f 2859/540/73 2860/541/73 2856/542/73 2862/543/73
f 2861/544/72 2858/545/72 2857/546/72 2863/547/72
f 2869/548/738 2868/549/738 2866/550/739 2867/551/739
f 2869/552/740 2867/553/741 2864/554/741 2870/555/740
f 2870/556/742 2864/557/743 2865/558/743 2871/559/742
f 2868/560/744 2871/561/744 2865/562/745 2866/563/746
f 2872/564/747 2875/565/747 2871/561/747 2868/560/747
f 2874/566/720 2870/556/742 2871/559/742 2875/567/720
f 2873/568/748 2869/552/740 2870/555/740 2874/569/748
f 2873/570/749 2872/571/749 2868/549/749 2869/548/749
f 2863/572/277 2857/573/277 2872/571/277 2873/570/277
f 2863/574/278 2873/568/278 2874/569/278 2861/575/278
f 2861/576/275 2874/566/275 2875/567/275 2858/577/275
f 2857/578/276 2858/579/276 2875/565/276 2872/564/276
f 2867/551/739 2866/550/739 2878/537/736 2879/536/736
f 2867/553/741 2879/532/734 2876/535/734 2864/554/741
f 2864/557/743 2876/528/732 2877/531/732 2865/558/743
f 2866/563/746 2865/562/745 2877/525/730 2878/524/730
f 2902/524/257 2901/525/257 2880/526/257 2884/527/257
f 2900/528/258 2886/529/258 2880/530/258 2901/531/258
f 2903/532/259 2883/533/259 2886/534/259 2900/535/259
f 2903/536/260 2902/537/260 2884/538/260 2883/539/260
f 2883/540/73 2884/541/73 2880/542/73 2886/543/73
f 2885/544/72 2882/545/72 2881/546/72 2887/547/72
f 2893/548/261 2892/549/261 2890/550/262 2891/551/263
f 2893/552/264 2891/553/265 2888/554/265 2894/555/266
f 2894/556/267 2888/557/268 2889/558/268 2895/559/267
f 2892/560/269 2895/561/269 2889/562/270 2890/563/270
f 2896/564/271 2899/565/271 2895/561/271 2892/560/271
f 2898/566/272 2894/556/267 2895/559/267 2899/567/272
f 2897/568/273 2893/552/264 2894/555/266 2898/569/273
f 2897/570/274 2896/571/274 2892/549/274 2893/548/274
f 2887/572/275 2881/573/275 2896/571/275 2897/570/275
f 2887/574/276 2897/568/276 2898/569/276 2885/575/276
f 2885/576/277 2898/566/277 2899/567/277 2882/577/277
f 2881/578/278 2882/579/278 2899/565/278 2896/564/278
f 2891/551/263 2890/550/262 2902/537/279 2903/536/279
f 2891/553/265 2903/532/280 2900/535/280 2888/554/265
f 2888/557/268 2900/528/281 2901/531/281 2889/558/268
f 2890/563/270 2889/562/270 2901/525/283 2902/524/283
f 2926/524/750 2925/525/750 2904/526/750 2908/527/750
f 2924/528/751 2910/529/751 2904/530/751 2925/531/751
f 2927/532/752 2907/533/752 2910/534/752 2924/535/752
f 2927/536/753 2926/537/753 2908/538/753 2907/539/753
f 2907/540/73 2908/541/73 2904/542/73 2910/543/73
f 2909/544/72 2906/545/72 2905/546/72 2911/547/72
f 2917/548/754 2916/549/754 2914/550/755 2915/551/755
f 2917/552/756 2915/553/756 2912/554/756 2918/555/756
f 2918/556/757 2912/557/757 2913/558/757 2919/559/757
f 2916/560/758 2919/561/758 2913/562/758 2914/563/758
f 2920/564/271 2923/565/271 2919/561/271 2916/560/271
f 2922/566/272 2918/556/272 2919/559/272 2923/567/272
f 2921/568/273 2917/552/273 2918/555/273 2922/569/273
f 2921/570/274 2920/571/274 2916/549/754 2917/548/754
f 2911/572/275 2905/573/275 2920/571/275 2921/570/275
f 2911/574/276 2921/568/276 2922/569/276 2909/575/276
f 2909/576/277 2922/566/277 2923/567/277 2906/577/277
f 2905/578/278 2906/579/278 2923/565/278 2920/564/278
f 2915/551/755 2914/550/755 2926/537/759 2927/536/759
f 2915/553/760 2927/532/760 2924/535/760 2912/554/760
f 2912/557/761 2924/528/761 2925/531/761 2913/558/761
f 2914/563/762 2913/562/762 2925/525/762 2926/524/762
f 2950/524/258 2949/525/258 2928/526/258 2932/527/258
f 2948/528/259 2934/529/259 2928/530/259 2949/531/259
f 2951/532/260 2931/533/260 2934/534/260 2948/535/260
f 2951/536/257 2950/537/257 2932/538/257 2931/539/257
f 2931/540/73 2932/541/73 2928/542/73 2934/543/73
f 2933/544/72 2930/545/72 2929/546/72 2935/547/72
f 2941/548/763 2940/549/763 2938/550/764 2939/551/765
f 2941/552/766 2939/553/767 2936/554/767 2942/555/768
f 2942/556/266 2936/557/265 2937/558/265 2943/559/266
f 2940/560/769 2943/561/769 2937/562/770 2938/563/770
f 2944/564/718 2947/565/718 2943/561/718 2940/560/718
f 2946/566/273 2942/556/266 2943/559/266 2947/567/273
f 2945/568/720 2941/552/766 2942/555/768 2946/569/720
f 2945/570/721 2944/571/721 2940/549/721 2941/548/721
f 2935/572/278 2929/573/278 2944/571/278 2945/570/278
f 2935/574/275 2945/568/275 2946/569/275 2933/575/275
f 2933/576/276 2946/566/276 2947/567/276 2930/577/276
f 2929/578/277 2930/579/277 2947/565/277 2944/564/277
f 2939/551/765 2938/550/764 2950/537/282 2951/536/282
f 2939/553/767 2951/532/279 2948/535/279 2936/554/767
f 2936/557/265 2948/528/280 2949/531/280 2937/558/265
f 2938/563/770 2937/562/770 2949/525/281 2950/524/281
f 2974/524/771 2973/525/771 2952/526/771 2956/527/771
f 2972/528/772 2958/529/772 2952/530/772 2973/531/772
f 2975/532/773 2955/533/773 2958/534/773 2972/535/773
f 2975/536/774 2974/537/774 2956/538/774 2955/539/774
f 2955/540/73 2956/541/73 2952/542/73 2958/543/73
f 2957/544/72 2954/545/72 2953/546/72 2959/547/72
f 2965/548/775 2964/549/775 2962/550/776 2963/551/776
f 2965/552/777 2963/553/778 2960/554/778 2966/555/777
f 2966/556/779 2960/557/780 2961/558/780 2967/559/779
f 2964/560/781 2967/561/781 2961/562/782 2962/563/782
f 2968/564/271 2971/565/271 2967/561/271 2964/560/271
f 2970/566/272 2966/556/779 2967/559/779 2971/567/272
f 2969/568/273 2965/552/777 2966/555/777 2970/569/273
f 2969/570/274 2968/571/274 2964/549/274 2965/548/274
f 2959/572/275 2953/573/275 2968/571/275 2969/570/275
f 2959/574/276 2969/568/276 2970/569/276 2957/575/276
f 2957/576/277 2970/566/277 2971/567/277 2954/577/277
f 2953/578/278 2954/579/278 2971/565/278 2968/564/278
f 2963/551/776 2962/550/776 2974/537/755 2975/536/755
f 2963/553/778 2975/532/783 2972/535/783 2960/554/778
f 2960/557/780 2972/528/784 2973/531/784 2961/558/780
f 2962/563/782 2961/562/782 2973/525/785 2974/524/785
f 2977/578/9 2978/579/9 2976/1128/9 2980/1129/9
f 2981/576/71 2982/1130/71 2976/1131/71 2978/577/71
f 2983/574/31 2979/1132/31 2982/1133/31 2981/575/31
f 2983/572/74 2977/573/74 2980/1134/74 2979/1135/74
f 2979/540/73 2980/541/73 2976/542/73 2982/543/73
f 2981/544/72 2978/545/72 2977/546/72 2983/547/72
f 2985/578/9 2986/579/9 2984/1128/9 2988/1129/9
f 2989/576/71 2990/1130/71 2984/1131/71 2986/577/71
f 2991/574/31 2987/1132/31 2990/1133/31 2989/575/31
f 2991/572/74 2985/573/74 2988/1134/74 2987/1135/74
f 2987/540/73 2988/541/73 2984/542/73 2990/543/73
f 2989/544/72 2986/545/72 2985/546/72 2991/547/72
f 2993/578/9 2994/579/9 2992/1128/9 2996/1129/9
f 2997/576/71 2998/1130/71 2992/1131/71 2994/577/71
f 2999/574/31 2995/1132/31 2998/1133/31 2997/575/31
f 2999/572/74 2993/573/74 2996/1134/74 2995/1135/74
f 2995/540/73 2996/541/73 2992/542/73 2998/543/73
f 2997/544/72 2994/545/72 2993/546/72 2999/547/72
f 3001/578/9 3002/579/9 3000/1128/9 3004/1129/9
f 3005/576/71 3006/1130/71 3000/1131/71 3002/577/71
f 3007/574/31 3003/1132/31 3006/1133/31 3005/575/31
f 3007/572/74 3001/573/74 3004/1134/74 3003/1135/74
f 3003/540/73 3004/541/73 3000/542/73 3006/543/73
f 3005/544/72 3002/545/72 3001/546/72 3007/547/72
f 3030/524/259 3029/525/259 3008/526/259 3012/527/259
f 3028/528/260 3014/529/260 3008/530/260 3029/531/260
f 3031/532/257 3011/533/257 3014/534/257 3028/535/257
f 3031/536/258 3030/537/258 3012/538/258 3011/539/258
f 3011/540/73 3012/541/73 3008/542/73 3014/543/73
f 3013/544/72 3010/545/72 3009/546/72 3015/547/72
f 3021/548/786 3020/549/786 3018/550/787 3019/551/788
f 3021/552/789 3019/553/790 3016/554/790 3022/555/791
f 3022/556/768 3016/557/767 3017/558/767 3023/559/768
f 3020/560/792 3023/561/792 3017/562/793 3018/563/793
f 3024/564/747 3027/565/747 3023/561/747 3020/560/747
f 3026/566/720 3022/556/768 3023/559/768 3027/567/720
f 3025/568/748 3021/552/789 3022/555/791 3026/569/748
f 3025/570/749 3024/571/749 3020/549/749 3021/548/749
f 3015/572/277 3009/573/277 3024/571/277 3025/570/277
f 3015/574/278 3025/568/278 3026/569/278 3013/575/278
f 3013/576/275 3026/566/275 3027/567/275 3010/577/275
f 3009/578/276 3010/579/276 3027/565/276 3024/564/276
f 3019/551/788 3018/550/787 3030/537/281 3031/536/281
f 3019/553/790 3031/532/282 3028/535/282 3016/554/790
f 3016/557/767 3028/528/279 3029/531/279 3017/558/767
f 3018/563/793 3017/562/793 3029/525/280 3030/524/280
f 3054/524/257 3053/525/257 3032/526/257 3036/527/257
f 3052/528/258 3038/529/258 3032/530/258 3053/531/258
f 3055/532/259 3035/533/259 3038/534/259 3052/535/259
f 3055/536/260 3054/537/260 3036/538/260 3035/539/260
f 3035/540/73 3036/541/73 3032/542/73 3038/543/73
f 3037/544/72 3034/545/72 3033/546/72 3039/547/72
f 3045/548/261 3044/549/261 3042/550/262 3043/551/263
f 3045/552/264 3043/553/265 3040/554/265 3046/555/266
f 3046/556/267 3040/557/268 3041/558/268 3047/559/267
f 3044/560/269 3047/561/269 3041/562/270 3042/563/270
f 3048/564/271 3051/565/271 3047/561/271 3044/560/271
f 3050/566/272 3046/556/267 3047/559/267 3051/567/272
f 3049/568/273 3045/552/264 3046/555/266 3050/569/273
f 3049/570/274 3048/571/274 3044/549/274 3045/548/274
f 3039/572/275 3033/573/275 3048/571/275 3049/570/275
f 3039/574/276 3049/568/276 3050/569/276 3037/575/276
f 3037/576/277 3050/566/277 3051/567/277 3034/577/277
f 3033/578/278 3034/579/278 3051/565/278 3048/564/278
f 3043/551/263 3042/550/262 3054/537/279 3055/536/279
f 3043/553/265 3055/532/280 3052/535/280 3040/554/265
f 3040/557/268 3052/528/281 3053/531/281 3041/558/268
f 3042/563/270 3041/562/270 3053/525/283 3054/524/283
f 3057/578/9 3058/579/9 3056/1128/9 3060/1129/9
f 3061/576/71 3062/1130/71 3056/1131/71 3058/577/71
f 3063/574/794 3059/1132/794 3062/1133/794 3061/575/794
f 3063/572/74 3057/573/74 3060/1134/74 3059/1135/74
f 3059/540/73 3060/541/73 3056/542/73 3062/543/73
f 3061/544/72 3058/545/72 3057/546/72 3063/547/72
f 3065/578/9 3066/579/9 3064/1128/9 3068/1129/9
f 3069/576/71 3070/1130/71 3064/1131/71 3066/577/71
f 3071/574/31 3067/1132/31 3070/1133/31 3069/575/31
f 3071/572/74 3065/573/74 3068/1134/74 3067/1135/74
f 3067/540/73 3068/541/73 3064/542/73 3070/543/73
f 3069/544/72 3066/545/72 3065/546/72 3071/547/72
f 3073/578/9 3074/579/9 3072/1128/9 3076/1129/9
f 3077/576/71 3078/1130/71 3072/1131/71 3074/577/71
f 3079/574/31 3075/1132/31 3078/1133/31 3077/575/31
f 3079/572/74 3073/573/74 3076/1134/74 3075/1135/74
f 3075/540/73 3076/541/73 3072/542/73 3078/543/73
f 3077/544/72 3074/545/72 3073/546/72 3079/547/72
f 3081/578/31 3082/579/31 3080/1128/31 3084/1129/31
f 3085/576/74 3086/1130/74 3080/1131/74 3082/577/74
f 3087/574/9 3083/1132/9 3086/1133/9 3085/575/9
f 3087/572/71 3081/573/71 3084/1134/71 3083/1135/71
f 3083/540/73 3084/541/73 3080/542/73 3086/543/73
f 3085/544/72 3082/545/72 3081/546/72 3087/547/72
f 3110/524/734 3109/525/734 3088/526/735 3092/527/735
f 3108/528/736 3094/529/737 3088/530/737 3109/531/736
f 3111/532/730 3091/533/731 3094/534/731 3108/535/730
f 3111/536/732 3110/537/732 3092/538/733 3091/539/733
f 3091/540/73 3092/541/73 3088/542/73 3094/543/73
f 3093/544/72 3090/545/72 3089/546/72 3095/547/72
f 3101/548/795 3100/549/795 3098/550/796 3099/551/796
f 3101/552/797 3099/553/798 3096/554/798 3102/555/797
f 3102/556/799 3096/557/800 3097/558/800 3103/559/799
f 3100/560/801 3103/561/801 3097/562/802 3098/563/803
f 3104/564/271 3107/565/271 3103/561/271 3100/560/271
f 3106/566/272 3102/556/799 3103/559/799 3107/567/272
f 3105/568/273 3101/552/797 3102/555/797 3106/569/273
f 3105/570/274 3104/571/274 3100/549/274 3101/548/274
f 3095/572/275 3089/573/275 3104/571/275 3105/570/275
f 3095/574/276 3105/568/276 3106/569/276 3093/575/276
f 3093/576/277 3106/566/277 3107/567/277 3090/577/277
f 3089/578/278 3090/579/278 3107/565/278 3104/564/278
f 3099/551/796 3098/550/796 3110/537/732 3111/536/732
f 3099/553/798 3111/532/730 3108/535/730 3096/554/798
f 3096/557/800 3108/528/736 3109/531/736 3097/558/800
f 3098/563/803 3097/562/802 3109/525/734 3110/524/734
f 3113/578/31 3114/579/31 3112/1128/31 3116/1129/31
f 3117/576/74 3118/1130/74 3112/1131/74 3114/577/74
f 3119/574/9 3115/1132/9 3118/1133/9 3117/575/9
f 3119/572/71 3113/573/71 3116/1134/71 3115/1135/71
f 3115/540/73 3116/541/73 3112/542/73 3118/543/73
f 3117/544/72 3114/545/72 3113/546/72 3119/547/72
f 3142/524/736 3141/525/736 3120/526/737 3124/527/737
f 3140/528/730 3126/529/731 3120/530/731 3141/531/730
f 3143/532/732 3123/533/733 3126/534/733 3140/535/732
f 3143/536/734 3142/537/734 3124/538/735 3123/539/735
f 3123/540/73 3124/541/73 3120/542/73 3126/543/73
f 3125/544/72 3122/545/72 3121/546/72 3127/547/72
f 3133/548/804 3132/549/804 3130/550/805 3131/551/805
f 3133/552/742 3131/553/743 3128/554/743 3134/555/742
f 3134/556/797 3128/557/798 3129/558/798 3135/559/797
f 3132/560/806 3135/561/806 3129/562/807 3130/563/808
f 3136/564/718 3139/565/718 3135/561/718 3132/560/718
f 3138/566/273 3134/556/797 3135/559/797 3139/567/273
f 3137/568/720 3133/552/742 3134/555/742 3138/569/720
f 3137/570/721 3136/571/721 3132/549/721 3133/548/721
f 3127/572/278 3121/573/278 3136/571/278 3137/570/278
f 3127/574/275 3137/568/275 3138/569/275 3125/575/275
f 3125/576/276 3138/566/276 3139/567/276 3122/577/276
f 3121/578/277 3122/579/277 3139/565/277 3136/564/277
f 3131/551/805 3130/550/805 3142/537/734 3143/536/734
f 3131/553/743 3143/532/732 3140/535/732 3128/554/743
f 3128/557/798 3140/528/730 3141/531/730 3129/558/798
f 3130/563/808 3129/562/807 3141/525/736 3142/524/736
f 3166/524/752 3165/525/752 3144/526/752 3148/527/752
f 3164/528/753 3150/529/753 3144/530/753 3165/531/753
f 3167/532/750 3147/533/750 3150/534/750 3164/535/750
f 3167/536/751 3166/537/751 3148/538/751 3147/539/751
f 3147/540/73 3148/541/73 3144/542/73 3150/543/73
f 3149/544/72 3146/545/72 3145/546/72 3151/547/72
f 3157/548/809 3156/549/809 3154/550/784 3155/551/784
f 3157/552/810 3155/553/810 3152/554/810 3158/555/810
f 3158/556/811 3152/557/811 3153/558/811 3159/559/811
f 3156/560/812 3159/561/812 3153/562/812 3154/563/812
f 3160/564/747 3163/565/747 3159/561/747 3156/560/747
f 3162/566/720 3158/556/720 3159/559/720 3163/567/720
f 3161/568/748 3157/552/748 3158/555/748 3162/569/748
f 3161/570/749 3160/571/749 3156/549/809 3157/548/809
f 3151/572/277 3145/573/277 3160/571/277 3161/570/277
f 3151/574/278 3161/568/278 3162/569/278 3149/575/278
f 3149/576/275 3162/566/275 3163/567/275 3146/577/275
f 3145/578/276 3146/579/276 3163/565/276 3160/564/276
f 3155/551/784 3154/550/784 3166/537/761 3167/536/761
f 3155/553/762 3167/532/762 3164/535/762 3152/554/762
f 3152/557/759 3164/528/759 3165/531/759 3153/558/759
f 3154/563/760 3153/562/760 3165/525/760 3166/524/760
f 3190/524/260 3189/525/260 3168/526/260 3172/527/260
f 3188/528/257 3174/529/257 3168/530/257 3189/531/257
f 3191/532/258 3171/533/258 3174/534/258 3188/535/258
f 3191/536/259 3190/537/259 3172/538/259 3171/539/259
f 3171/540/73 3172/541/73 3168/542/73 3174/543/73
f 3173/544/72 3170/545/72 3169/546/72 3175/547/72
f 3181/548/813 3180/549/813 3178/550/814 3179/551/815
f 3181/552/816 3179/553/268 3176/554/268 3182/555/267
f 3182/556/791 3176/557/790 3177/558/790 3183/559/791
f 3180/560/817 3183/561/817 3177/562/818 3178/563/818
f 3184/564/819 3187/565/819 3183/561/819 3180/560/819
f 3186/566/748 3182/556/791 3183/559/791 3187/567/748
f 3185/568/272 3181/552/816 3182/555/267 3186/569/272
f 3185/570/820 3184/571/820 3180/549/820 3181/548/820
f 3175/572/276 3169/573/276 3184/571/276 3185/570/276
f 3175/574/277 3185/568/277 3186/569/277 3173/575/277
f 3173/576/278 3186/566/278 3187/567/278 3170/577/278
f 3169/578/275 3170/579/275 3187/565/275 3184/564/275
f 3179/551/815 3178/550/814 3190/537/280 3191/536/280
f 3179/553/268 3191/532/281 3188/535/281 3176/554/268
f 3176/557/790 3188/528/283 3189/531/283 3177/558/790
f 3178/563/818 3177/562/818 3189/525/279 3190/524/279
f 3214/524/773 3213/525/773 3192/526/773 3196/527/773
f 3212/528/774 3198/529/774 3192/530/774 3213/531/774
f 3215/532/771 3195/533/771 3198/534/771 3212/535/771
f 3215/536/772 3214/537/772 3196/538/772 3195/539/772
f 3195/540/73 3196/541/73 3192/542/73 3198/543/73
f 3197/544/72 3194/545/72 3193/546/72 3199/547/72
f 3205/548/821 3204/549/821 3202/550/822 3203/551/822
f 3205/552/823 3203/553/824 3200/554/824 3206/555/823
f 3206/556/825 3200/557/826 3201/558/826 3207/559/825
f 3204/560/827 3207/561/827 3201/562/828 3202/563/828
f 3208/564/747 3211/565/747 3207/561/747 3204/560/747
f 3210/566/720 3206/556/825 3207/559/825 3211/567/720
f 3209/568/748 3205/552/823 3206/555/823 3210/569/748
f 3209/570/749 3208/571/749 3204/549/749 3205/548/749
f 3199/572/277 3193/573/277 3208/571/277 3209/570/277
f 3199/574/278 3209/568/278 3210/569/278 3197/575/278
f 3197/576/275 3210/566/275 3211/567/275 3194/577/275
f 3193/578/276 3194/579/276 3211/565/276 3208/564/276
f 3203/551/822 3202/550/822 3214/537/784 3215/536/784
f 3203/553/824 3215/532/785 3212/535/785 3200/554/824
f 3200/557/826 3212/528/755 3213/531/755 3201/558/826
f 3202/563/828 3201/562/828 3213/525/783 3214/524/783
f 3238/524/257 3237/525/257 3216/526/257 3220/527/257
f 3236/528/258 3222/529/258 3216/530/258 3237/531/258
f 3239/532/259 3219/533/259 3222/534/259 3236/535/259
f 3239/536/260 3238/537/260 3220/538/260 3219/539/260
f 3219/540/73 3220/541/73 3216/542/73 3222/543/73
f 3221/544/72 3218/545/72 3217/546/72 3223/547/72
f 3229/548/261 3228/549/261 3226/550/262 3227/551/263
f 3229/552/264 3227/553/265 3224/554/265 3230/555/266
f 3230/556/267 3224/557/268 3225/558/268 3231/559/267
f 3228/560/269 3231/561/269 3225/562/270 3226/563/270
f 3232/564/271 3235/565/271 3231/561/271 3228/560/271
f 3234/566/272 3230/556/267 3231/559/267 3235/567/272
f 3233/568/273 3229/552/264 3230/555/266 3234/569/273
f 3233/570/274 3232/571/274 3228/549/274 3229/548/274
f 3223/572/275 3217/573/275 3232/571/275 3233/570/275
f 3223/574/276 3233/568/276 3234/569/276 3221/575/276
f 3221/576/277 3234/566/277 3235/567/277 3218/577/277
f 3217/578/278 3218/579/278 3235/565/278 3232/564/278
f 3227/551/263 3226/550/262 3238/537/279 3239/536/279
f 3227/553/265 3239/532/280 3236/535/280 3224/554/265
f 3224/557/268 3236/528/829 3237/531/829 3225/558/268
f 3226/563/270 3225/562/270 3237/525/283 3238/524/283
f 3262/524/259 3261/525/259 3240/526/259 3244/527/259
f 3260/528/260 3246/529/260 3240/530/260 3261/531/260
f 3263/532/257 3243/533/257 3246/534/257 3260/535/257
f 3263/536/258 3262/537/258 3244/538/258 3243/539/258
f 3243/540/73 3244/541/73 3240/542/73 3246/543/73
f 3245/544/72 3242/545/72 3241/546/72 3247/547/72
f 3253/548/786 3252/549/786 3250/550/787 3251/551/788
f 3253/552/789 3251/553/790 3248/554/790 3254/555/791
f 3254/556/768 3248/557/767 3249/558/767 3255/559/768
f 3252/560/792 3255/561/792 3249/562/793 3250/563/793
f 3256/564/747 3259/565/747 3255/561/747 3252/560/747
f 3258/566/720 3254/556/768 3255/559/768 3259/567/720
f 3257/568/748 3253/552/789 3254/555/791 3258/569/748
f 3257/570/749 3256/571/749 3252/549/749 3253/548/749
f 3247/572/277 3241/573/277 3256/571/277 3257/570/277
f 3247/574/278 3257/568/278 3258/569/278 3245/575/278
f 3245/576/275 3258/566/275 3259/567/275 3242/577/275
f 3241/578/276 3242/579/276 3259/565/276 3256/564/276
f 3251/551/788 3250/550/787 3262/537/281 3263/536/281
f 3251/553/790 3263/532/282 3260/535/282 3248/554/790
f 3248/557/767 3260/528/279 3261/531/279 3249/558/767
f 3250/563/793 3249/562/793 3261/525/280 3262/524/280
f 3286/524/736 3285/525/736 3264/526/737 3268/527/737
f 3284/528/730 3270/529/731 3264/530/731 3285/531/730
f 3287/532/732 3267/533/733 3270/534/733 3284/535/732
f 3287/536/734 3286/537/734 3268/538/735 3267/539/735
f 3267/540/73 3268/541/73 3264/542/73 3270/543/73
f 3269/544/72 3266/545/72 3265/546/72 3271/547/72
f 3277/548/804 3276/549/804 3274/550/805 3275/551/805
f 3277/552/742 3275/553/830 3272/554/830 3278/555/742
f 3278/556/797 3272/557/798 3273/558/798 3279/559/797
f 3276/560/806 3279/561/806 3273/562/807 3274/563/808
f 3280/564/718 3283/565/718 3279/561/718 3276/560/718
f 3282/566/273 3278/556/797 3279/559/797 3283/567/273
f 3281/568/720 3277/552/742 3278/555/742 3282/569/720
f 3281/570/721 3280/571/721 3276/549/721 3277/548/721
f 3271/572/278 3265/573/278 3280/571/278 3281/570/278
f 3271/574/275 3281/568/275 3282/569/275 3269/575/275
f 3269/576/276 3282/566/276 3283/567/276 3266/577/276
f 3265/578/277 3266/579/277 3283/565/277 3280/564/277
f 3275/551/805 3274/550/805 3286/537/734 3287/536/734
f 3275/553/830 3287/532/732 3284/535/732 3272/554/830
f 3272/557/798 3284/528/730 3285/531/730 3273/558/798
f 3274/563/808 3273/562/807 3285/525/736 3286/524/736
f 3289/578/31 3290/579/31 3288/1128/31 3292/1129/31
f 3293/576/74 3294/1130/74 3288/1131/74 3290/577/74
f 3295/574/9 3291/1132/9 3294/1133/9 3293/575/9
f 3295/572/71 3289/573/71 3292/1134/71 3291/1135/71
f 3291/540/73 3292/541/73 3288/542/73 3294/543/73
f 3293/544/72 3290/545/72 3289/546/72 3295/547/72
f 3297/578/31 3298/579/31 3296/1128/31 3300/1129/31
f 3301/576/74 3302/1130/74 3296/1131/74 3298/577/74
f 3303/574/9 3299/1132/9 3302/1133/9 3301/575/9
f 3303/572/71 3297/573/71 3300/1134/71 3299/1135/71
f 3299/540/73 3300/541/73 3296/542/73 3302/543/73
f 3301/544/72 3298/545/72 3297/546/72 3303/547/72
f 3305/578/31 3306/579/31 3304/1128/31 3308/1129/31
f 3309/576/74 3310/1130/74 3304/1131/74 3306/577/74
f 3311/574/9 3307/1132/9 3310/1133/9 3309/575/9
f 3311/572/71 3305/573/71 3308/1134/71 3307/1135/71
f 3307/540/73 3308/541/73 3304/542/73 3310/543/73
f 3309/544/72 3306/545/72 3305/546/72 3311/547/72
f 3313/578/31 3314/579/31 3312/1128/31 3316/1129/31
f 3317/576/74 3318/1130/74 3312/1131/74 3314/577/74
f 3319/574/9 3315/1132/9 3318/1133/9 3317/575/9
f 3319/572/71 3313/573/71 3316/1134/71 3315/1135/71
f 3315/540/73 3316/541/73 3312/542/73 3318/543/73
f 3317/544/72 3314/545/72 3313/546/72 3319/547/72
f 3321/578/31 3322/579/31 3320/1128/31 3324/1129/31
f 3325/576/74 3326/1130/74 3320/1131/74 3322/577/74
f 3327/574/9 3323/1132/9 3326/1133/9 3325/575/9
f 3327/572/71 3321/573/71 3324/1134/71 3323/1135/71
f 3323/540/73 3324/541/73 3320/542/73 3326/543/73
f 3325/544/72 3322/545/72 3321/546/72 3327/547/72
f 3329/578/31 3330/579/31 3328/1128/31 3332/1129/31
f 3333/576/74 3334/1130/74 3328/1131/74 3330/577/74
f 3335/574/9 3331/1132/9 3334/1133/9 3333/575/9
f 3335/572/71 3329/573/71 3332/1134/71 3331/1135/71
f 3331/540/73 3332/541/73 3328/542/73 3334/543/73
f 3333/544/72 3330/545/72 3329/546/72 3335/547/72
f 3378/1171/834 3386/1172/835 3387/1173/836 3379/1174/837
f 3376/1175/838 3384/1176/838 3386/1177/835 3378/1178/834
f 3379/1179/837 3387/1180/836 3385/1181/839 3377/1182/839
f 3377/1183/839 3385/1184/839 3384/1185/838 3376/1186/838
f 3380/470/71 3383/473/71 3381/472/71 3382/471/71
f 3395/1187/73 3398/1188/73 3382/1189/73 3381/1190/73
f 3398/1191/9 3392/1192/9 3380/1193/9 3382/1194/9
f 3399/1195/72 3383/1196/72 3380/1197/72 3392/1198/72
f 3386/1172/835 3390/1199/840 3391/1200/841 3387/1173/836
f 3384/1201/838 3388/1202/838 3390/1203/840 3386/1204/835
f 3387/1205/836 3391/1206/841 3389/1207/839 3385/1208/839
f 3385/1209/839 3389/1210/839 3388/1211/838 3384/1185/838
f 3396/462/74 3393/465/74 3394/464/74 3397/463/74
f 3397/1187/73 3394/1188/73 3398/1189/73 3395/1190/73
f 3394/1191/9 3393/1192/9 3392/1193/9 3398/1194/9
f 3396/1195/72 3399/1196/72 3392/1197/72 3393/1198/72
f 3440/470/71 3442/471/71 3441/472/71 3443/473/71
f 3447/1187/73 3441/1190/73 3442/1189/73 3450/1188/73
f 3450/1191/31 3442/1194/31 3440/1193/31 3444/1192/31
f 3451/1195/72 3444/1198/72 3440/1197/72 3443/1196/72
f 3448/462/845 3449/463/845 3446/464/845 3445/465/845
f 3449/1187/73 3447/1190/73 3450/1189/73 3446/1188/73
f 3446/1191/31 3450/1194/31 3444/1193/31 3445/1192/31
f 3448/1195/72 3445/1198/72 3444/1197/72 3451/1196/72
f 3520/1212/846 3480/1199/847 3481/1213/848 3521/1214/849
f 3522/1215/850 3478/1216/838 3480/1217/847 3520/1212/846
f 3521/1218/849 3481/1219/848 3479/1220/839 3523/1221/851
f 3523/1221/851 3479/1222/839 3478/1211/838 3522/1223/850
f 3486/462/74 3483/465/74 3484/464/74 3487/463/74
f 3487/1187/73 3484/1188/73 3488/1189/73 3485/1190/73
f 3484/1191/9 3483/1192/9 3482/1193/9 3488/1194/9
f 3486/1195/72 3489/1196/72 3482/1197/72 3483/1198/72
f 3516/462/74 3517/463/74 3514/464/74 3513/465/74
f 3517/1187/73 3515/1190/73 3518/1189/73 3514/1188/73
f 3514/1191/31 3518/1194/31 3512/1193/31 3513/1192/31
f 3516/1195/72 3513/1198/72 3512/1197/72 3519/1196/72
f 3475/1224/852 3474/1225/853 3476/1226/854 3477/1227/855
f 3475/1228/852 3523/1221/851 3522/1223/850 3474/1229/853
f 3477/1230/855 3521/1218/849 3523/1221/851 3475/1231/852
f 3474/1232/853 3522/1215/850 3520/1212/846 3476/1233/854
f 3476/1234/854 3520/1212/846 3521/1214/849 3477/1235/855
f 3531/322/71 3530/323/71 3529/324/71 3533/325/71
f 3534/326/72 3528/327/72 3529/328/72 3530/329/72
f 3535/330/73 3531/331/73 3533/332/73 3532/333/73
f 3534/334/9 3530/335/9 3531/336/9 3535/337/9
f 3535/338/74 3532/339/74 3528/340/74 3534/341/74
f 3529/342/31 3528/343/31 3532/344/31 3533/345/31
f 3536/1236/71 3527/347/71 3525/1237/71 3537/1238/71
f 3526/346/71 3536/1236/71 3537/1238/71 3524/1239/71
f 3543/322/71 3542/323/71 3541/324/71 3545/325/71
f 3546/326/72 3540/327/72 3541/328/72 3542/329/72
f 3547/330/73 3543/331/73 3545/332/73 3544/333/73
f 3546/334/9 3542/335/9 3543/336/9 3547/337/9
f 3547/338/74 3544/339/74 3540/340/74 3546/341/74
f 3541/342/31 3540/343/31 3544/344/31 3545/345/31
f 3548/1240/71 3539/347/71 3538/1241/71
f 3554/322/71 3556/325/71 3552/324/71 3553/323/71
f 3557/326/72 3553/329/72 3552/328/72 3551/327/72
f 3558/330/73 3555/333/73 3556/332/73 3554/331/73
f 3557/334/31 3558/337/31 3554/336/31 3553/335/31
f 3558/338/74 3557/341/74 3551/340/74 3555/339/74
f 3552/342/9 3556/345/9 3555/344/9 3551/343/9
f 3559/1240/71 3549/1241/71 3550/347/71
f 3563/1242/856 3564/1243/856 3562/1244/856 3566/1245/856
f 3567/1246/71 3568/1247/71 3562/1248/71 3564/1249/71
f 3569/1250/857 3565/1251/857 3568/1252/857 3567/1253/857
f 3569/1254/74 3563/1255/74 3566/1256/74 3565/1257/74
f 3565/1258/858 3566/541/858 3562/542/858 3568/543/858
f 3567/544/859 3564/545/859 3563/546/859 3569/547/859
f 3573/1242/860 3576/1245/860 3572/1244/860 3574/1243/860
f 3577/1259/71 3574/1260/71 3572/1261/71 3578/1262/71
f 3579/1250/861 3577/1253/861 3578/1252/861 3575/1251/861
f 3579/1254/74 3575/1257/74 3576/1256/74 3573/1255/74
f 3575/1258/862 3578/543/862 3572/542/862 3576/541/862
f 3577/544/863 3579/547/863 3573/546/863 3574/545/863
f 3581/578/9 3582/579/9 3580/1263/9 3584/1264/9
f 3585/576/71 3586/1265/71 3580/1266/71 3582/577/71
f 3587/574/31 3583/1267/31 3586/1268/31 3585/575/31
f 3587/572/74 3581/573/74 3584/1269/74 3583/1270/74
f 3583/540/73 3584/541/73 3580/542/73 3586/543/73
f 3585/544/72 3582/545/72 3581/546/72 3587/547/72
f 3589/578/9 3590/579/9 3588/1263/9 3592/1264/9
f 3593/1271/71 3594/1272/71 3588/1273/71 3590/1274/71
f 3595/574/31 3591/1267/31 3594/1268/31 3593/575/31
f 3595/572/74 3589/573/74 3592/1269/74 3591/1270/74
f 3591/540/73 3592/541/73 3588/542/73 3594/543/73
f 3593/544/72 3590/545/72 3589/546/72 3595/547/72
f 3664/1212/864 3624/1199/847 3625/1213/848 3665/1214/865
f 3666/1215/838 3622/1216/838 3624/1217/847 3664/1212/864
f 3665/1218/865 3625/1219/848 3623/1220/839 3667/1221/839
f 3667/1221/839 3623/1222/839 3622/1211/838 3666/1223/838
f 3630/462/74 3627/465/74 3628/464/74 3631/463/74
f 3631/1187/73 3628/1188/73 3632/1189/73 3629/1190/73
f 3628/1191/9 3627/1192/9 3626/1193/9 3632/1194/9
f 3630/1195/72 3633/1196/72 3626/1197/72 3627/1198/72
f 3660/462/845 3661/463/845 3658/464/845 3657/465/845
f 3661/1187/73 3659/1190/73 3662/1189/73 3658/1188/73
f 3658/1191/31 3662/1194/31 3656/1193/31 3657/1192/31
f 3660/1195/72 3657/1198/72 3656/1197/72 3663/1196/72
f 3619/1228/839 3667/1221/839 3666/1223/838 3618/1229/838
f 3621/1230/866 3665/1218/865 3667/1221/839 3619/1231/839
f 3618/1232/838 3666/1215/838 3664/1212/864 3620/1233/867
f 3620/1234/867 3664/1212/864 3665/1214/865 3621/1235/866
f 3710/1171/834 3718/1172/835 3719/1173/836 3711/1174/837
f 3708/1175/838 3716/1176/838 3718/1177/835 3710/1178/834
f 3711/1179/837 3719/1180/836 3717/1181/839 3709/1182/839
f 3709/1183/839 3717/1184/839 3716/1185/838 3708/1186/838
f 3712/470/71 3715/473/71 3713/472/71 3714/471/71
f 3727/1187/73 3730/1188/73 3714/1189/73 3713/1190/73
f 3730/1191/9 3724/1192/9 3712/1193/9 3714/1194/9
f 3731/1195/72 3715/1196/72 3712/1197/72 3724/1198/72
f 3718/1172/835 3722/1199/840 3723/1200/841 3719/1173/836
f 3716/1201/838 3720/1202/838 3722/1203/840 3718/1204/835
f 3719/1205/836 3723/1206/841 3721/1207/839 3717/1208/839
f 3717/1209/839 3721/1210/839 3720/1211/838 3716/1185/838
f 3728/462/74 3725/465/74 3726/464/74 3729/463/74
f 3729/1187/73 3726/1188/73 3730/1189/73 3727/1190/73
f 3726/1191/9 3725/1192/9 3724/1193/9 3730/1194/9
f 3728/1195/72 3731/1196/72 3724/1197/72 3725/1198/72
f 3772/470/868 3774/471/868 3773/472/868 3775/473/868
f 3779/1187/73 3773/1190/73 3774/1189/73 3782/1188/73
f 3782/1191/31 3774/1194/31 3772/1193/31 3776/1192/31
f 3783/1195/72 3776/1198/72 3772/1197/72 3775/1196/72
f 3780/462/74 3781/463/74 3778/464/74 3777/465/74
f 3781/1187/73 3779/1190/73 3782/1189/73 3778/1188/73
f 3778/1191/31 3782/1194/31 3776/1193/31 3777/1192/31
f 3780/1195/72 3777/1198/72 3776/1197/72 3783/1196/72
f 3852/1212/869 3812/1199/870 3813/1213/871 3853/1214/872
f 3854/1215/873 3810/1216/839 3812/1217/870 3852/1212/869
f 3853/1218/872 3813/1219/871 3811/1220/838 3855/1221/874
f 3855/1221/874 3811/1222/838 3810/1211/839 3854/1223/873
f 3818/462/71 3815/465/71 3816/464/71 3819/463/71
f 3819/1187/73 3816/1188/73 3820/1189/73 3817/1190/73
f 3816/1191/31 3815/1192/31 3814/1193/31 3820/1194/31
f 3818/1195/72 3821/1196/72 3814/1197/72 3815/1198/72
f 3848/462/71 3849/463/71 3846/464/71 3845/465/71
f 3849/1187/73 3847/1190/73 3850/1189/73 3846/1188/73
f 3846/1191/9 3850/1194/9 3844/1193/9 3845/1192/9
f 3848/1195/72 3845/1198/72 3844/1197/72 3851/1196/72
f 3807/1224/875 3806/1225/876 3808/1226/877 3809/1227/878
f 3807/1228/875 3855/1221/874 3854/1223/873 3806/1229/876
f 3809/1230/878 3853/1218/872 3855/1221/874 3807/1231/875
f 3806/1232/876 3854/1215/873 3852/1212/869 3808/1233/877
f 3808/1234/877 3852/1212/869 3853/1214/872 3809/1235/878
f 3863/322/74 3862/323/74 3861/324/74 3865/325/74
f 3866/326/72 3860/327/72 3861/328/72 3862/329/72
f 3867/330/73 3863/331/73 3865/332/73 3864/333/73
f 3866/334/31 3862/335/31 3863/336/31 3867/337/31
f 3867/338/71 3864/339/71 3860/340/71 3866/341/71
f 3861/342/9 3860/343/9 3864/344/9 3865/345/9
f 3868/1236/74 3859/347/74 3857/1237/74 3869/1238/74
f 3858/346/74 3868/1236/74 3869/1238/74 3856/1239/74
f 3875/322/74 3874/323/74 3873/324/74 3877/325/74
f 3878/326/72 3872/327/72 3873/328/72 3874/329/72
f 3879/330/73 3875/331/73 3877/332/73 3876/333/73
f 3878/334/31 3874/335/31 3875/336/31 3879/337/31
f 3879/338/71 3876/339/71 3872/340/71 3878/341/71
f 3873/342/9 3872/343/9 3876/344/9 3877/345/9
f 3880/1240/74 3871/347/74 3870/1241/74
f 3886/322/74 3888/325/74 3884/324/74 3885/323/74
f 3889/326/72 3885/329/72 3884/328/72 3883/327/72
f 3890/330/73 3887/333/73 3888/332/73 3886/331/73
f 3889/334/9 3890/337/9 3886/336/9 3885/335/9
f 3890/338/71 3889/341/71 3883/340/71 3887/339/71
f 3884/342/31 3888/345/31 3887/344/31 3883/343/31
f 3891/1240/74 3881/1241/74 3882/347/74
f 3895/1242/860 3896/1243/860 3894/1244/860 3898/1245/860
f 3899/1246/74 3900/1247/74 3894/1248/74 3896/1249/74
f 3901/1250/861 3897/1251/861 3900/1252/861 3899/1253/861
f 3901/1254/71 3895/1255/71 3898/1256/71 3897/1257/71
f 3897/1258/862 3898/541/862 3894/542/862 3900/543/862
f 3899/544/863 3896/545/863 3895/546/863 3901/547/863
f 3905/1242/856 3908/1245/856 3904/1244/856 3906/1243/856
f 3909/1259/74 3906/1260/74 3904/1261/74 3910/1262/74
f 3911/1250/857 3909/1253/857 3910/1252/857 3907/1251/857
f 3911/1254/71 3907/1257/71 3908/1256/71 3905/1255/71
f 3907/1258/858 3910/543/858 3904/542/858 3908/541/858
f 3909/544/859 3911/547/859 3905/546/859 3906/545/859
f 3913/578/31 3914/579/31 3912/1263/31 3916/1264/31
f 3917/576/74 3918/1265/74 3912/1266/74 3914/577/74
f 3919/574/9 3915/1267/9 3918/1268/9 3917/575/9
f 3919/572/71 3913/573/71 3916/1269/71 3915/1270/71
f 3915/540/73 3916/541/73 3912/542/73 3918/543/73
f 3917/544/72 3914/545/72 3913/546/72 3919/547/72
f 3921/578/31 3922/579/31 3920/1263/31 3924/1264/31
f 3925/1271/74 3926/1272/74 3920/1273/74 3922/1274/74
f 3927/574/9 3923/1267/9 3926/1268/9 3925/575/9
f 3927/572/71 3921/573/71 3924/1269/71 3923/1270/71
f 3923/540/73 3924/541/73 3920/542/73 3926/543/73
f 3925/544/72 3922/545/72 3921/546/72 3927/547/72
usemtl Window.004
f 830/907/9 833/908/9 834/909/9 832/910/9 836/911/9 837/912/9 835/913/9 831/914/9
f 1043/907/9 1046/908/9 1047/909/9 1045/910/9 1049/911/9 1050/912/9 1048/913/9 1044/914/9
f 1232/907/9 1235/908/9 1236/909/9 1234/910/9 1238/911/9 1239/912/9 1237/913/9 1233/914/9
f 1421/907/9 1424/908/9 1425/909/9 1423/910/9 1427/911/9 1428/912/9 1426/913/9 1422/914/9
f 1982/907/31 1985/908/31 1986/909/31 1984/910/31 1988/911/31 1989/912/31 1987/913/31 1983/914/31
f 2171/907/31 2174/908/31 2175/909/31 2173/910/31 2177/911/31 2178/912/31 2176/913/31 2172/914/31
f 2384/907/31 2387/908/31 2388/909/31 2386/910/31 2390/911/31 2391/912/31 2389/913/31 2385/914/31
f 2573/907/31 2576/908/31 2577/909/31 2575/910/31 2579/911/31 2580/912/31 2578/913/31 2574/914/31
usemtl ROOFM.004
f 607/727/364 605/728/364 604/729/364 606/730/364
f 622/731/365 621/732/365 605/728/365 607/727/365
f 609/733/366 610/734/366 611/735/366 612/736/366 613/737/366 614/738/366 615/739/366 616/740/366 617/741/366 618/742/366 619/743/366 620/744/366 608/745/366 621/732/366 622/731/366
f 626/727/367 625/730/367 623/729/367 624/728/367
f 641/731/368 626/727/368 624/728/368 640/732/368
f 628/733/369 641/731/369 640/732/369 627/745/369 639/744/369 638/743/369 637/742/369 636/741/369 635/740/369 634/739/369 633/738/369 632/737/369 631/736/369 630/735/369 629/734/369
f 650/746/74 658/747/74 659/748/74 651/749/74
f 651/750/31 659/751/31 660/752/31 652/753/31
f 652/753/71 660/754/71 661/755/71 653/756/71
f 653/756/9 661/757/9 658/758/9 650/746/9
f 643/759/31 647/760/31 665/761/31 662/762/31
f 656/763/370 653/764/370 650/765/370 657/766/370
f 655/767/371 652/768/371 653/764/371 656/763/371
f 654/769/372 651/770/372 652/768/372 655/767/372
f 657/766/373 650/765/373 651/771/373 654/772/373
f 642/773/374 657/766/374 654/772/374 644/774/374
f 644/775/375 654/769/375 655/767/375 648/776/375
f 648/777/376 655/767/376 656/763/376 646/778/376
f 646/779/377 656/763/377 657/766/377 642/780/377
f 643/781/73 645/782/73 659/783/73 658/784/73
f 645/782/73 649/785/73 660/786/73 659/783/73
f 649/785/73 647/787/73 661/788/73 660/786/73
f 647/787/73 643/781/73 658/784/73 661/788/73
f 664/789/73 663/790/73 662/791/73 665/792/73
f 649/793/9 645/794/9 663/795/9 664/796/9
f 647/797/74 649/798/74 664/796/74 665/761/74
f 645/799/71 643/759/71 662/762/71 663/800/71
f 642/801/378 644/802/378 667/803/378 666/804/378
f 648/805/379 646/806/379 668/807/379 669/808/379
f 646/806/380 642/801/380 666/804/380 668/807/380
f 644/809/381 648/805/381 669/808/381 667/810/381
f 678/746/74 686/747/74 687/748/74 679/749/74
f 679/750/31 687/751/31 688/752/31 680/753/31
f 680/753/71 688/754/71 689/755/71 681/756/71
f 681/756/9 689/757/9 686/758/9 678/746/9
f 671/759/31 675/760/31 693/761/31 690/762/31
f 684/763/370 681/764/370 678/765/370 685/766/370
f 683/767/371 680/768/371 681/764/371 684/763/371
f 682/769/372 679/770/372 680/768/372 683/767/372
f 685/766/373 678/765/373 679/771/373 682/772/373
f 670/773/374 685/766/374 682/772/374 672/774/374
f 672/775/375 682/769/375 683/767/375 676/776/375
f 676/777/376 683/767/376 684/763/376 674/778/376
f 674/779/377 684/763/377 685/766/377 670/780/377
f 671/781/73 673/782/73 687/783/73 686/784/73
f 673/782/73 677/785/73 688/786/73 687/783/73
f 677/785/73 675/787/73 689/788/73 688/786/73
f 675/787/73 671/781/73 686/784/73 689/788/73
f 692/789/73 691/790/73 690/791/73 693/792/73
f 677/793/9 673/794/9 691/795/9 692/796/9
f 675/797/74 677/798/74 692/796/74 693/761/74
f 673/799/71 671/759/71 690/762/71 691/800/71
f 670/801/378 672/802/378 695/803/378 694/804/378
f 676/805/379 674/806/379 696/807/379 697/808/379
f 674/806/380 670/801/380 694/804/380 696/807/380
f 672/809/381 676/805/381 697/808/381 695/810/381
f 3338/727/831 3339/728/831 3337/729/831 3336/730/831
f 3339/1136/831 3341/727/831 3340/730/831 3337/1137/831
f 3344/1138/832 3343/1139/832 3341/727/832 3339/1136/832
f 3342/1139/832 3344/1140/832 3339/728/832 3338/727/832
f 3345/727/831 3346/728/831 3344/729/831 3342/730/831
f 3346/1136/831 3347/727/831 3343/730/831 3344/1137/831
f 3375/1141/833 3374/1142/833 3347/727/833 3346/1136/833
f 3373/1143/833 3375/1144/833 3346/728/833 3345/727/833
f 3348/1145/833 3351/1146/833 3352/1147/833 3353/1148/833 3354/1149/833 3355/1150/833 3356/1151/833 3357/1152/833 3358/1153/833 3359/1154/833 3360/1155/833 3361/1156/833 3362/1157/833 3349/1158/833 3374/1142/833 3375/1141/833
f 3350/1159/833 3363/1160/833 3364/1161/833 3365/1162/833 3366/1163/833 3367/1164/833 3368/1165/833 3369/1166/833 3370/1167/833 3371/1168/833 3372/1169/833 3348/1170/833 3375/1144/833 3373/1143/833
f 3402/727/842 3400/730/842 3401/729/842 3403/728/842
f 3403/1136/842 3401/1137/842 3404/730/842 3405/727/842
f 3408/1138/843 3403/1136/843 3405/727/843 3407/1139/843
f 3406/1139/843 3402/727/843 3403/728/843 3408/1140/843
f 3409/727/842 3406/730/842 3408/729/842 3410/728/842
f 3410/1136/842 3408/1137/842 3407/730/842 3411/727/842
f 3439/1141/844 3410/1136/844 3411/727/844 3438/1142/844
f 3437/1143/844 3409/727/844 3410/728/844 3439/1144/844
f 3412/1145/844 3439/1141/844 3438/1142/844 3413/1158/844 3426/1157/844 3425/1156/844 3424/1155/844 3423/1154/844 3422/1153/844 3421/1152/844 3420/1151/844 3419/1150/844 3418/1149/844 3417/1148/844 3416/1147/844 3415/1146/844
f 3414/1159/844 3437/1143/844 3439/1144/844 3412/1170/844 3436/1169/844 3435/1168/844 3434/1167/844 3433/1166/844 3432/1165/844 3431/1164/844 3430/1163/844 3429/1162/844 3428/1161/844 3427/1160/844
f 3454/727/831 3455/728/831 3453/729/831 3452/730/831
f 3456/1139/832 3457/1140/832 3455/728/832 3454/727/832
f 3458/727/831 3459/728/831 3457/729/831 3456/730/831
f 3472/1143/833 3473/1144/833 3459/728/833 3458/727/833
f 3461/1159/833 3462/1160/833 3463/1161/833 3464/1162/833 3465/1163/833 3466/1164/833 3467/1165/833 3468/1166/833 3469/1167/833 3470/1168/833 3471/1169/833 3460/1170/833 3473/1144/833 3472/1143/833
f 3492/727/842 3490/730/842 3491/729/842 3493/728/842
f 3494/1139/843 3492/727/843 3493/728/843 3495/1140/843
f 3496/727/842 3494/730/842 3495/729/842 3497/728/842
f 3510/1143/844 3496/727/844 3497/728/844 3511/1144/844
f 3499/1159/844 3510/1143/844 3511/1144/844 3498/1170/844 3509/1169/844 3508/1168/844 3507/1167/844 3506/1166/844 3505/1165/844 3504/1164/844 3503/1163/844 3502/1162/844 3501/1161/844 3500/1160/844
f 3598/727/831 3599/728/831 3597/729/831 3596/730/831
f 3600/1139/832 3601/1140/832 3599/728/832 3598/727/832
f 3602/727/831 3603/728/831 3601/729/831 3600/730/831
f 3616/1143/833 3617/1144/833 3603/728/833 3602/727/833
f 3605/1159/833 3606/1160/833 3607/1161/833 3608/1162/833 3609/1163/833 3610/1164/833 3611/1165/833 3612/1166/833 3613/1167/833 3614/1168/833 3615/1169/833 3604/1170/833 3617/1144/833 3616/1143/833
f 3636/727/842 3634/730/842 3635/729/842 3637/728/842
f 3638/1139/843 3636/727/843 3637/728/843 3639/1140/843
f 3640/727/842 3638/730/842 3639/729/842 3641/728/842
f 3654/1143/844 3640/727/844 3641/728/844 3655/1144/844
f 3643/1159/844 3654/1143/844 3655/1144/844 3642/1170/844 3653/1169/844 3652/1168/844 3651/1167/844 3650/1166/844 3649/1165/844 3648/1164/844 3647/1163/844 3646/1162/844 3645/1161/844 3644/1160/844
f 3670/727/831 3671/728/831 3669/729/831 3668/730/831
f 3671/1136/831 3673/727/831 3672/730/831 3669/1137/831
f 3676/1138/832 3675/1139/832 3673/727/832 3671/1136/832
f 3674/1139/832 3676/1140/832 3671/728/832 3670/727/832
f 3677/727/831 3678/728/831 3676/729/831 3674/730/831
f 3678/1136/831 3679/727/831 3675/730/831 3676/1137/831
f 3707/1141/833 3706/1142/833 3679/727/833 3678/1136/833
f 3705/1143/833 3707/1144/833 3678/728/833 3677/727/833
f 3680/1145/833 3683/1146/833 3684/1147/833 3685/1148/833 3686/1149/833 3687/1150/833 3688/1151/833 3689/1152/833 3690/1153/833 3691/1154/833 3692/1155/833 3693/1156/833 3694/1157/833 3681/1158/833 3706/1142/833 3707/1141/833
f 3682/1159/833 3695/1160/833 3696/1161/833 3697/1162/833 3698/1163/833 3699/1164/833 3700/1165/833 3701/1166/833 3702/1167/833 3703/1168/833 3704/1169/833 3680/1170/833 3707/1144/833 3705/1143/833
f 3734/727/842 3732/730/842 3733/729/842 3735/728/842
f 3735/1136/842 3733/1137/842 3736/730/842 3737/727/842
f 3740/1138/843 3735/1136/843 3737/727/843 3739/1139/843
f 3738/1139/843 3734/727/843 3735/728/843 3740/1140/843
f 3741/727/842 3738/730/842 3740/729/842 3742/728/842
f 3742/1136/842 3740/1137/842 3739/730/842 3743/727/842
f 3771/1141/844 3742/1136/844 3743/727/844 3770/1142/844
f 3769/1143/844 3741/727/844 3742/728/844 3771/1144/844
f 3744/1145/844 3771/1141/844 3770/1142/844 3745/1158/844 3758/1157/844 3757/1156/844 3756/1155/844 3755/1154/844 3754/1153/844 3753/1152/844 3752/1151/844 3751/1150/844 3750/1149/844 3749/1148/844 3748/1147/844 3747/1146/844
f 3746/1159/844 3769/1143/844 3771/1144/844 3744/1170/844 3768/1169/844 3767/1168/844 3766/1167/844 3765/1166/844 3764/1165/844 3763/1164/844 3762/1163/844 3761/1162/844 3760/1161/844 3759/1160/844
f 3786/727/842 3787/728/842 3785/729/842 3784/730/842
f 3788/1139/843 3789/1140/843 3787/728/843 3786/727/843
f 3790/727/842 3791/728/842 3789/729/842 3788/730/842
f 3804/1143/844 3805/1144/844 3791/728/844 3790/727/844
f 3793/1159/844 3794/1160/844 3795/1161/844 3796/1162/844 3797/1163/844 3798/1164/844 3799/1165/844 3800/1166/844 3801/1167/844 3802/1168/844 3803/1169/844 3792/1170/844 3805/1144/844 3804/1143/844
f 3824/727/831 3822/730/831 3823/729/831 3825/728/831
f 3826/1139/832 3824/727/832 3825/728/832 3827/1140/832
f 3828/727/831 3826/730/831 3827/729/831 3829/728/831
f 3842/1143/833 3828/727/833 3829/728/833 3843/1144/833
f 3831/1159/833 3842/1143/833 3843/1144/833 3830/1170/833 3841/1169/833 3840/1168/833 3839/1167/833 3838/1166/833 3837/1165/833 3836/1164/833 3835/1163/833 3834/1162/833 3833/1161/833 3832/1160/833
