# Blender 4.4.3
# www.blender.org
mtllib SquareHouseC.mtl
o BH7
v -0.345876 0.003606 3.967234
v -0.357286 0.003606 3.768169
v 0.470792 0.003605 3.720703
v 0.482203 0.003605 3.919768
v 0.470793 0.142907 3.720703
v -0.357286 0.142908 3.768169
v -0.345788 0.142908 3.968768
v 0.482291 0.142907 3.921302
v 0.393218 0.003605 2.723138
v -0.414534 0.003606 2.769439
v -0.414534 0.142908 2.769439
v 0.413544 0.142907 2.721973
v -0.384012 0.003606 3.301913
v -0.384012 0.142908 3.301913
v 0.444066 0.003605 3.254447
v 0.439652 0.503217 2.703983
v -0.415476 0.503218 2.753000
v -0.384012 0.520532 3.301913
v 0.460894 0.520531 3.253482
v 0.444066 0.142907 3.254447
v -0.369161 0.003606 3.561009
v -0.369161 0.142908 3.561009
v 0.458918 0.003605 3.513543
v 0.444067 0.407290 3.254447
v -0.384012 0.407292 3.301913
v -0.370200 0.396303 3.542877
v 0.457879 0.396302 3.495410
v 0.458918 0.142907 3.513543
v 0.458918 0.271708 3.513543
v -0.369160 0.271710 3.561009
v -0.357286 0.290220 3.768169
v 0.462789 0.290219 3.721162
v -0.414152 0.261289 2.776107
v 0.413927 0.261288 2.728641
v -0.384012 0.271710 3.301913
v 0.444066 0.271708 3.254447
v 0.413545 0.407290 2.721973
v -0.414534 0.407292 2.769439
v 0.401866 0.505996 3.217781
v 0.401866 0.805709 3.217781
v 0.398853 0.805709 3.165215
v 0.398852 0.505996 3.165215
v 0.440280 0.505996 3.215579
v 0.437267 0.505996 3.163013
v 0.437267 0.805709 3.163013
v 0.440280 0.805709 3.215579
v 0.446927 0.354641 4.059849
v 0.449646 0.457135 4.107285
v 0.441147 0.577449 3.885152
v 0.440440 0.485218 3.872827
v 0.497030 0.354641 4.056977
v 0.482104 0.485218 3.870439
v 0.482810 0.577449 3.882764
v 0.499749 0.457135 4.104413
v 0.367612 0.743499 2.676127
v 0.367612 0.856470 2.676127
v 0.417715 0.856470 2.673255
v 0.417715 0.743498 2.673255
v 0.401290 0.867086 3.208117
v 0.445044 0.867085 3.205609
v 0.401290 0.768431 3.208117
v 0.445044 0.768431 3.205609
v 0.421525 0.761944 3.588912
v 0.468454 0.761944 3.586223
v 0.419879 0.660112 3.560206
v 0.466808 0.660112 3.557516
v 0.417185 0.372028 3.491815
v 0.417186 0.704665 3.491815
v 0.413841 0.704665 3.433474
v 0.413841 0.372028 3.433474
v 0.447335 0.372028 3.490087
v 0.443991 0.372028 3.431746
v 0.443991 0.704665 3.431746
v 0.447335 0.704665 3.490087
v 0.429329 0.246030 3.703667
v 0.429329 0.635106 3.703667
v 0.425985 0.635106 3.645326
v 0.425984 0.246030 3.645326
v 0.459478 0.246030 3.701939
v 0.456134 0.246030 3.643598
v 0.456135 0.635106 3.643598
v 0.459479 0.635106 3.701939
v 0.441353 0.131608 3.913443
v 0.446450 0.520685 3.913150
v 0.443106 0.520685 3.854810
v 0.438009 0.131608 3.855102
v 0.471503 0.131608 3.911715
v 0.468158 0.131608 3.853374
v 0.468159 0.520685 3.853374
v 0.471503 0.520685 3.911715
v -0.382336 0.505997 3.262732
v -0.382335 0.805710 3.262732
v -0.385348 0.805710 3.210166
v -0.385349 0.505997 3.210166
v -0.343922 0.505997 3.260530
v -0.346935 0.505997 3.207964
v -0.346934 0.805710 3.207964
v -0.343921 0.805710 3.260530
v -0.337274 0.354642 4.104800
v -0.334555 0.457136 4.152236
v -0.343055 0.577450 3.930103
v -0.343761 0.485219 3.917778
v -0.287171 0.354641 4.101928
v -0.302098 0.485219 3.915390
v -0.301391 0.577450 3.927715
v -0.284452 0.457136 4.149364
v -0.416590 0.743500 2.721078
v -0.416590 0.856471 2.721078
v -0.366487 0.856471 2.718206
v -0.366487 0.743499 2.718206
v -0.382911 0.867087 3.253068
v -0.339157 0.867086 3.250560
v -0.382911 0.768432 3.253068
v -0.339157 0.768432 3.250560
v -0.362677 0.761945 3.633864
v -0.315747 0.761945 3.631174
v -0.364322 0.660114 3.605157
v -0.317393 0.660113 3.602467
v -0.361820 0.372029 3.536468
v -0.361820 0.704666 3.536468
v -0.365164 0.704666 3.478127
v -0.365164 0.372029 3.478127
v -0.331457 0.372029 3.534728
v -0.334801 0.372029 3.476387
v -0.334801 0.704666 3.476387
v -0.331457 0.704666 3.534728
v -0.348580 0.246031 3.748258
v -0.348579 0.635107 3.748258
v -0.351924 0.635107 3.689917
v -0.351924 0.246031 3.689917
v -0.318217 0.246031 3.746517
v -0.321561 0.246031 3.688176
v -0.321560 0.635107 3.688176
v -0.318216 0.635107 3.746517
v -0.336979 0.131609 3.958057
v -0.336978 0.520686 3.958057
v -0.340323 0.520686 3.899716
v -0.340323 0.131609 3.899717
v -0.306616 0.131609 3.956317
v -0.309960 0.131609 3.897976
v -0.309959 0.520686 3.897976
v -0.306615 0.520686 3.956317
v -0.918514 2.352123 2.798328
v 0.928455 2.352121 2.692458
v -0.918516 0.643924 2.798328
v 0.928453 0.643922 2.692458
v 0.995321 0.499111 2.613502
v 1.003905 0.499111 2.763256
v -0.992818 0.499113 2.877710
v -0.992818 0.649113 2.877710
v 0.995321 0.649111 2.613502
v 1.003905 0.649111 2.763256
v -1.001402 0.499113 2.727956
v -1.001402 0.649113 2.727956
v -0.290353 0.492915 2.859510
v 0.311396 0.492914 2.825017
v -0.066181 1.602460 2.846660
v -0.290352 1.325307 2.859510
v -0.247961 1.452008 2.856236
v -0.194484 1.517587 2.853982
v 0.311397 1.333590 2.825017
v 0.078732 1.602459 2.838354
v 0.253548 1.458432 2.828333
v 0.168441 1.557031 2.833211
v -0.226357 0.856473 2.855842
v -0.226357 0.960279 2.855842
v -0.122721 0.856473 2.849901
v -0.122721 0.960279 2.849901
v -0.191456 0.887581 2.921123
v -0.191455 0.929171 2.921123
v -0.149934 0.887581 2.918742
v -0.149934 0.929171 2.918742
v -0.139580 0.939542 2.918149
v -0.139580 0.877211 2.918149
v -0.201809 0.877211 2.921716
v -0.201809 0.939542 2.921716
v -0.158659 0.919353 2.938096
v -0.158659 0.897400 2.938096
v -0.180576 0.897400 2.939352
v -0.180576 0.919353 2.939352
v -0.131890 0.866842 2.871124
v -0.131890 0.949910 2.871124
v -0.214822 0.866842 2.875877
v -0.214822 0.949911 2.875877
v -0.162140 0.771480 2.893409
v -0.162329 0.777512 2.903975
v -0.163915 0.789576 2.904066
v -0.165311 0.795608 2.893591
v -0.165121 0.789576 2.883025
v -0.163535 0.777512 2.882934
v -0.142739 0.776687 2.892297
v -0.144460 0.782308 2.902951
v -0.149109 0.793550 2.903218
v -0.152037 0.799170 2.892830
v -0.150315 0.793550 2.882176
v -0.145666 0.782308 2.881910
v -0.125344 0.786746 2.891300
v -0.128439 0.791572 2.902033
v -0.135835 0.801226 2.902457
v -0.140135 0.806053 2.892148
v -0.137041 0.801226 2.881415
v -0.129645 0.791572 2.880991
v -0.111142 0.800971 2.890486
v -0.115358 0.804675 2.901283
v -0.124996 0.812083 2.901835
v -0.130418 0.815786 2.891591
v -0.126202 0.812083 2.880794
v -0.116564 0.804675 2.880241
v -0.101099 0.818394 2.889910
v -0.106108 0.820722 2.900753
v -0.117332 0.825379 2.901396
v -0.123547 0.827707 2.891197
v -0.118538 0.825379 2.880354
v -0.107314 0.820722 2.879711
v -0.095901 0.837827 2.889612
v -0.101320 0.838621 2.900478
v -0.113364 0.840209 2.901169
v -0.119990 0.841003 2.890993
v -0.114571 0.840209 2.880127
v -0.102526 0.838621 2.879437
v -0.095901 0.857945 2.889612
v -0.101320 0.857151 2.900478
v -0.113364 0.855562 2.901169
v -0.119990 0.854768 2.890993
v -0.114571 0.855562 2.880127
v -0.102526 0.857151 2.879437
v -0.101099 0.877377 2.889910
v -0.106108 0.875049 2.900753
v -0.117332 0.870393 2.901396
v -0.123547 0.868064 2.891197
v -0.118538 0.870393 2.880354
v -0.107314 0.875049 2.879711
v -0.111142 0.894800 2.890486
v -0.115358 0.891097 2.901283
v -0.124996 0.883689 2.901835
v -0.130418 0.879985 2.891591
v -0.126202 0.883689 2.880794
v -0.116564 0.891097 2.880241
v -0.125344 0.909026 2.891300
v -0.128439 0.904199 2.902033
v -0.135834 0.894545 2.902457
v -0.140135 0.889719 2.892148
v -0.137040 0.894545 2.881415
v -0.129645 0.904199 2.880991
v -0.142739 0.919085 2.892297
v -0.144460 0.913464 2.902951
v -0.149109 0.902222 2.903218
v -0.152037 0.896601 2.892830
v -0.150315 0.902222 2.882176
v -0.145666 0.913464 2.881910
v -0.162139 0.924292 2.893409
v -0.162329 0.918260 2.903975
v -0.163915 0.906196 2.904066
v -0.165311 0.900164 2.893591
v -0.165121 0.906196 2.883025
v -0.163535 0.918260 2.882934
v -0.182225 0.924292 2.894560
v -0.180829 0.918260 2.905036
v -0.179243 0.906196 2.904945
v -0.179053 0.900164 2.894379
v -0.180449 0.906196 2.883903
v -0.182035 0.918260 2.883994
v -0.201625 0.919085 2.895673
v -0.198698 0.913464 2.906060
v -0.194049 0.902222 2.905793
v -0.192327 0.896601 2.895139
v -0.195255 0.902222 2.884752
v -0.199904 0.913464 2.885019
v -0.219020 0.909026 2.896670
v -0.214719 0.904199 2.906978
v -0.207323 0.894546 2.906554
v -0.204229 0.889719 2.895822
v -0.208530 0.894546 2.885513
v -0.215925 0.904199 2.885937
v -0.233222 0.894801 2.897484
v -0.227800 0.891097 2.907728
v -0.218162 0.883689 2.907176
v -0.213946 0.879985 2.896379
v -0.219368 0.883689 2.886134
v -0.229006 0.891097 2.886687
v -0.243265 0.877378 2.898059
v -0.237050 0.875049 2.908258
v -0.225826 0.870393 2.907615
v -0.220818 0.868065 2.896773
v -0.227032 0.870393 2.886574
v -0.238256 0.875049 2.887217
v -0.248463 0.857945 2.898357
v -0.241838 0.857151 2.908533
v -0.229794 0.855563 2.907842
v -0.224374 0.854769 2.896976
v -0.231000 0.855563 2.886801
v -0.243044 0.857151 2.887491
v -0.248463 0.837827 2.898357
v -0.241838 0.838621 2.908533
v -0.229794 0.840209 2.907842
v -0.224374 0.841003 2.896976
v -0.231000 0.840209 2.886801
v -0.243044 0.838621 2.887491
v -0.243265 0.818394 2.898059
v -0.237050 0.820722 2.908258
v -0.225826 0.825379 2.907615
v -0.220818 0.827707 2.896773
v -0.227032 0.825379 2.886574
v -0.238256 0.820722 2.887217
v -0.233222 0.800971 2.897484
v -0.227800 0.804675 2.907728
v -0.218162 0.812083 2.907176
v -0.213946 0.815786 2.896379
v -0.219368 0.812083 2.886134
v -0.229006 0.804675 2.886687
v -0.219020 0.786746 2.896670
v -0.214719 0.791573 2.906978
v -0.207324 0.801226 2.906554
v -0.204229 0.806053 2.895822
v -0.208530 0.801226 2.885513
v -0.215925 0.791573 2.885937
v -0.201626 0.776687 2.895673
v -0.198698 0.782308 2.906060
v -0.194049 0.793550 2.905794
v -0.192328 0.799171 2.895140
v -0.195255 0.793550 2.884752
v -0.199904 0.782308 2.885019
v -0.182225 0.771480 2.894560
v -0.180829 0.777512 2.905036
v -0.179243 0.789576 2.904945
v -0.179053 0.795608 2.894379
v -0.180449 0.789576 2.883903
v -0.182035 0.777512 2.883994
v -0.263689 0.499112 2.881661
v -0.263688 1.363225 2.881661
v -0.271465 1.363225 2.745997
v -0.271466 0.499112 2.745997
v -0.370841 1.363226 2.887803
v -0.378617 1.363226 2.752139
v -0.370842 0.499112 2.887803
v -0.378618 0.499112 2.752139
v -0.327106 1.512392 2.749187
v -0.319330 1.512392 2.884851
v -0.227526 1.462222 2.879588
v -0.235302 1.462222 2.743924
v -0.219418 1.626719 2.743014
v -0.211641 1.626719 2.878678
v -0.144245 1.546555 2.874815
v -0.152022 1.546555 2.739150
v -0.102423 1.692362 2.736307
v -0.094647 1.692362 2.871972
v -0.057602 1.593338 2.869848
v -0.065379 1.593338 2.734184
v 0.004099 1.704802 2.730201
v 0.011876 1.704802 2.865865
v 0.011875 1.602103 2.865865
v 0.004099 1.602103 2.730201
v 0.287437 0.499112 2.850070
v 0.287439 1.363225 2.850070
v 0.279662 1.363225 2.714406
v 0.279661 0.499112 2.714406
v 0.394591 1.363225 2.843928
v 0.386815 1.363225 2.708263
v 0.394590 0.499112 2.843928
v 0.386814 0.499112 2.708263
v 0.335304 1.512391 2.711216
v 0.343081 1.512391 2.846880
v 0.251276 1.462221 2.852143
v 0.243500 1.462221 2.716478
v 0.227616 1.626718 2.717389
v 0.235392 1.626718 2.853053
v 0.167996 1.546554 2.856916
v 0.160219 1.546554 2.721252
v 0.110621 1.692362 2.724095
v 0.118398 1.692362 2.859760
v 0.081353 1.593337 2.861883
v 0.073576 1.593337 2.726219
v -0.931007 2.352393 2.645420
v -0.931010 0.643986 2.645421
v -1.059044 0.499113 1.722360
v -1.001817 0.499113 2.720722
v -1.001817 0.649113 2.720722
v -0.909289 0.649113 1.713776
v -0.852063 0.499113 2.712138
v -0.852063 0.649113 2.712138
v -0.980019 0.643986 1.790422
v -0.980017 2.352393 1.790422
v -1.059043 0.649113 1.722360
v -0.909289 0.499113 1.713776
v -0.951956 0.630967 2.583218
v -0.947580 0.733093 2.659564
v -0.943869 0.630967 2.659351
v -0.992857 2.363037 1.869642
v -0.998054 2.279358 1.778969
v -0.994343 2.363037 1.778756
v -0.981656 2.279335 1.778006
v -0.935558 0.630944 2.582255
v -0.927471 0.630944 2.658388
v -0.931182 0.733070 2.658601
v -0.976459 2.363014 1.868679
v -0.977944 2.363014 1.777793
v 0.943767 2.352390 1.678800
v 0.943765 0.643984 1.678800
v 1.071798 0.499111 2.601860
v 1.014572 0.499111 1.603499
v 1.014572 0.649111 1.603499
v 0.922045 0.649111 2.610444
v 0.864818 0.499111 1.612083
v 0.864818 0.649111 1.612083
v 0.992774 0.643984 2.533799
v 0.992777 2.352390 2.533799
v 1.071799 0.649111 2.601860
v 0.922045 0.499111 2.610444
v 0.964711 0.630964 1.741002
v 0.960335 0.733091 1.664657
v 0.956624 0.630964 1.664870
v 1.005616 2.363034 2.454579
v 1.010814 2.279356 2.545252
v 1.007102 2.363034 2.545464
v 0.994416 2.279333 2.546214
v 0.948313 0.630941 1.741965
v 0.940226 0.630941 1.665833
v 0.943937 0.733068 1.665620
v 0.989218 2.363011 2.455542
v 0.990704 2.363011 2.546427
v -1.000183 -0.000887 2.749240
v -0.001821 -0.000888 2.692013
v -0.001821 0.499112 2.692013
v -1.000182 0.499113 2.749240
v -0.001821 -0.000888 2.692013
v 0.996540 -0.000889 2.634786
v 0.996541 0.499111 2.634786
v -0.001821 0.499112 2.692013
v -1.054338 -0.000887 1.804472
v -0.997111 -0.000887 2.802833
v -0.997110 0.499113 2.802833
v -1.054337 0.499113 1.804472
v 0.999612 -0.000889 2.688379
v 0.942385 -0.000889 1.690018
v 0.942386 0.499111 1.690018
v 0.999613 0.499111 2.688379
v -1.060302 2.503607 2.806455
v -1.094244 0.003607 2.613991
v -1.081829 0.003607 2.830596
v -0.899160 2.503607 2.625715
v -1.070101 2.503607 2.635514
v -0.865224 0.003607 2.818180
v -0.889361 2.503607 2.796657
v -0.877640 0.003607 2.601575
v -0.895286 1.253607 2.791376
v -1.055023 1.253607 2.800532
v -1.064179 1.253607 2.640795
v -0.904442 1.253607 2.631638
v -1.070134 0.628607 2.625819
v -0.897740 0.628607 2.615937
v -0.887274 0.628607 2.798520
v -1.059668 0.628607 2.808401
v -1.077839 0.316107 2.628618
v -0.892266 0.316107 2.617980
v -0.881629 0.316107 2.803553
v -1.067202 0.316107 2.814190
v -0.903832 1.878607 2.783755
v -1.047402 1.878607 2.791985
v -1.055632 1.878607 2.648415
v -0.912062 1.878607 2.640186
v 0.912336 2.503605 2.693382
v 0.878394 0.003605 2.500918
v 0.890809 0.003605 2.717522
v 1.073478 2.503604 2.512642
v 0.902537 2.503605 2.522440
v 1.107414 0.003604 2.705106
v 1.083277 2.503604 2.683583
v 1.094998 0.003604 2.488502
v 1.077352 1.253604 2.678303
v 0.917615 1.253605 2.687459
v 0.908458 1.253605 2.527721
v 1.068196 1.253604 2.518565
v 0.902504 0.628605 2.512745
v 1.074898 0.628604 2.502863
v 1.085363 0.628604 2.685446
v 0.912970 0.628605 2.695328
v 0.894799 0.316105 2.515544
v 1.080372 0.316104 2.504907
v 1.091009 0.316104 2.690480
v 0.905436 0.316105 2.701117
v 1.068805 1.878604 2.670682
v 0.925236 1.878605 2.678911
v 0.917006 1.878605 2.535342
v 1.060576 1.878604 2.527112
v 0.854506 2.503605 1.684502
v 0.820564 0.003605 1.492038
v 0.832979 0.003605 1.708643
v 1.015648 2.503604 1.503763
v 0.844707 2.503605 1.513561
v 1.049584 0.003604 1.696227
v 1.025447 2.503604 1.674704
v 1.037168 0.003604 1.479622
v 1.019522 1.253604 1.669423
v 0.859785 1.253604 1.678580
v 0.850628 1.253604 1.518842
v 1.010366 1.253604 1.509686
v 0.844675 0.628605 1.503866
v 1.017068 0.628604 1.493984
v 1.027534 0.628604 1.676567
v 0.855140 0.628605 1.686449
v 0.836970 0.316105 1.506665
v 1.022542 0.316104 1.496028
v 1.033179 0.316104 1.681601
v 0.847607 0.316105 1.692238
v 1.017960 1.878604 1.668030
v 0.861179 1.878604 1.677017
v 0.852192 1.878604 1.520236
v 1.008973 1.878604 1.511249
v -1.071741 2.503607 2.719429
v 0.003436 3.753606 2.657799
v 1.074736 2.503605 2.596391
v -0.068948 3.898833 2.622689
v -0.061185 3.898833 2.758113
v -1.371471 2.320077 2.704149
v -1.346088 2.305691 2.847383
v 0.034792 3.811641 2.616743
v 0.042555 3.811641 2.752166
v -1.270152 2.233844 2.675925
v -1.244769 2.219459 2.819159
v -1.016286 2.724961 2.674909
v -0.824535 2.971460 2.680175
v -0.614905 3.187993 2.641428
v -0.428774 3.416970 2.643153
v -0.248871 3.658759 2.775223
v -0.420993 3.416970 2.778899
v -0.619393 3.198669 2.786011
v -0.818393 2.971460 2.787342
v -1.008286 2.724961 2.814484
v -0.163777 3.580102 2.621773
v -0.324786 3.329572 2.637193
v -0.503747 3.095380 2.651711
v -0.727296 2.889733 2.674602
v -0.898183 2.625697 2.668139
v -0.890182 2.625697 2.807715
v -0.721154 2.889733 2.781768
v -0.508235 3.106056 2.796294
v -0.317005 3.329572 2.772938
v -0.134874 3.562362 2.755686
v -0.266546 3.667102 2.640666
v 1.419204 2.317573 2.509546
v 1.419668 2.310121 2.672818
v 0.056512 3.901756 2.575634
v 0.082497 3.916240 2.727305
v 1.293856 2.212779 2.505119
v 1.294320 2.205327 2.668391
v -0.059142 3.803468 2.604835
v -0.033157 3.817952 2.756506
v 0.243965 3.660513 2.581646
v 0.421504 3.425742 2.587981
v 0.624211 3.201766 2.579943
v 0.823327 2.956458 2.550388
v 1.019642 2.707854 2.531305
v 1.040213 2.718550 2.667433
v 0.831229 2.956458 2.688250
v 0.614435 3.187589 2.704627
v 0.427743 3.425742 2.696818
v 0.252034 3.660540 2.723402
v 0.915755 2.619740 2.553928
v 0.717719 2.867697 2.556442
v 0.528176 3.122112 2.563356
v 0.322801 3.342717 2.593639
v 0.135404 3.569234 2.587869
v 0.143473 3.569261 2.729624
v 0.328989 3.342741 2.702479
v 0.518400 3.107934 2.688040
v 0.725621 2.867697 2.694304
v 0.936326 2.630436 2.690056
v -0.112699 4.139441 2.811742
v 0.135569 4.139441 2.797511
v -0.112699 3.901471 2.811742
v 0.135569 3.901471 2.797511
v -0.105492 3.940478 2.306096
v -0.156231 3.830946 1.691207
v 0.037228 3.830946 1.680118
v 0.070630 3.940478 2.296001
v -0.156231 3.643567 1.691207
v -0.105195 3.761620 2.306851
v 0.070421 3.761620 2.296784
v 0.037228 3.643567 1.680118
v -1.071797 2.352124 2.745330
v -1.129025 2.352124 1.746969
v -1.129025 2.502124 1.746968
v -0.922043 2.502124 2.736746
v -0.979271 2.352123 1.738384
v -0.979270 2.502124 1.738384
v -1.071797 2.502124 2.745330
v -0.922044 2.352123 2.736746
v 1.077752 2.352121 2.622116
v 1.020525 2.352121 1.623754
v 1.020525 2.502121 1.623754
v 0.927998 2.502121 2.630700
v 0.870771 2.352121 1.632338
v 0.870771 2.502121 1.632338
v 1.077752 2.502121 2.622116
v 0.927997 2.352121 2.630700
v 0.921407 2.353604 2.542616
v 0.929991 2.353605 2.692370
v -0.916977 2.353607 2.798240
v -0.916977 2.503607 2.798240
v 0.921407 2.503604 2.542616
v 0.929991 2.503605 2.692370
v -0.925561 2.353607 2.648486
v -0.925561 2.503607 2.648486
v -0.002274 3.861984 2.684023
v -0.629039 3.077693 2.719950
v -0.059502 3.679233 1.685662
v -0.676001 3.047238 1.721000
v -1.306309 2.297329 2.758772
v -1.354430 2.305248 1.759888
v -1.350091 2.306396 1.857239
v -1.368912 2.281796 1.902581
v -1.335050 2.309479 2.072797
v -1.344133 2.295604 2.125104
v -1.324463 2.309479 2.257485
v -1.321414 2.307928 2.334246
v -1.345133 2.275683 2.410286
v -1.312924 2.304851 2.529117
v -1.305491 2.309437 2.589114
v -1.332085 2.274584 2.654613
v -1.305324 2.301831 2.707572
v -1.228515 2.386965 2.754313
v -1.285742 2.380371 1.755951
v -0.002274 3.861984 2.684023
v 0.624488 3.077691 2.648096
v -0.059502 3.679233 1.685662
v 0.556996 3.047236 1.650324
v 1.301756 2.297326 2.609275
v 1.235423 2.305245 1.611435
v 1.242237 2.306392 1.708644
v 1.266115 2.281793 1.751539
v 1.251925 2.309476 1.924509
v 1.266926 2.295601 1.975436
v 1.262512 2.309476 2.109197
v 1.268254 2.307925 2.185803
v 1.300506 2.275679 2.258635
v 1.282086 2.304847 2.380368
v 1.281558 2.309434 2.440822
v 1.315462 2.274580 2.502853
v 1.294927 2.301827 2.558524
v 1.223963 2.386962 2.613734
v 1.166736 2.380368 1.615373
v 0.123739 5.152009 -1.757070
v 0.196671 6.320249 -1.692048
v 0.533437 5.152009 -1.780554
v 0.468415 6.320249 -1.707624
v 0.147223 5.152009 -1.347373
v 0.212248 6.320249 -1.420303
v 0.556921 5.152009 -1.370857
v 0.483992 6.320249 -1.435880
v 0.107510 6.139120 -1.771541
v 0.547908 6.139119 -1.796785
v 0.573152 6.139119 -1.356387
v 0.132754 6.139120 -1.331143
v 0.487700 6.103815 -1.729254
v 0.505622 6.103815 -1.416595
v 0.192962 6.103816 -1.398674
v 0.175040 6.103816 -1.711332
v 0.107510 6.320249 -1.771541
v 0.547909 6.320249 -1.796785
v 0.573153 6.320249 -1.356387
v 0.132754 6.320249 -1.331143
v 0.196671 6.086896 -1.692048
v 0.468415 6.086896 -1.707624
v 0.483992 6.086896 -1.435880
v 0.212247 6.086896 -1.420303
v 0.107508 4.640056 -1.771541
v 0.547907 4.640056 -1.796785
v 0.132752 4.640056 -1.331142
v 0.573151 4.640056 -1.356387
v -0.994811 2.352123 1.777298
v 0.852157 2.352121 1.671428
v -0.994813 0.643924 1.777298
v 0.852155 0.643922 1.671428
v 0.919023 0.499111 1.592472
v 0.927607 0.499111 1.742226
v -1.069116 0.499113 1.856680
v -1.069115 0.649113 1.856680
v 0.919023 0.649111 1.592472
v 0.927607 0.649111 1.742226
v -1.077700 0.499113 1.706926
v -1.077699 0.649113 1.706926
v -0.366651 0.492915 1.838481
v 0.235098 0.492914 1.803988
v -0.142479 1.602460 1.825631
v -0.366650 1.325307 1.838480
v -0.324258 1.452008 1.835207
v -0.270781 1.517587 1.832952
v 0.235099 1.333590 1.803987
v 0.002435 1.602459 1.817324
v 0.177251 1.458432 1.807303
v 0.092143 1.557031 1.812182
v -0.302654 0.856473 1.834812
v -0.302654 0.960279 1.834812
v -0.199018 0.856473 1.828871
v -0.199018 0.960279 1.828871
v -0.267753 0.887581 1.900093
v -0.267753 0.929171 1.900093
v -0.226231 0.887581 1.897713
v -0.226231 0.929171 1.897713
v -0.215878 0.939542 1.897119
v -0.215878 0.877211 1.897119
v -0.278107 0.877211 1.900686
v -0.278107 0.939542 1.900686
v -0.234957 0.919353 1.917066
v -0.234957 0.897400 1.917066
v -0.256873 0.897400 1.918322
v -0.256873 0.919353 1.918322
v -0.208188 0.866842 1.850094
v -0.208187 0.949910 1.850094
v -0.291120 0.866842 1.854848
v -0.291120 0.949910 1.854848
v -0.238437 0.771479 1.872379
v -0.238627 0.777512 1.882946
v -0.240213 0.789576 1.883036
v -0.241608 0.795608 1.872561
v -0.241419 0.789576 1.861995
v -0.239833 0.777512 1.861904
v -0.219036 0.776687 1.871267
v -0.220758 0.782308 1.881921
v -0.225407 0.793550 1.882188
v -0.228334 0.799170 1.871800
v -0.226613 0.793550 1.861146
v -0.221964 0.782308 1.860880
v -0.201642 0.786745 1.870270
v -0.204737 0.791572 1.881003
v -0.212132 0.801226 1.881427
v -0.216433 0.806053 1.871118
v -0.213338 0.801226 1.860385
v -0.205943 0.791572 1.859962
v -0.187440 0.800971 1.869456
v -0.191655 0.804675 1.880253
v -0.201293 0.812083 1.880805
v -0.206715 0.815786 1.870561
v -0.202500 0.812083 1.859764
v -0.192862 0.804675 1.859212
v -0.177397 0.818394 1.868881
v -0.182406 0.820722 1.879723
v -0.193629 0.825379 1.880366
v -0.199844 0.827707 1.870167
v -0.194835 0.825379 1.859325
v -0.183612 0.820722 1.858681
v -0.172199 0.837827 1.868582
v -0.177618 0.838621 1.879448
v -0.189662 0.840209 1.880139
v -0.196287 0.841003 1.869963
v -0.190868 0.840209 1.859097
v -0.178824 0.838621 1.858407
v -0.172199 0.857945 1.868582
v -0.177618 0.857151 1.879448
v -0.189662 0.855562 1.880139
v -0.196287 0.854768 1.869963
v -0.190868 0.855562 1.859097
v -0.178824 0.857151 1.858407
v -0.177397 0.877377 1.868881
v -0.182406 0.875049 1.879723
v -0.193629 0.870393 1.880366
v -0.199844 0.868064 1.870167
v -0.194835 0.870393 1.859325
v -0.183612 0.875049 1.858681
v -0.187440 0.894800 1.869456
v -0.191655 0.891097 1.880253
v -0.201293 0.883689 1.880805
v -0.206715 0.879985 1.870561
v -0.202499 0.883689 1.859764
v -0.192862 0.891097 1.859212
v -0.201642 0.909026 1.870270
v -0.204736 0.904199 1.881003
v -0.212132 0.894545 1.881427
v -0.216433 0.889719 1.871118
v -0.213338 0.894545 1.860385
v -0.205943 0.904199 1.859962
v -0.219036 0.919085 1.871267
v -0.220758 0.913464 1.881921
v -0.225406 0.902222 1.882188
v -0.228334 0.896601 1.871800
v -0.226613 0.902222 1.861146
v -0.221964 0.913464 1.860880
v -0.238437 0.924292 1.872379
v -0.238627 0.918260 1.882946
v -0.240212 0.906196 1.883036
v -0.241608 0.900164 1.872561
v -0.241419 0.906196 1.861995
v -0.239833 0.918260 1.861904
v -0.258522 0.924292 1.873531
v -0.257126 0.918260 1.884006
v -0.255541 0.906196 1.883915
v -0.255351 0.900164 1.873349
v -0.256747 0.906196 1.862874
v -0.258332 0.918260 1.862964
v -0.277923 0.919085 1.874643
v -0.274995 0.913464 1.885030
v -0.270346 0.902222 1.884764
v -0.268625 0.896601 1.874110
v -0.271553 0.902222 1.863722
v -0.276201 0.913464 1.863989
v -0.295317 0.909026 1.875640
v -0.291016 0.904199 1.885949
v -0.283621 0.894545 1.885525
v -0.280526 0.889719 1.874792
v -0.284827 0.894545 1.864483
v -0.292223 0.904199 1.864907
v -0.309520 0.894801 1.876454
v -0.304098 0.891097 1.886698
v -0.294460 0.883689 1.886146
v -0.290244 0.879985 1.875349
v -0.295666 0.883689 1.865104
v -0.305304 0.891097 1.865657
v -0.319562 0.877378 1.877030
v -0.313347 0.875049 1.887229
v -0.302124 0.870393 1.886585
v -0.297115 0.868064 1.875743
v -0.303330 0.870393 1.865544
v -0.314553 0.875049 1.866187
v -0.324761 0.857945 1.877327
v -0.318135 0.857151 1.887503
v -0.306091 0.855563 1.886813
v -0.300672 0.854768 1.875947
v -0.307297 0.855563 1.865771
v -0.319342 0.857151 1.866462
v -0.324761 0.837827 1.877327
v -0.318135 0.838621 1.887503
v -0.306091 0.840209 1.886813
v -0.300672 0.841003 1.875947
v -0.307297 0.840209 1.865771
v -0.319342 0.838621 1.866462
v -0.319562 0.818394 1.877030
v -0.313347 0.820722 1.887229
v -0.302124 0.825379 1.886585
v -0.297115 0.827707 1.875743
v -0.303330 0.825379 1.865544
v -0.314554 0.820722 1.866187
v -0.309520 0.800971 1.876454
v -0.304098 0.804675 1.886698
v -0.294460 0.812083 1.886146
v -0.290244 0.815786 1.875349
v -0.295666 0.812083 1.865104
v -0.305304 0.804675 1.865657
v -0.295317 0.786746 1.875640
v -0.291017 0.791573 1.885949
v -0.283621 0.801226 1.885525
v -0.280526 0.806053 1.874792
v -0.284827 0.801226 1.864483
v -0.292223 0.791573 1.864907
v -0.277923 0.776687 1.874643
v -0.274996 0.782308 1.885030
v -0.270347 0.793550 1.884764
v -0.268625 0.799171 1.874110
v -0.271553 0.793550 1.863722
v -0.276202 0.782308 1.863989
v -0.258522 0.771479 1.873531
v -0.257126 0.777512 1.884006
v -0.255541 0.789576 1.883915
v -0.255351 0.795608 1.873349
v -0.256747 0.789576 1.862874
v -0.258332 0.777512 1.862965
v -0.339987 0.499112 1.860631
v -0.339986 1.363225 1.860631
v -0.347762 1.363225 1.724967
v -0.347763 0.499112 1.724967
v -0.447138 1.363226 1.866774
v -0.454915 1.363226 1.731109
v -0.447140 0.499112 1.866774
v -0.454916 0.499112 1.731109
v -0.403404 1.512392 1.728157
v -0.395627 1.512392 1.863821
v -0.303823 1.462222 1.858559
v -0.311600 1.462222 1.722894
v -0.295715 1.626719 1.721984
v -0.287939 1.626719 1.857648
v -0.220543 1.546555 1.853785
v -0.228319 1.546555 1.718121
v -0.178721 1.692362 1.715278
v -0.170944 1.692362 1.850942
v -0.133900 1.593338 1.848818
v -0.141676 1.593338 1.713154
v -0.072198 1.704802 1.709171
v -0.064422 1.704802 1.844836
v -0.064422 1.602103 1.844836
v -0.072199 1.602103 1.709171
v 0.211140 0.499112 1.829040
v 0.211141 1.363225 1.829040
v 0.203365 1.363225 1.693376
v 0.203364 0.499112 1.693376
v 0.318294 1.363225 1.822898
v 0.310517 1.363225 1.687234
v 0.318292 0.499111 1.822898
v 0.310516 0.499112 1.687234
v 0.259007 1.512391 1.690186
v 0.266783 1.512391 1.825851
v 0.174979 1.462221 1.831113
v 0.167202 1.462221 1.695449
v 0.151318 1.626718 1.696359
v 0.159094 1.626718 1.832023
v 0.091698 1.546554 1.835887
v 0.083922 1.546554 1.700222
v 0.034324 1.692362 1.703066
v 0.042100 1.692362 1.838730
v 0.005055 1.593337 1.840853
v -0.002721 1.593337 1.705189
v -1.101350 2.352393 0.767754
v -1.101353 0.643986 0.767754
v -1.123073 0.499113 1.699398
v -1.180300 0.499113 0.701037
v -1.180300 0.649113 0.701037
v -0.973319 0.649113 1.690814
v -1.030546 0.499113 0.692453
v -1.030546 0.649113 0.692453
v -1.052343 0.643986 1.622753
v -1.052341 2.352393 1.622752
v -1.123073 0.649113 1.699398
v -0.973319 0.499113 1.690814
v -1.115054 0.630967 0.831942
v -1.119430 0.733093 0.755597
v -1.115719 0.630967 0.755384
v -1.074149 2.363037 1.545518
v -1.068951 2.279358 1.636191
v -1.065240 2.363037 1.635979
v -1.052551 2.279335 1.635274
v -1.098654 0.630944 0.831025
v -1.099318 0.630944 0.754467
v -1.103029 0.733070 0.754680
v -1.057748 2.363014 1.544601
v -1.048839 2.363014 1.635061
v -1.215372 2.352123 -1.221383
v -1.109502 2.352123 0.625585
v -1.215375 0.643924 -1.221383
v -1.109505 0.643924 0.625585
v -1.030549 0.499113 0.692454
v -1.180303 0.499113 0.701038
v -1.294757 0.499113 -1.295684
v -1.294757 0.649113 -1.295684
v -1.030549 0.649113 0.692454
v -1.180303 0.649113 0.701038
v -1.145003 0.499113 -1.304268
v -1.145003 0.649113 -1.304268
v -1.182531 1.147539 -0.036320
v -1.212292 1.147539 -0.555514
v -1.188343 1.867562 -0.137736
v -1.182530 1.763051 -0.036320
v -1.184233 1.834881 -0.066024
v -1.212291 1.763051 -0.555514
v -1.206477 1.867562 -0.454098
v -1.210588 1.834881 -0.525810
v -1.169822 1.162233 -0.648089
v -1.280067 1.155229 0.055326
v -1.135942 1.166954 0.047065
v -1.315885 1.071673 -0.639716
v -1.315885 1.162233 -0.639716
v -1.125750 1.078676 0.050596
v -1.169822 1.071673 -0.648089
v -1.269876 1.066952 0.058857
v -1.158916 1.075312 -0.298109
v -1.152881 1.151486 -0.298455
v -1.286728 1.158593 -0.290782
v -1.292763 1.082419 -0.290436
v -1.167003 1.080148 -0.472948
v -1.167003 1.153758 -0.472948
v -1.298673 1.153758 -0.465400
v -1.298673 1.080148 -0.465400
v -1.278641 1.153758 -0.115943
v -1.278641 1.080148 -0.115943
v -1.146972 1.080148 -0.123491
v -1.146972 1.153758 -0.123491
v -1.173762 1.849704 -0.655613
v -1.281562 1.846044 0.063086
v -1.140233 1.854874 0.054985
v -1.317431 1.762036 -0.647378
v -1.317431 1.849704 -0.647378
v -1.127973 1.767267 0.058489
v -1.173762 1.762036 -0.655613
v -1.269302 1.758437 0.066590
v -1.164304 1.850140 -0.297792
v -1.157018 1.926974 -0.298210
v -1.286541 1.927595 -0.290785
v -1.293225 1.855493 -0.290402
v -1.172213 1.828816 -0.476521
v -1.172213 1.903719 -0.476521
v -1.298505 1.903719 -0.469281
v -1.298505 1.828816 -0.469281
v -1.278031 1.903719 -0.112091
v -1.278031 1.828816 -0.112091
v -1.151739 1.828816 -0.119330
v -1.151738 1.903718 -0.119330
v -1.174670 1.143379 -0.598530
v -1.251721 1.809276 -0.587928
v -1.180983 1.809275 -0.600794
v -1.245465 1.143379 -0.524579
v -1.249458 1.143379 -0.594243
v -1.168411 1.812272 -0.535180
v -1.170676 1.143379 -0.528866
v -1.239150 1.812272 -0.522315
v -1.176565 1.478059 -0.528466
v -1.174269 1.478059 -0.592640
v -1.243568 1.478059 -0.594643
v -1.245865 1.478059 -0.530469
v -1.169291 1.310719 -0.527632
v -1.173435 1.310719 -0.599915
v -1.250843 1.310719 -0.595478
v -1.246699 1.310719 -0.523194
v -1.250842 1.645399 -0.595478
v -1.246699 1.645399 -0.523194
v -1.169291 1.645398 -0.527632
v -1.173434 1.645398 -0.599915
v -1.140532 1.143379 -0.058080
v -1.224084 1.809276 -0.046547
v -1.147416 1.809275 -0.060548
v -1.217262 1.143379 0.022528
v -1.221617 1.143379 -0.053432
v -1.133708 1.812272 0.010996
v -1.136178 1.143379 0.017880
v -1.210377 1.812272 0.024997
v -1.136469 1.478059 0.016435
v -1.141977 1.478059 -0.057788
v -1.221325 1.478059 -0.051987
v -1.215817 1.478059 0.022237
v -1.134667 1.310719 0.019227
v -1.139185 1.310719 -0.059590
v -1.223126 1.310719 -0.054778
v -1.218608 1.310719 0.024038
v -1.218952 1.645399 -0.051057
v -1.214887 1.645399 0.019865
v -1.138840 1.645398 0.015506
v -1.142906 1.645398 -0.055416
v -1.226456 1.853287 -0.317327
v -1.222167 1.150847 -0.268116
v -1.225267 1.150847 -0.322197
v -1.218603 1.856448 -0.266282
v -1.225101 1.503893 -0.321165
v -1.221428 1.503893 -0.268307
v -1.226058 1.327370 -0.323172
v -1.222841 1.327370 -0.267058
v -1.223872 1.680417 -0.320477
v -1.220977 1.680417 -0.269984
v -1.200311 1.856448 -0.270750
v -1.205136 1.150847 -0.311931
v -1.207534 1.853287 -0.310798
v -1.202689 1.150847 -0.269233
v -1.192430 1.503893 -0.270416
v -1.195460 1.503893 -0.312057
v -1.192659 1.327370 -0.268788
v -1.195206 1.327370 -0.313234
v -1.195090 1.680416 -0.311210
v -1.192819 1.680416 -0.271598
v -1.230592 1.600869 -0.532610
v -1.221214 1.598636 -0.418880
v -1.225633 1.639171 -0.534984
v -1.211473 1.598325 -0.533706
v -1.202405 1.598636 -0.419958
v -1.196070 1.597740 -0.303639
v -1.215773 1.598072 -0.302510
v -1.215111 1.637544 -0.302548
v -1.221214 1.636316 -0.418880
v -1.195407 1.637212 -0.303678
v -1.202405 1.636316 -0.419958
v -1.206513 1.636627 -0.536080
v -1.230592 1.348672 -0.532610
v -1.221214 1.346439 -0.418880
v -1.225633 1.386973 -0.534984
v -1.211473 1.346128 -0.533706
v -1.202405 1.346439 -0.419958
v -1.196070 1.345543 -0.303639
v -1.215773 1.345875 -0.302510
v -1.215111 1.385347 -0.302548
v -1.221214 1.384119 -0.418880
v -1.195407 1.385015 -0.303678
v -1.202405 1.384119 -0.419958
v -1.206514 1.384430 -0.536080
v -1.202790 1.633397 -0.047588
v -1.206469 1.635630 -0.161644
v -1.197592 1.595096 -0.045796
v -1.183671 1.635941 -0.048684
v -1.187660 1.635630 -0.162722
v -1.194657 1.636526 -0.279003
v -1.214361 1.636194 -0.277874
v -1.213699 1.596722 -0.277912
v -1.206469 1.597950 -0.161644
v -1.193995 1.597054 -0.279041
v -1.187660 1.597950 -0.162722
v -1.178472 1.597639 -0.046892
v -1.202790 1.382670 -0.047588
v -1.206469 1.384903 -0.161644
v -1.197592 1.344368 -0.045796
v -1.214361 1.385467 -0.277874
v -1.213699 1.345995 -0.277912
v -1.206469 1.347223 -0.161644
v -1.193995 1.346327 -0.279042
v -1.187660 1.347223 -0.162722
v -1.178473 1.346912 -0.046892
v -1.273031 2.352392 -2.227330
v -1.273033 0.643986 -2.227329
v -1.294754 0.499113 -1.295685
v -1.351981 0.499113 -2.294047
v -1.351981 0.649113 -2.294047
v -1.144999 0.649113 -1.304269
v -1.202227 0.499113 -2.302631
v -1.202227 0.649113 -2.302631
v -1.224024 0.643986 -1.372331
v -1.224021 2.352392 -1.372331
v -1.294753 0.649113 -1.295685
v -1.145000 0.499113 -1.304269
v -1.286735 0.630967 -2.163141
v -1.291111 0.733093 -2.239486
v -1.287400 0.630967 -2.239699
v -1.245830 2.363037 -1.449565
v -1.240632 2.279358 -1.358892
v -1.236920 2.363037 -1.359105
v -1.224231 2.279335 -1.359809
v -1.270334 0.630943 -2.164059
v -1.270999 0.630943 -2.240616
v -1.274710 0.733070 -2.240404
v -1.229429 2.363014 -1.450482
v -1.220520 2.363014 -1.360022
v 0.610491 2.352121 -2.414496
v -1.236478 2.352123 -2.308627
v 0.610488 0.643922 -2.414496
v -1.236480 0.643924 -2.308627
v -1.303349 0.499113 -2.229671
v -1.311933 0.499113 -2.379425
v 0.684790 0.499110 -2.493878
v 0.684790 0.649110 -2.493878
v -1.303348 0.649113 -2.229671
v -1.311932 0.649113 -2.379425
v 0.693374 0.499110 -2.344124
v 0.693374 0.649110 -2.344124
v -1.307641 0.499113 -2.304548
v -1.307640 0.649113 -2.304548
v 0.689082 0.499110 -2.419002
v 0.689082 0.649110 -2.419002
v 0.882303 2.352390 0.654049
v 0.882301 0.643983 0.654049
v 0.997039 0.499111 1.577871
v 0.939813 0.499110 0.579510
v 0.939813 0.649111 0.579510
v 0.847285 0.649111 1.586455
v 0.790059 0.499111 0.588094
v 0.790059 0.649111 0.588094
v 0.931310 0.643984 1.509048
v 0.931312 2.352390 1.509047
v 0.997039 0.649111 1.577871
v 0.847285 0.499111 1.586455
v 0.903248 0.630964 0.716251
v 0.898871 0.733091 0.639906
v 0.895160 0.630964 0.640119
v 0.944152 2.363034 1.429827
v 0.949350 2.279356 1.520500
v 0.945638 2.363034 1.520713
v 0.932951 2.279333 1.521463
v 0.886849 0.630941 0.717214
v 0.878762 0.630941 0.641082
v 0.882473 0.733068 0.640869
v 0.927754 2.363011 1.430790
v 0.929240 2.363011 1.521676
v 0.687189 2.352390 -2.339692
v 0.687187 0.643983 -2.339691
v 0.801925 0.499110 -1.415869
v 0.744698 0.499110 -2.414231
v 0.744699 0.649110 -2.414231
v 0.652171 0.649111 -1.407285
v 0.594945 0.499110 -2.405647
v 0.594945 0.649111 -2.405647
v 0.736196 0.643983 -1.484693
v 0.736198 2.352390 -1.484693
v 0.801925 0.649110 -1.415869
v 0.652171 0.499111 -1.407285
v 0.708133 0.630964 -2.277490
v 0.703757 0.733090 -2.353835
v 0.700046 0.630964 -2.353622
v 0.749038 2.363034 -1.563913
v 0.754235 2.279356 -1.473240
v 0.750524 2.363034 -1.473028
v 0.737837 2.279333 -1.472278
v 0.691735 0.630941 -2.276527
v 0.683648 0.630941 -2.352659
v 0.687359 0.733067 -2.352872
v 0.732640 2.363011 -1.562951
v 0.734126 2.363011 -1.472064
v -0.981597 4.205133 1.693820
v 0.865371 4.205131 1.587950
v -0.981599 2.496935 1.693821
v 0.865369 2.496932 1.587951
v 0.932237 2.352121 1.508995
v 0.940821 2.352121 1.658749
v -1.055901 2.352123 1.773203
v -1.055901 2.502124 1.773203
v 0.932237 2.502121 1.508995
v 0.940821 2.502121 1.658749
v -1.064485 2.352123 1.623449
v -1.064485 2.502124 1.623449
v -1.101348 4.201981 0.767753
v -1.101351 2.493575 0.767754
v -1.123071 2.348703 1.699398
v -1.180298 2.348703 0.701037
v -1.180298 2.498703 0.701037
v -0.973316 2.498703 1.690814
v -1.030544 2.348702 0.692452
v -1.030544 2.498703 0.692452
v -1.052341 2.493576 1.622752
v -1.052338 4.201982 1.622752
v -1.123070 2.498703 1.699398
v -0.973317 2.348703 1.690814
v -1.115052 2.480556 0.831942
v -1.119428 2.582683 0.755596
v -1.115717 2.480556 0.755384
v -1.074147 4.212626 1.545518
v -1.068949 4.128947 1.636191
v -1.065238 4.212626 1.635978
v -1.052548 4.128924 1.635274
v -1.098651 2.480533 0.831025
v -1.099316 2.480533 0.754467
v -1.103027 2.582659 0.754679
v -1.057746 4.212603 1.544601
v -1.048837 4.212603 1.635061
v -1.215370 4.201712 -1.221383
v -1.109500 4.201712 0.625585
v -1.215372 2.493514 -1.221383
v -1.109502 2.493514 0.625585
v -1.030547 2.348702 0.692453
v -1.180301 2.348703 0.701037
v -1.294755 2.348703 -1.295685
v -1.294755 2.498703 -1.295685
v -1.030546 2.498702 0.692453
v -1.180300 2.498703 0.701037
v -1.145001 2.348702 -1.304269
v -1.145001 2.498703 -1.304269
v -1.182528 2.997129 -0.036320
v -1.212289 2.997129 -0.555514
v -1.188341 3.717151 -0.137737
v -1.182528 3.612640 -0.036320
v -1.184230 3.684470 -0.066024
v -1.212288 3.612640 -0.555514
v -1.206475 3.717151 -0.454098
v -1.210586 3.684470 -0.525810
v -1.169819 3.011822 -0.648089
v -1.280064 3.004818 0.055326
v -1.135939 3.016543 0.047064
v -1.315883 2.921262 -0.639717
v -1.315883 3.011822 -0.639717
v -1.125748 2.928266 0.050596
v -1.169820 2.921262 -0.648089
v -1.269873 2.916541 0.058857
v -1.158914 2.924901 -0.298109
v -1.152879 3.001076 -0.298455
v -1.286726 3.008183 -0.290782
v -1.292761 2.932009 -0.290437
v -1.167001 2.929737 -0.472948
v -1.167001 3.003347 -0.472948
v -1.298670 3.003347 -0.465400
v -1.298671 2.929737 -0.465400
v -1.278639 3.003347 -0.115943
v -1.278639 2.929737 -0.115943
v -1.146969 2.929737 -0.123491
v -1.146969 3.003347 -0.123491
v -1.173760 3.699293 -0.655614
v -1.281560 3.695633 0.063086
v -1.140231 3.704464 0.054985
v -1.317429 3.611625 -0.647378
v -1.317429 3.699294 -0.647378
v -1.127971 3.616857 0.058489
v -1.173760 3.611625 -0.655614
v -1.269300 3.608026 0.066590
v -1.164302 3.699730 -0.297792
v -1.157016 3.776564 -0.298210
v -1.286538 3.777184 -0.290786
v -1.293223 3.705082 -0.290402
v -1.172211 3.678406 -0.476521
v -1.172211 3.753308 -0.476521
v -1.298503 3.753308 -0.469281
v -1.298503 3.678406 -0.469281
v -1.278028 3.753308 -0.112091
v -1.278028 3.678406 -0.112091
v -1.151736 3.678406 -0.119331
v -1.151736 3.753308 -0.119331
v -1.174667 2.992968 -0.598530
v -1.251719 3.658865 -0.587929
v -1.180980 3.658865 -0.600794
v -1.245463 2.992968 -0.524579
v -1.249456 2.992968 -0.594243
v -1.168409 3.661861 -0.535181
v -1.170674 2.992968 -0.528866
v -1.239148 3.661861 -0.522316
v -1.176563 3.327648 -0.528466
v -1.174266 3.327648 -0.592641
v -1.243566 3.327648 -0.594643
v -1.245862 3.327648 -0.530469
v -1.169289 3.160308 -0.527632
v -1.173432 3.160308 -0.599915
v -1.250841 3.160308 -0.595478
v -1.246697 3.160308 -0.523195
v -1.250840 3.494988 -0.595478
v -1.246697 3.494988 -0.523195
v -1.169289 3.494988 -0.527632
v -1.173432 3.494988 -0.599915
v -1.140529 2.992968 -0.058080
v -1.224082 3.658865 -0.046547
v -1.147413 3.658865 -0.060548
v -1.217260 2.992968 0.022528
v -1.221614 2.992968 -0.053432
v -1.133706 3.661861 0.010995
v -1.136175 2.992968 0.017880
v -1.210374 3.661861 0.024997
v -1.136466 3.327648 0.016435
v -1.141974 3.327648 -0.057789
v -1.221322 3.327648 -0.051987
v -1.215814 3.327648 0.022237
v -1.134665 3.160308 0.019226
v -1.139183 3.160308 -0.059590
v -1.223124 3.160308 -0.054778
v -1.218606 3.160308 0.024038
v -1.218950 3.494988 -0.051057
v -1.214885 3.494988 0.019865
v -1.138838 3.494988 0.015505
v -1.142904 3.494988 -0.055416
v -1.226453 3.702876 -0.317328
v -1.222165 3.000436 -0.268117
v -1.225265 3.000436 -0.322197
v -1.218601 3.706037 -0.266282
v -1.225099 3.353482 -0.321166
v -1.221426 3.353482 -0.268307
v -1.226056 3.176959 -0.323172
v -1.222839 3.176959 -0.267058
v -1.223869 3.530006 -0.320478
v -1.220975 3.530006 -0.269984
v -1.200309 3.706037 -0.270750
v -1.205134 3.000436 -0.311931
v -1.207531 3.702876 -0.310798
v -1.202686 3.000436 -0.269233
v -1.192428 3.353482 -0.270416
v -1.195458 3.353482 -0.312057
v -1.192656 3.176959 -0.268788
v -1.195204 3.176959 -0.313235
v -1.195088 3.530006 -0.311210
v -1.192817 3.530006 -0.271598
v -1.230590 3.450458 -0.532610
v -1.221211 3.448226 -0.418880
v -1.225630 3.488760 -0.534984
v -1.211470 3.447915 -0.533706
v -1.202402 3.448226 -0.419959
v -1.196067 3.447330 -0.303640
v -1.215771 3.447662 -0.302510
v -1.215108 3.487134 -0.302548
v -1.221211 3.485905 -0.418880
v -1.195405 3.486802 -0.303678
v -1.202402 3.485905 -0.419959
v -1.206511 3.486217 -0.536080
v -1.230590 3.198261 -0.532610
v -1.221212 3.196028 -0.418880
v -1.225631 3.236563 -0.534984
v -1.211471 3.195718 -0.533706
v -1.202403 3.196028 -0.419959
v -1.196068 3.195132 -0.303640
v -1.215771 3.195464 -0.302510
v -1.215109 3.234936 -0.302548
v -1.221212 3.233708 -0.418880
v -1.195405 3.234604 -0.303678
v -1.202403 3.233708 -0.419959
v -1.206511 3.234019 -0.536080
v -1.202788 3.482987 -0.047588
v -1.206466 3.485219 -0.161644
v -1.197590 3.444685 -0.045797
v -1.183668 3.485530 -0.048684
v -1.187657 3.485219 -0.162723
v -1.194655 3.486115 -0.279003
v -1.214359 3.485784 -0.277874
v -1.213696 3.446312 -0.277912
v -1.206466 3.447540 -0.161644
v -1.193992 3.446644 -0.279042
v -1.187657 3.447540 -0.162723
v -1.178470 3.447229 -0.046893
v -1.202788 3.232260 -0.047588
v -1.206467 3.234492 -0.161644
v -1.197590 3.193958 -0.045797
v -1.214359 3.235056 -0.277874
v -1.213696 3.195584 -0.277912
v -1.206467 3.196812 -0.161644
v -1.193993 3.195916 -0.279042
v -1.187658 3.196812 -0.162723
v -1.178470 3.196501 -0.046893
v -1.273029 4.201981 -2.227330
v -1.273031 2.493575 -2.227330
v -1.294751 2.348703 -1.295686
v -1.351979 2.348702 -2.294047
v -1.351979 2.498703 -2.294047
v -1.144997 2.498703 -1.304270
v -1.202225 2.348702 -2.302631
v -1.202225 2.498703 -2.302631
v -1.224021 2.493575 -1.372331
v -1.224019 4.201981 -1.372331
v -1.294751 2.498703 -1.295686
v -1.144997 2.348702 -1.304270
v -1.286733 2.480556 -2.163142
v -1.291109 2.582682 -2.239487
v -1.287398 2.480556 -2.239699
v -1.245827 4.212626 -1.449565
v -1.240630 4.128947 -1.358892
v -1.236918 4.212626 -1.359105
v -1.224229 4.128924 -1.359809
v -1.270332 2.480533 -2.164059
v -1.270997 2.480533 -2.240617
v -1.274708 2.582659 -2.240404
v -1.229426 4.212603 -1.450482
v -1.220517 4.212603 -1.360022
v 0.610493 4.201710 -2.414496
v -1.236476 4.201712 -2.308627
v 0.610491 2.493511 -2.414496
v -1.236478 2.493514 -2.308627
v -1.303346 2.348702 -2.229671
v -1.311930 2.348702 -2.379425
v 0.684792 2.348700 -2.493879
v 0.684793 2.498700 -2.493879
v -1.303346 2.498703 -2.229671
v -1.311930 2.498703 -2.379425
v 0.693376 2.348700 -2.344124
v 0.693377 2.498700 -2.344125
v -1.307638 2.348702 -2.304548
v -1.307638 2.498703 -2.304548
v 0.689084 2.348700 -2.419002
v 0.689085 2.498700 -2.419002
v 0.918097 4.201979 1.511153
v 0.918095 2.493573 1.511153
v 0.939815 2.348700 0.579510
v 0.997042 2.348700 1.577871
v 0.997042 2.498700 1.577871
v 0.790061 2.498700 0.588094
v 0.847288 2.348700 1.586455
v 0.847288 2.498700 1.586455
v 0.869085 2.493573 0.656155
v 0.869087 4.201979 0.656155
v 0.939815 2.498700 0.579510
v 0.790060 2.348700 0.588094
v 0.931796 2.480554 1.446965
v 0.936172 2.582680 1.523310
v 0.932461 2.480554 1.523523
v 0.890895 4.212624 0.733388
v 0.885698 4.128944 0.642716
v 0.881986 4.212624 0.642928
v 0.869297 4.128922 0.643633
v 0.915395 2.480531 1.447882
v 0.916060 2.480531 1.524440
v 0.919772 2.582657 1.524228
v 0.874495 4.212600 0.734306
v 0.865586 4.212600 0.643846
v 0.850452 4.201710 0.505781
v 0.744582 4.201710 -1.341188
v 0.850450 2.493511 0.505781
v 0.744580 2.493511 -1.341188
v 0.665624 2.348700 -1.408056
v 0.815378 2.348700 -1.416640
v 0.929832 2.348700 0.580083
v 0.929832 2.498700 0.580083
v 0.665624 2.498700 -1.408056
v 0.815378 2.498700 -1.416640
v 0.780078 2.348700 0.588667
v 0.780078 2.498700 0.588667
v 0.817608 2.997126 -0.679283
v 0.847368 2.997126 -0.160089
v 0.823422 3.717149 -0.577867
v 0.817608 3.612638 -0.679283
v 0.819311 3.684468 -0.649579
v 0.847369 3.612638 -0.160089
v 0.841556 3.717149 -0.261505
v 0.845667 3.684468 -0.189793
v 0.804899 3.011820 -0.067514
v 0.915144 3.004816 -0.770929
v 0.771019 3.016541 -0.762667
v 0.950962 2.921259 -0.075886
v 0.950962 3.011819 -0.075886
v 0.760827 2.928263 -0.766199
v 0.804899 2.921260 -0.067514
v 0.904952 2.916538 -0.774460
v 0.793993 2.924899 -0.417494
v 0.787958 3.001073 -0.417148
v 0.921805 3.008180 -0.424821
v 0.927840 2.932006 -0.425167
v 0.802080 2.929735 -0.242655
v 0.802080 3.003345 -0.242655
v 0.933750 3.003344 -0.250203
v 0.933750 2.929734 -0.250203
v 0.913718 3.003344 -0.599660
v 0.913718 2.929734 -0.599660
v 0.782048 2.929735 -0.592112
v 0.782049 3.003345 -0.592112
v 0.808841 3.699291 -0.059989
v 0.916641 3.695631 -0.778689
v 0.775312 3.704461 -0.770587
v 0.952509 3.611622 -0.068225
v 0.952509 3.699291 -0.068225
v 0.763052 3.616854 -0.774092
v 0.808841 3.611623 -0.059989
v 0.904381 3.608023 -0.782193
v 0.799383 3.699727 -0.417811
v 0.792097 3.776561 -0.417393
v 0.921619 3.777181 -0.424818
v 0.928304 3.705080 -0.425201
v 0.807292 3.678403 -0.239082
v 0.807292 3.753306 -0.239082
v 0.933584 3.753305 -0.246321
v 0.933584 3.678403 -0.246321
v 0.913109 3.753305 -0.603511
v 0.913109 3.678403 -0.603511
v 0.786817 3.678403 -0.596272
v 0.786817 3.753305 -0.596272
v 0.809746 2.992966 -0.117073
v 0.886800 3.658862 -0.127674
v 0.816061 3.658862 -0.114809
v 0.880542 2.992966 -0.191024
v 0.884535 2.992966 -0.121360
v 0.803490 3.661859 -0.180422
v 0.805753 2.992966 -0.186737
v 0.874228 3.661859 -0.193288
v 0.811643 3.327645 -0.187137
v 0.809346 3.327646 -0.122962
v 0.878646 3.327645 -0.120960
v 0.880943 3.327645 -0.185134
v 0.804368 3.160306 -0.187972
v 0.808512 3.160306 -0.115688
v 0.885920 3.160306 -0.120125
v 0.881777 3.160306 -0.192409
v 0.885921 3.494985 -0.120125
v 0.881777 3.494985 -0.192409
v 0.804369 3.494985 -0.187972
v 0.808512 3.494985 -0.115688
v 0.775609 2.992966 -0.657523
v 0.859163 3.658862 -0.669056
v 0.782494 3.658862 -0.655054
v 0.852339 2.992965 -0.738131
v 0.856693 2.992965 -0.662170
v 0.768787 3.661859 -0.726598
v 0.771254 2.992966 -0.733483
v 0.845455 3.661859 -0.740600
v 0.771546 3.327645 -0.732038
v 0.777054 3.327646 -0.657814
v 0.856403 3.327645 -0.663616
v 0.850894 3.327645 -0.737840
v 0.769745 3.160306 -0.734829
v 0.774263 3.160306 -0.656013
v 0.858204 3.160305 -0.660824
v 0.853686 3.160305 -0.739641
v 0.854031 3.494985 -0.664546
v 0.849965 3.494985 -0.735467
v 0.773919 3.494985 -0.731108
v 0.777984 3.494985 -0.660186
v 0.861534 3.702873 -0.398275
v 0.857244 3.000433 -0.447486
v 0.860344 3.000433 -0.393405
v 0.853682 3.706034 -0.449321
v 0.860179 3.353480 -0.394437
v 0.856506 3.353480 -0.447296
v 0.861135 3.176957 -0.392431
v 0.857919 3.176957 -0.448545
v 0.858950 3.530003 -0.395125
v 0.856056 3.530003 -0.445619
v 0.835390 3.706034 -0.444853
v 0.840213 3.000433 -0.403672
v 0.842612 3.702873 -0.404805
v 0.837766 3.000433 -0.446370
v 0.827508 3.353480 -0.445187
v 0.830538 3.353480 -0.403546
v 0.827736 3.176957 -0.446815
v 0.830284 3.176957 -0.402369
v 0.830168 3.530003 -0.404393
v 0.827898 3.530003 -0.444005
v 0.865670 3.450456 -0.182993
v 0.856292 3.448223 -0.296723
v 0.860711 3.488757 -0.180619
v 0.846551 3.447912 -0.181897
v 0.837483 3.448223 -0.295645
v 0.831148 3.447327 -0.411963
v 0.850851 3.447659 -0.413093
v 0.850189 3.487131 -0.413054
v 0.856292 3.485903 -0.296723
v 0.830485 3.486799 -0.411925
v 0.837483 3.485903 -0.295645
v 0.841591 3.486214 -0.179523
v 0.865670 3.198258 -0.182993
v 0.856291 3.196026 -0.296723
v 0.860711 3.236560 -0.180619
v 0.846550 3.195715 -0.181897
v 0.837482 3.196026 -0.295645
v 0.831147 3.195130 -0.411963
v 0.850851 3.195462 -0.413093
v 0.850188 3.234934 -0.413054
v 0.856291 3.233706 -0.296723
v 0.830485 3.234602 -0.411925
v 0.837483 3.233706 -0.295645
v 0.841591 3.234017 -0.179523
v 0.837868 3.482984 -0.668015
v 0.841547 3.485217 -0.553958
v 0.832670 3.444682 -0.669806
v 0.818749 3.485528 -0.666919
v 0.822738 3.485217 -0.552880
v 0.829736 3.486113 -0.436599
v 0.849439 3.485781 -0.437729
v 0.848776 3.446309 -0.437691
v 0.841547 3.447537 -0.553958
v 0.829073 3.446641 -0.436562
v 0.822738 3.447537 -0.552880
v 0.813550 3.447226 -0.668710
v 0.837868 3.232257 -0.668015
v 0.841546 3.234489 -0.553958
v 0.832670 3.193955 -0.669806
v 0.849439 3.235054 -0.437729
v 0.848776 3.195582 -0.437691
v 0.841546 3.196810 -0.553958
v 0.829073 3.195914 -0.436561
v 0.822737 3.196810 -0.552880
v 0.813550 3.196499 -0.668710
v 0.722983 4.201979 -1.482587
v 0.722981 2.493573 -1.482587
v 0.744700 2.348700 -2.414231
v 0.801928 2.348700 -1.415870
v 0.801928 2.498700 -1.415870
v 0.594947 2.498700 -2.405647
v 0.652174 2.348700 -1.407286
v 0.652174 2.498700 -1.407286
v 0.673971 2.493573 -2.337586
v 0.673973 4.201979 -2.337586
v 0.744701 2.498700 -2.414231
v 0.594946 2.348700 -2.405647
v 0.736682 2.480554 -1.546776
v 0.741058 2.582680 -1.470430
v 0.737347 2.480554 -1.470218
v 0.695781 4.212624 -2.260352
v 0.690584 4.128944 -2.351025
v 0.686872 4.212624 -2.350812
v 0.674183 4.128922 -2.350108
v 0.720281 2.480531 -1.545858
v 0.720946 2.480531 -1.469300
v 0.724658 2.582657 -1.469513
v 0.679380 4.212600 -2.259435
v 0.670471 4.212600 -2.349895
v -1.303394 4.149627 -1.249371
v -2.869476 3.458505 -1.159602
v -1.303396 2.452249 -1.249371
v -2.869477 2.452251 -1.159602
v -2.978702 2.307440 -1.080981
v -2.986971 2.307440 -1.225227
v -1.238716 2.307437 -1.325438
v -1.238716 2.457438 -1.325438
v -2.978702 2.457440 -1.080981
v -2.986971 2.457440 -1.225227
v -1.230448 2.307437 -1.181192
v -1.230448 2.457438 -1.181192
v -1.193059 4.149628 0.675488
v -2.759141 3.458506 0.765257
v -1.193061 2.452249 0.675488
v -2.759143 2.452251 0.765257
v -2.876636 2.307440 0.699631
v -2.868368 2.307440 0.843878
v -1.120113 2.307438 0.743666
v -1.120113 2.457438 0.743666
v -2.876636 2.457440 0.699631
v -2.868368 2.457440 0.843878
v -1.128382 2.307438 0.599420
v -1.128382 2.457438 0.599420
v -2.968350 2.307440 -1.133814
v -2.845269 2.457440 -1.140869
v -2.968350 2.457440 -1.133814
v -2.845269 2.307440 -1.140869
v -2.915400 2.307440 -0.210052
v -2.856514 2.307440 0.817257
v -2.856514 2.457440 0.817257
v -2.792318 2.457440 -0.217107
v -2.733432 2.307440 0.810202
v -2.733432 2.457440 0.810202
v -2.915400 2.457440 -0.210052
v -2.792318 2.307440 -0.217107
v -2.937838 3.480610 -1.135563
v -2.827771 3.480610 0.784631
v -2.937840 2.449294 -1.135563
v -2.827773 2.449294 0.784631
v -2.958672 2.406176 -1.099570
v -2.856917 2.406176 -1.209484
v -2.964618 2.406176 -1.203310
v -2.850971 2.406176 -1.105744
v -2.958671 2.917276 -1.099571
v -2.958671 3.443933 -1.099571
v -2.964617 3.443933 -1.203311
v -2.856917 2.917276 -1.209484
v -2.850970 3.443932 -1.105744
v -2.856916 3.443932 -1.209484
v -2.964618 2.917276 -1.203311
v -2.850971 2.917276 -1.105744
v -2.848524 2.406176 0.822040
v -2.746769 2.406176 0.712126
v -2.854470 2.406176 0.718300
v -2.740823 2.406176 0.815866
v -2.848523 2.917276 0.822040
v -2.848523 3.443933 0.822040
v -2.854469 3.443933 0.718300
v -2.746769 2.917276 0.712126
v -2.740822 3.443933 0.815866
v -2.746768 3.443933 0.712126
v -2.854470 2.917276 0.718300
v -2.740822 2.917276 0.815866
v -3.040650 3.506877 0.869965
v -3.048467 3.500902 0.692119
v -1.218623 4.278450 0.736351
v -1.235419 4.258430 0.589670
v -2.971740 3.335246 0.872190
v -2.979557 3.329271 0.694344
v -1.161028 4.135563 0.748085
v -1.177825 4.115543 0.601403
v -1.496094 4.133096 0.763864
v -1.766703 4.019269 0.771867
v -2.041081 3.901840 0.803686
v -2.339678 3.780070 0.810339
v -2.633161 3.631319 0.834703
v -2.646910 3.646638 0.703234
v -2.347293 3.780045 0.677548
v -2.055964 3.914755 0.664389
v -1.773672 4.019269 0.650296
v -1.503858 4.133093 0.627322
v -2.583254 3.503787 0.815788
v -2.288458 3.651762 0.807403
v -1.990806 3.765872 0.786801
v -1.711211 3.880258 0.768686
v -1.443443 4.001283 0.760846
v -1.451206 4.001280 0.624303
v -1.718114 3.880254 0.647112
v -2.005689 3.778787 0.647505
v -2.296073 3.651737 0.674612
v -2.597003 3.519105 0.684319
v -2.885948 3.457125 0.767314
v -2.989100 3.460337 -1.156381
v -2.936890 3.459018 -0.194570
v -2.140425 3.844741 -1.205027
v -1.325319 4.182612 -1.251750
v -2.085303 3.844741 -0.243383
v -2.030181 3.844741 0.718261
v -1.270197 4.182613 -0.290106
v -1.215075 4.182613 0.671538
v -2.935391 3.460709 -0.233777
v -2.958511 3.451645 -0.286870
v -2.942156 3.460738 -0.352914
v -2.960673 3.454490 -0.434503
v -2.948247 3.461908 -0.504375
v -2.963604 3.458238 -0.630477
v -2.951373 3.465706 -0.705676
v -2.990912 3.449135 -0.755132
v -2.971503 3.460052 -0.838335
v -2.971920 3.462491 -0.939887
v -2.993786 3.453940 -0.990936
v -2.987103 3.459890 -1.104280
v -2.880847 3.461559 0.684954
v -2.913028 3.448361 0.633548
v -2.895265 3.460603 0.470359
v -2.913309 3.453727 0.421252
v -2.906092 3.462263 0.217319
v -2.930880 3.452991 0.143171
v -2.922935 3.458699 0.061223
v -2.924063 3.460743 -0.037473
v -2.957671 3.446799 -0.084945
v -2.938528 3.457238 -0.154362
v -2.784582 3.503038 0.761503
v -2.894826 3.503038 -1.161784
v -2.839704 3.503038 -0.200141
v -3.142157 3.482069 -1.070961
v -3.149257 3.478249 -1.221179
v -1.327535 4.257515 -1.163690
v -1.344325 4.278435 -1.310256
v -3.084012 3.337096 -1.070365
v -3.091112 3.333276 -1.220583
v -1.272042 4.115558 -1.188612
v -1.288832 4.136478 -1.335178
v -1.606592 4.133097 -1.163835
v -1.874849 4.012538 -1.161873
v -2.158157 3.908073 -1.151573
v -2.450417 3.778387 -1.117346
v -2.744717 3.623950 -1.092935
v -2.758468 3.639251 -1.224404
v -2.458032 3.778362 -1.250138
v -2.156804 3.887598 -1.271210
v -1.881143 4.012538 -1.271671
v -1.614356 4.133093 -1.300378
v -2.694790 3.496551 -1.111851
v -2.399189 3.650135 -1.120282
v -2.110962 3.793029 -1.132999
v -1.824730 3.886988 -1.164746
v -1.553941 4.001284 -1.166854
v -1.561704 4.001280 -1.303396
v -1.830965 3.886985 -1.274548
v -2.109609 3.772553 -1.252636
v -2.406804 3.650110 -1.253075
v -2.708542 3.511852 -1.243320
v -2.774593 3.557498 -1.168676
v -2.664349 3.557498 0.754611
v -2.719471 3.557498 -0.207033
v -2.898944 2.570538 0.069110
v -2.928705 2.570538 -0.450083
v -2.904757 3.290561 -0.032306
v -2.898944 3.186050 0.069110
v -2.900646 3.257880 0.039406
v -2.928705 3.186050 -0.450084
v -2.922891 3.290561 -0.348667
v -2.927002 3.257880 -0.420379
v -2.886235 2.585232 -0.542659
v -2.996480 2.578228 0.160756
v -2.852355 2.589953 0.152495
v -3.032299 2.494672 -0.534286
v -3.032299 2.585232 -0.534286
v -2.842164 2.501675 0.156026
v -2.886235 2.494672 -0.542659
v -2.986289 2.489951 0.164288
v -2.875329 2.498311 -0.192678
v -2.869294 2.574486 -0.193024
v -3.003142 2.581593 -0.185352
v -3.009177 2.505418 -0.185006
v -2.883416 2.503147 -0.367517
v -2.883416 2.576757 -0.367517
v -3.015086 2.576757 -0.359970
v -3.015086 2.503147 -0.359970
v -2.995055 2.576757 -0.010513
v -2.995055 2.503147 -0.010513
v -2.863385 2.503147 -0.018060
v -2.863385 2.576757 -0.018060
v -2.890176 3.272703 -0.550183
v -2.997976 3.269043 0.168516
v -2.856647 3.277874 0.160415
v -3.033844 3.185035 -0.541948
v -3.033844 3.272703 -0.541948
v -2.844387 3.190266 0.163919
v -2.890176 3.185035 -0.550183
v -2.985716 3.181436 0.172020
v -2.880718 3.273140 -0.192362
v -2.873432 3.349973 -0.192780
v -3.002954 3.350594 -0.185355
v -3.009639 3.278492 -0.184972
v -2.888627 3.251816 -0.371091
v -2.888627 3.326718 -0.371091
v -3.014919 3.326718 -0.363851
v -3.014919 3.251816 -0.363851
v -2.994444 3.326718 -0.006661
v -2.994444 3.251816 -0.006661
v -2.868152 3.251816 -0.013901
v -2.868152 3.326718 -0.013901
v -2.891083 2.566378 -0.493100
v -2.968135 3.232275 -0.482498
v -2.897396 3.232275 -0.495363
v -2.961878 2.566378 -0.419148
v -2.965872 2.566378 -0.488812
v -2.884825 3.235271 -0.429750
v -2.887090 2.566378 -0.423436
v -2.955563 3.235271 -0.416885
v -2.892979 2.901058 -0.423036
v -2.890682 2.901058 -0.487210
v -2.959981 2.901057 -0.489213
v -2.962278 2.901057 -0.425038
v -2.885705 2.733718 -0.422201
v -2.889848 2.733718 -0.494485
v -2.967256 2.733718 -0.490047
v -2.963113 2.733718 -0.417764
v -2.967256 3.068397 -0.490047
v -2.963113 3.068397 -0.417764
v -2.885705 3.068398 -0.422201
v -2.889848 3.068398 -0.494485
v -2.856945 2.566378 0.047351
v -2.940498 3.232275 0.058883
v -2.863829 3.232275 0.044882
v -2.933676 2.566378 0.127959
v -2.938030 2.566378 0.051998
v -2.850122 3.235271 0.116426
v -2.852591 2.566378 0.123311
v -2.926790 3.235271 0.130427
v -2.852882 2.901058 0.121865
v -2.858390 2.901058 0.047642
v -2.937738 2.901057 0.053443
v -2.932230 2.901057 0.127667
v -2.851081 2.733718 0.124657
v -2.855599 2.733718 0.045840
v -2.939540 2.733718 0.050652
v -2.935022 2.733718 0.129468
v -2.935366 3.068397 0.054373
v -2.931300 3.068397 0.125295
v -2.855254 3.068398 0.120936
v -2.859319 3.068398 0.050014
v -2.942869 3.276286 -0.211898
v -2.938581 2.573845 -0.162686
v -2.941681 2.573845 -0.216767
v -2.935017 3.279447 -0.160852
v -2.941515 2.926892 -0.215735
v -2.937842 2.926892 -0.162877
v -2.942472 2.750369 -0.217742
v -2.939255 2.750369 -0.161627
v -2.940285 3.103415 -0.215047
v -2.937391 3.103415 -0.164554
v -2.916725 3.279447 -0.165320
v -2.921550 2.573845 -0.206500
v -2.923947 3.276286 -0.205368
v -2.919102 2.573845 -0.163803
v -2.908844 2.926892 -0.164985
v -2.911874 2.926892 -0.206626
v -2.909073 2.750369 -0.163357
v -2.911620 2.750369 -0.207804
v -2.911504 3.103415 -0.205780
v -2.909233 3.103415 -0.166168
v -2.947006 3.023868 -0.427180
v -2.937628 3.021635 -0.313450
v -2.942046 3.062170 -0.429554
v -2.927886 3.021324 -0.428276
v -2.918818 3.021635 -0.314528
v -2.912483 3.020739 -0.198210
v -2.932187 3.021071 -0.197080
v -2.931524 3.060543 -0.197118
v -2.937627 3.059315 -0.313450
v -2.911820 3.060211 -0.198247
v -2.918818 3.059315 -0.314528
v -2.922927 3.059626 -0.430650
v -2.947006 2.771671 -0.427180
v -2.937628 2.769438 -0.313450
v -2.942047 2.809972 -0.429554
v -2.927887 2.769127 -0.428276
v -2.918819 2.769438 -0.314528
v -2.912484 2.768542 -0.198210
v -2.932187 2.768874 -0.197080
v -2.931525 2.808346 -0.197118
v -2.937628 2.807118 -0.313450
v -2.911821 2.808014 -0.198247
v -2.918819 2.807118 -0.314528
v -2.922927 2.807429 -0.430650
v -2.919204 3.056396 0.057842
v -2.922882 3.058629 -0.056214
v -2.914006 3.018095 0.059634
v -2.900084 3.058940 0.056746
v -2.904073 3.058629 -0.057292
v -2.911071 3.059525 -0.173573
v -2.930774 3.059193 -0.172444
v -2.930112 3.019721 -0.172482
v -2.922883 3.020949 -0.056214
v -2.910408 3.020053 -0.173611
v -2.904073 3.020949 -0.057292
v -2.894886 3.020638 0.058538
v -2.919204 2.805669 0.057842
v -2.922883 2.807901 -0.056214
v -2.914006 2.767367 0.059634
v -2.930775 2.808466 -0.172444
v -2.930112 2.768994 -0.172482
v -2.922883 2.770222 -0.056214
v -2.910409 2.769326 -0.173611
v -2.904074 2.770222 -0.057292
v -2.894886 2.769911 0.058538
v -2.961229 3.369714 -1.194743
v -2.859305 3.471806 -1.200586
v -2.961229 3.471806 -1.194743
v -2.859305 3.369714 -1.200586
v -2.907944 3.369714 -0.265159
v -2.851560 3.369715 0.718506
v -2.851560 3.471806 0.718506
v -2.806020 3.471805 -0.271001
v -2.749637 3.369715 0.712664
v -2.749636 3.471806 0.712664
v -2.907944 3.471806 -0.265159
v -2.806021 3.369714 -0.271001
v 0.802997 2.352121 0.508501
v 0.697127 2.352121 -1.338468
v 0.802995 0.643922 0.508501
v 0.697125 0.643922 -1.338468
v 0.618169 0.499111 -1.405335
v 0.767923 0.499110 -1.413919
v 0.882376 0.499111 0.582803
v 0.882377 0.649111 0.582803
v 0.618169 0.649111 -1.405335
v 0.767923 0.649110 -1.413919
v 0.732622 0.499111 0.591387
v 0.732623 0.649111 0.591387
v 0.770152 1.147537 -0.676562
v 0.799913 1.147537 -0.157369
v 0.775966 1.867559 -0.575146
v 0.770153 1.763049 -0.676562
v 0.771856 1.834878 -0.646858
v 0.799914 1.763049 -0.157369
v 0.794101 1.867559 -0.258785
v 0.798211 1.834878 -0.187073
v 0.757443 1.162230 -0.064793
v 0.867688 1.155226 -0.768208
v 0.723563 1.166951 -0.759947
v 0.903506 1.071670 -0.073166
v 0.903506 1.162230 -0.073166
v 0.713371 1.078674 -0.763479
v 0.757443 1.071670 -0.064793
v 0.857497 1.066949 -0.771740
v 0.746537 1.075309 -0.414774
v 0.740502 1.151484 -0.414428
v 0.874350 1.158591 -0.422100
v 0.880385 1.082416 -0.422446
v 0.754624 1.080145 -0.239935
v 0.754624 1.153755 -0.239935
v 0.886294 1.153755 -0.247482
v 0.886294 1.080145 -0.247482
v 0.866263 1.153755 -0.596940
v 0.866263 1.080145 -0.596940
v 0.734593 1.080145 -0.589392
v 0.734593 1.153755 -0.589392
v 0.761385 1.849701 -0.057269
v 0.869185 1.846041 -0.775968
v 0.727856 1.854872 -0.767867
v 0.905054 1.762033 -0.065504
v 0.905054 1.849701 -0.065504
v 0.715596 1.767265 -0.771372
v 0.761385 1.762034 -0.057269
v 0.856925 1.758434 -0.779473
v 0.751927 1.850138 -0.415091
v 0.744642 1.926972 -0.414673
v 0.874164 1.927592 -0.422097
v 0.880849 1.855490 -0.422480
v 0.759836 1.828814 -0.236362
v 0.759836 1.903716 -0.236362
v 0.886128 1.903716 -0.243601
v 0.886128 1.828814 -0.243601
v 0.865654 1.903716 -0.600791
v 0.865654 1.828814 -0.600791
v 0.739362 1.828814 -0.593552
v 0.739362 1.903716 -0.593552
v 0.762291 1.143376 -0.114352
v 0.839344 1.809273 -0.124954
v 0.768606 1.809273 -0.112088
v 0.833086 1.143376 -0.188304
v 0.837080 1.143376 -0.118639
v 0.756034 1.812270 -0.177702
v 0.758298 1.143376 -0.184016
v 0.826773 1.812270 -0.190567
v 0.764188 1.478056 -0.184417
v 0.761891 1.478056 -0.120242
v 0.831190 1.478056 -0.118239
v 0.833487 1.478056 -0.182414
v 0.756913 1.310716 -0.185251
v 0.761056 1.310716 -0.112968
v 0.838464 1.310716 -0.117405
v 0.834321 1.310716 -0.189688
v 0.838465 1.645396 -0.117405
v 0.834321 1.645396 -0.189688
v 0.756913 1.645396 -0.185251
v 0.761057 1.645396 -0.112968
v 0.728153 1.143376 -0.654802
v 0.811707 1.809273 -0.666335
v 0.735039 1.809273 -0.652334
v 0.804884 1.143376 -0.735410
v 0.809238 1.143376 -0.659450
v 0.721331 1.812270 -0.723878
v 0.723799 1.143376 -0.730763
v 0.798000 1.812269 -0.737879
v 0.724091 1.478056 -0.729317
v 0.729599 1.478056 -0.655094
v 0.808947 1.478056 -0.660896
v 0.803439 1.478056 -0.735119
v 0.722289 1.310716 -0.732109
v 0.726807 1.310716 -0.653292
v 0.810748 1.310716 -0.658104
v 0.806230 1.310716 -0.736921
v 0.806575 1.645396 -0.661825
v 0.802510 1.645396 -0.732747
v 0.726463 1.645396 -0.728388
v 0.730529 1.645396 -0.657466
v 0.814079 1.853284 -0.395555
v 0.809789 1.150844 -0.444766
v 0.812889 1.150844 -0.390685
v 0.806226 1.856445 -0.446601
v 0.812723 1.503891 -0.391717
v 0.809050 1.503891 -0.444576
v 0.813680 1.327367 -0.389711
v 0.810463 1.327367 -0.445825
v 0.811494 1.680414 -0.392405
v 0.808600 1.680414 -0.442899
v 0.787934 1.856445 -0.442132
v 0.792757 1.150844 -0.400952
v 0.795157 1.853284 -0.402085
v 0.790310 1.150844 -0.443650
v 0.780053 1.503891 -0.442467
v 0.783082 1.503891 -0.400826
v 0.780281 1.327367 -0.444095
v 0.782828 1.327367 -0.399648
v 0.782713 1.680414 -0.401673
v 0.780442 1.680414 -0.441285
v 0.818215 1.600866 -0.180272
v 0.808836 1.598634 -0.294002
v 0.813255 1.639168 -0.177898
v 0.799095 1.598323 -0.179177
v 0.790027 1.598634 -0.292924
v 0.783692 1.597738 -0.409243
v 0.803396 1.598070 -0.410372
v 0.802733 1.637542 -0.410334
v 0.808836 1.636313 -0.294002
v 0.783030 1.637210 -0.409205
v 0.790027 1.636313 -0.292924
v 0.794136 1.636625 -0.176803
v 0.818214 1.348669 -0.180272
v 0.808836 1.346437 -0.294002
v 0.813255 1.386971 -0.177898
v 0.799095 1.346126 -0.179177
v 0.790027 1.346437 -0.292924
v 0.783692 1.345540 -0.409243
v 0.803395 1.345872 -0.410372
v 0.802733 1.385344 -0.410334
v 0.808836 1.384116 -0.294002
v 0.783029 1.385012 -0.409205
v 0.790027 1.384116 -0.292924
v 0.794135 1.384427 -0.176802
v 0.790413 1.633395 -0.665295
v 0.794091 1.635627 -0.551238
v 0.785214 1.595093 -0.667086
v 0.771293 1.635938 -0.664199
v 0.775282 1.635627 -0.550160
v 0.782280 1.636523 -0.433879
v 0.801984 1.636192 -0.435009
v 0.801321 1.596720 -0.434971
v 0.794091 1.597948 -0.551238
v 0.781617 1.597052 -0.433841
v 0.775282 1.597948 -0.550160
v 0.766095 1.597637 -0.665990
v 0.790412 1.382667 -0.665295
v 0.794091 1.384900 -0.551238
v 0.785214 1.344366 -0.667086
v 0.801983 1.385464 -0.435009
v 0.801321 1.345992 -0.434971
v 0.794091 1.347220 -0.551238
v 0.781617 1.346324 -0.433841
v 0.775282 1.347220 -0.550160
v 0.766095 1.346909 -0.665990
v -1.076480 -0.000887 1.728210
v -0.078118 0.499112 1.670983
v -1.076480 0.499113 1.728210
v -0.078119 -0.000888 1.670983
v 0.920242 -0.000889 1.613756
v 0.920243 0.499111 1.613756
v 0.689536 -0.000890 -2.411069
v -0.308824 0.499112 -2.353842
v 0.689537 0.499110 -2.411068
v -0.308825 -0.000888 -2.353842
v -1.307186 -0.000887 -2.296615
v -1.307186 0.499113 -2.296615
v -1.187862 -0.000887 -0.214919
v -1.130634 0.499113 0.783442
v -1.187861 0.499113 -0.214919
v -1.130635 -0.000887 0.783442
v -1.073408 -0.000887 1.781803
v -1.073408 0.499113 1.781803
v -1.302316 -0.000887 -2.211642
v -1.245088 0.499113 -1.213280
v -1.302315 0.499113 -2.211642
v -1.245089 -0.000887 -1.213280
v -1.187862 -0.000887 -0.214919
v -1.187861 0.499113 -0.214919
v 0.751634 -0.000889 -1.327734
v 0.694407 -0.000890 -2.326096
v 0.694408 0.499110 -2.326096
v 0.751634 0.499110 -1.327734
v 0.923315 -0.000889 1.667349
v 0.866088 -0.000889 0.668988
v 0.866088 0.499111 0.668988
v 0.923315 0.499111 1.667349
v 0.860292 -0.000889 0.567885
v 0.803066 -0.000889 -0.430476
v 0.803066 0.499110 -0.430476
v 0.860293 0.499111 0.567885
v 0.745839 -0.000889 -1.428837
v 0.745839 0.499110 -1.428837
v -1.136596 2.503607 1.785425
v -1.170538 0.003607 1.592961
v -1.158123 0.003607 1.809566
v -0.975453 2.503607 1.604685
v -1.146395 2.503607 1.614484
v -0.941518 0.003607 1.797150
v -0.965655 2.503607 1.775626
v -0.953934 0.003607 1.580545
v -0.971580 1.253607 1.770346
v -1.131317 1.253607 1.779502
v -1.140473 1.253607 1.619764
v -0.980736 1.253607 1.610608
v -1.146427 0.628607 1.604788
v -0.974034 0.628607 1.594907
v -0.963568 0.628607 1.777489
v -1.135962 0.628607 1.787371
v -1.154132 0.316107 1.607588
v -0.968560 0.316107 1.596950
v -0.957923 0.316107 1.782523
v -1.143496 0.316107 1.793160
v -0.980126 1.878607 1.762725
v -1.123696 1.878607 1.770955
v -1.131925 1.878607 1.627385
v -0.988356 1.878607 1.619156
v -1.193421 2.503607 0.794071
v -1.227363 0.003607 0.601607
v -1.214948 0.003607 0.818212
v -1.032279 2.503607 0.613331
v -1.203220 2.503607 0.623130
v -0.998343 0.003607 0.805796
v -1.022480 2.503607 0.784272
v -1.010759 0.003607 0.589191
v -1.028405 1.253607 0.778992
v -1.188142 1.253607 0.788148
v -1.197299 1.253607 0.628411
v -1.037561 1.253607 0.619254
v -1.203253 0.628607 0.613435
v -1.030859 0.628607 0.603553
v -1.020393 0.628607 0.786135
v -1.192787 0.628607 0.796017
v -1.210958 0.316107 0.616234
v -1.025385 0.316107 0.605597
v -1.014748 0.316107 0.791169
v -1.200321 0.316107 0.801806
v -1.036952 1.878607 0.771371
v -1.180521 1.878607 0.779601
v -1.188751 1.878607 0.636031
v -1.045181 1.878607 0.627802
v -1.307568 2.503607 -1.197289
v -1.341510 0.003607 -1.389752
v -1.329094 0.003607 -1.173147
v -1.146425 2.503607 -1.378028
v -1.317367 2.503607 -1.368229
v -1.112490 0.003607 -1.185564
v -1.136627 2.503607 -1.207087
v -1.124905 0.003607 -1.402168
v -1.142551 1.253607 -1.212367
v -1.302289 1.253607 -1.203211
v -1.311445 1.253607 -1.362948
v -1.151707 1.253607 -1.372105
v -1.317399 0.628607 -1.377924
v -1.145005 0.628607 -1.387806
v -1.134540 0.628607 -1.205224
v -1.306933 0.628607 -1.195342
v -1.325104 0.316107 -1.375125
v -1.139532 0.316107 -1.385763
v -1.128895 0.316107 -1.200190
v -1.314467 0.316107 -1.189553
v -1.151098 1.878607 -1.219988
v -1.294667 1.878607 -1.211758
v -1.302897 1.878607 -1.355328
v -1.159327 1.878607 -1.363558
v -1.364951 2.503607 -2.198377
v -1.398893 0.003607 -2.390841
v -1.386477 0.003607 -2.174236
v -1.203808 2.503607 -2.379116
v -1.374750 2.503607 -2.369318
v -1.169873 0.003607 -2.186652
v -1.194010 2.503607 -2.208175
v -1.182289 0.003607 -2.403256
v -1.199934 1.253607 -2.213455
v -1.359672 1.253607 -2.204299
v -1.368828 1.253607 -2.364037
v -1.209090 1.253607 -2.373193
v -1.374782 0.628607 -2.379013
v -1.202389 0.628607 -2.388895
v -1.191923 0.628607 -2.206312
v -1.364317 0.628607 -2.196430
v -1.382487 0.316107 -2.376214
v -1.196915 0.316107 -2.386851
v -1.186278 0.316107 -2.201279
v -1.371850 0.316107 -2.190641
v -1.208481 1.878607 -2.221076
v -1.352051 1.878607 -2.212846
v -1.360280 1.878607 -2.356416
v -1.216711 1.878607 -2.364646
v 0.836042 2.503605 1.672351
v 0.802100 0.003605 1.479887
v 0.814515 0.003605 1.696492
v 0.997185 2.503604 1.491611
v 0.826243 2.503605 1.501410
v 1.031120 0.003604 1.684076
v 1.006983 2.503604 1.662553
v 1.018704 0.003604 1.467471
v 1.001058 1.253604 1.657272
v 0.841321 1.253605 1.666429
v 0.832165 1.253604 1.506691
v 0.991902 1.253604 1.497535
v 0.826211 0.628605 1.491715
v 0.998604 0.628604 1.481833
v 1.009070 0.628604 1.664416
v 0.836676 0.628605 1.674298
v 0.818506 0.316105 1.494514
v 1.004078 0.316104 1.483877
v 1.014715 0.316104 1.669449
v 0.829143 0.316105 1.680087
v 0.992512 1.878604 1.649651
v 0.848942 1.878604 1.657881
v 0.840713 1.878604 1.514312
v 0.984282 1.878604 1.506082
v 0.778942 2.503605 0.676208
v 0.745000 0.003604 0.483743
v 0.757416 0.003604 0.700348
v 0.940085 2.503604 0.495468
v 0.769143 2.503605 0.505266
v 0.974020 0.003604 0.687932
v 0.949883 2.503604 0.666409
v 0.961604 0.003604 0.471327
v 0.943959 1.253604 0.661129
v 0.784221 1.253604 0.670285
v 0.775065 1.253604 0.510547
v 0.934803 1.253604 0.501391
v 0.769111 0.628605 0.495571
v 0.941504 0.628604 0.485690
v 0.951970 0.628604 0.668272
v 0.779577 0.628605 0.678154
v 0.761406 0.316105 0.498370
v 0.946978 0.316104 0.487733
v 0.957615 0.316104 0.673306
v 0.772043 0.316105 0.683943
v 0.942397 1.878604 0.659735
v 0.785615 1.878604 0.668722
v 0.776628 1.878604 0.511940
v 0.933410 1.878604 0.502954
v 0.664925 2.503604 -1.312887
v 0.630984 0.003604 -1.505351
v 0.643399 0.003604 -1.288746
v 0.826068 2.503604 -1.493627
v 0.655127 2.503604 -1.483828
v 0.860004 0.003604 -1.301162
v 0.835867 2.503604 -1.322686
v 0.847588 0.003604 -1.517766
v 0.829942 1.253604 -1.327966
v 0.670204 1.253604 -1.318810
v 0.661048 1.253604 -1.478547
v 0.820786 1.253604 -1.487703
v 0.655094 0.628604 -1.493523
v 0.827488 0.628604 -1.503405
v 0.837953 0.628604 -1.320822
v 0.665560 0.628604 -1.310941
v 0.647389 0.316104 -1.490724
v 0.832962 0.316104 -1.501361
v 0.843599 0.316104 -1.315789
v 0.658026 0.316104 -1.305151
v 0.828380 1.878604 -1.329360
v 0.671599 1.878604 -1.320373
v 0.662612 1.878604 -1.477154
v 0.819393 1.878604 -1.486141
v 0.607120 2.503604 -2.321337
v 0.573178 0.003604 -2.513800
v 0.585594 0.003604 -2.297196
v 0.768263 2.503604 -2.502077
v 0.597322 2.503604 -2.492278
v 0.802198 0.003604 -2.309612
v 0.778061 2.503604 -2.331136
v 0.789783 0.003604 -2.526216
v 0.772137 1.253604 -2.336415
v 0.612399 1.253604 -2.327259
v 0.603243 1.253604 -2.486997
v 0.762981 1.253604 -2.496153
v 0.597289 0.628604 -2.501973
v 0.769683 0.628604 -2.511855
v 0.780148 0.628604 -2.329272
v 0.607755 0.628604 -2.319390
v 0.589584 0.316104 -2.499174
v 0.775157 0.316104 -2.509811
v 0.785793 0.316104 -2.324239
v 0.600221 0.316104 -2.313601
v 0.770575 1.878604 -2.337810
v 0.613793 1.878604 -2.328823
v 0.604806 1.878604 -2.485604
v 0.761588 1.878604 -2.494591
v -1.118408 4.347294 1.780724
v -1.127567 2.493576 1.620987
v -1.118411 2.493576 1.780725
v -0.967827 4.347293 1.611830
v -1.127565 4.347294 1.620986
v -0.958673 2.493576 1.771568
v -0.958671 4.347293 1.771568
v -0.967829 2.493576 1.611830
v 0.785159 4.347291 0.677244
v 0.776000 2.493573 0.517506
v 0.785156 2.493573 0.677244
v 0.935740 4.347291 0.508349
v 0.776003 4.347291 0.517506
v 0.944894 2.493573 0.668087
v 0.944896 4.347291 0.668087
v 0.935738 2.493573 0.508349
v -1.175220 4.347294 0.789614
v -1.184378 2.493576 0.629876
v -1.175222 2.493576 0.789614
v -1.024638 4.347293 0.620720
v -1.184376 4.347294 0.629876
v -1.015485 2.493575 0.780458
v -1.015482 4.347293 0.780458
v -1.024641 2.493575 0.620720
v 0.670565 4.347291 -1.321918
v 0.661407 2.493573 -1.481655
v 0.670563 2.493573 -1.321918
v 0.821147 4.347291 -1.490811
v 0.661409 4.347291 -1.481655
v 0.830300 2.493573 -1.331074
v 0.830303 4.347291 -1.331074
v 0.821144 2.493573 -1.490811
v -1.289813 4.347293 -1.209546
v -1.298972 2.493576 -1.369284
v -1.289816 2.493576 -1.209546
v -1.139232 4.347293 -1.378440
v -1.298970 4.347293 -1.369284
v -1.130078 2.493575 -1.218702
v -1.130076 4.347293 -1.218703
v -1.139234 2.493575 -1.378440
v 0.612937 4.347291 -2.327290
v 0.603778 2.493573 -2.487028
v 0.612934 2.493573 -2.327290
v 0.763518 4.347291 -2.496184
v 0.603780 4.347291 -2.487028
v 0.772671 2.493573 -2.336446
v 0.772674 4.347291 -2.336446
v 0.763515 2.493573 -2.496184
v -1.347442 4.347293 -2.214919
v -1.356601 2.493575 -2.374657
v -1.347445 2.493576 -2.214919
v -1.196861 4.347293 -2.383813
v -1.356598 4.347293 -2.374657
v -1.187707 2.493575 -2.224076
v -1.187704 4.347293 -2.224076
v -1.196863 2.493575 -2.383813
v 0.994753 4.347291 1.499333
v 1.003906 2.493573 1.659071
v 0.994750 2.493573 1.499333
v 0.844171 4.347291 1.668227
v 1.003909 4.347291 1.659070
v 0.835013 2.493573 1.508489
v 0.835015 4.347291 1.508489
v 0.844169 2.493573 1.668227
v -2.859627 2.503609 0.840863
v -2.893569 0.003609 0.648398
v -2.881154 0.003609 0.865003
v -2.698485 2.503609 0.660123
v -2.869426 2.503609 0.669921
v -2.664549 0.003609 0.852587
v -2.688686 2.503609 0.831064
v -2.676965 0.003609 0.635983
v -2.694611 1.253609 0.825783
v -2.854348 1.253609 0.834940
v -2.863504 1.253609 0.675202
v -2.703767 1.253609 0.666046
v -2.869459 0.628609 0.660226
v -2.697065 0.628609 0.650344
v -2.686599 0.628609 0.832927
v -2.858993 0.628609 0.842809
v -2.877164 0.316109 0.663025
v -2.691591 0.316109 0.652388
v -2.680954 0.316109 0.837961
v -2.866527 0.316109 0.848598
v -2.703157 1.878609 0.818163
v -2.846727 1.878609 0.826392
v -2.854957 1.878609 0.682823
v -2.711387 1.878609 0.674593
v -2.796986 2.503609 -1.058307
v -2.989454 0.003609 -1.024368
v -2.772849 0.003609 -1.036783
v -2.977726 2.503609 -1.219449
v -2.967927 2.503609 -1.048508
v -2.785265 0.003609 -1.253388
v -2.806785 2.503609 -1.229248
v -3.001870 0.003609 -1.240972
v -2.812067 1.253609 -1.223325
v -2.802911 1.253609 -1.063587
v -2.962648 1.253609 -1.054431
v -2.971805 1.253609 -1.214169
v -2.977625 0.628609 -1.048477
v -2.987507 0.628609 -1.220871
v -2.804924 0.628609 -1.231337
v -2.795043 0.628609 -1.058943
v -2.974827 0.316109 -1.040773
v -2.985464 0.316109 -1.226345
v -2.799891 0.316109 -1.236983
v -2.789254 0.316109 -1.051410
v -2.819687 1.878609 -1.214777
v -2.811457 1.878609 -1.071208
v -2.955027 1.878609 -1.062978
v -2.963256 1.878609 -1.206548
v -0.215364 5.683554 0.669193
v -0.021905 5.683554 0.658103
v -0.215365 5.496175 0.669193
v -0.021905 5.496174 0.658103
v -1.188136 4.204607 0.724953
v -1.038382 4.354607 0.716369
v -1.188136 4.354608 0.724953
v -1.038382 4.204607 0.716369
v 0.961413 4.204605 0.601739
v 0.811659 4.354605 0.610323
v 0.961413 4.354605 0.601739
v 0.811659 4.204605 0.610323
v -0.265796 5.683554 -0.329559
v -0.072336 5.683553 -0.340648
v -0.265796 5.496935 -0.329559
v -0.072337 5.496935 -0.340648
v -0.329818 5.683554 -1.327530
v -0.136359 5.683554 -1.338620
v -0.329819 5.496175 -1.327530
v -0.136359 5.496174 -1.338620
v -1.245363 4.204607 -0.273409
v -1.302590 4.204607 -1.271770
v -1.302590 4.354607 -1.271770
v -1.095608 4.354607 -0.281993
v -1.152836 4.204607 -1.280354
v -1.152836 4.354607 -1.280354
v -1.245363 4.354608 -0.273409
v -1.095609 4.204607 -0.281993
v 0.904186 4.204605 -0.396622
v 0.846959 4.204605 -1.394984
v 0.846960 4.354605 -1.394984
v 0.754432 4.354605 -0.388038
v 0.697205 4.204605 -1.386400
v 0.697206 4.354605 -1.386400
v 0.904186 4.354605 -0.396622
v 0.754432 4.204605 -0.388038
v -0.233089 5.531840 -1.333075
v -0.175862 5.531841 -0.334714
v -0.849588 4.899845 -1.297737
v -0.792361 4.899845 -0.299375
v -0.118635 5.531841 0.663648
v -0.735134 4.899845 0.698986
v -1.474093 4.154243 -0.260298
v -1.414707 4.156605 0.737940
v -1.534418 4.150855 -1.258481
v -1.469005 4.157270 -0.219974
v -1.480609 4.141048 -0.162813
v -1.461867 4.157322 -0.096295
v -1.467190 4.146139 -0.010184
v -1.450949 4.159416 0.060685
v -1.449422 4.152848 0.192429
v -1.432783 4.166214 0.268818
v -1.456832 4.136556 0.323893
v -1.434099 4.156093 0.407815
v -1.424082 4.160460 0.512695
v -1.434973 4.145155 0.567618
v -1.418535 4.155805 0.683951
v -1.522293 4.158792 -1.173975
v -1.540734 4.135169 -1.117635
v -1.511081 4.157080 -0.950972
v -1.519358 4.144774 -0.898441
v -1.493318 4.160051 -0.688644
v -1.504009 4.143457 -0.609577
v -1.489835 4.153672 -0.525785
v -1.480631 4.157331 -0.423782
v -1.500520 4.132374 -0.371357
v -1.479385 4.151058 -0.301640
v -1.459282 4.233030 -1.262788
v -1.344828 4.233030 0.733934
v -1.402055 4.233030 -0.264427
v 1.068237 4.150851 -1.407669
v 1.177433 4.156601 0.589356
v 1.122365 4.154240 -0.409129
v 0.497863 4.899844 0.628309
v -0.118635 5.531841 0.663648
v 0.440636 4.899844 -0.370052
v 0.383409 4.899844 -1.368413
v -0.175862 5.531841 -0.334714
v -0.233089 5.531840 -1.333075
v 1.121918 4.157267 -0.368489
v 1.139978 4.141045 -0.313028
v 1.128960 4.157319 -0.244804
v 1.144088 4.146136 -0.159864
v 1.136051 4.159412 -0.087604
v 1.149588 4.152845 0.043451
v 1.141786 4.166211 0.121241
v 1.171971 4.136552 0.173208
v 1.158977 4.156089 0.259177
v 1.161009 4.160456 0.364515
v 1.178105 4.145152 0.417834
v 1.175068 4.155801 0.535284
v 1.065847 4.158788 -1.322331
v 1.090605 4.135166 -1.268466
v 1.080190 4.157076 -1.099505
v 1.094416 4.144771 -1.048265
v 1.092519 4.160048 -0.836867
v 1.112174 4.143453 -0.759539
v 1.107668 4.153668 -0.674676
v 1.110180 4.157328 -0.572289
v 1.135929 4.132371 -0.522480
v 1.122899 4.151054 -0.450805
v 0.993101 4.233027 -1.403362
v 1.107555 4.233027 0.593361
v 1.050328 4.233027 -0.405000
v -1.130875 4.356215 1.697415
v -0.055699 5.606214 1.635785
v 1.015602 4.356213 1.574377
v -0.128082 5.751441 1.600676
v -0.120320 5.751441 1.736099
v -1.430605 4.172685 1.682136
v -1.405223 4.158299 1.825370
v -0.024342 5.664249 1.594729
v -0.016579 5.664249 1.730152
v -1.329286 4.086452 1.653911
v -1.303904 4.072066 1.797145
v -1.075421 4.577569 1.652895
v -0.883670 4.824068 1.658162
v -0.674040 5.040600 1.619414
v -0.487908 5.269578 1.621140
v -0.308006 5.511368 1.753209
v -0.480127 5.269578 1.756885
v -0.678527 5.051277 1.763997
v -0.877527 4.824068 1.765328
v -1.067420 4.577569 1.792471
v -0.222912 5.432710 1.599760
v -0.383921 5.182179 1.615179
v -0.562882 4.947988 1.629697
v -0.786431 4.742341 1.652588
v -0.957317 4.478305 1.646125
v -0.949317 4.478305 1.785701
v -0.780288 4.742341 1.759754
v -0.567369 4.958663 1.774281
v -0.376140 5.182180 1.750924
v -0.194008 5.414969 1.733672
v -0.325681 5.519710 1.618653
v 1.360070 4.170181 1.487532
v 1.360533 4.162729 1.650804
v -0.002622 5.754364 1.553620
v 0.023363 5.768849 1.705292
v 1.234722 4.065386 1.483106
v 1.235186 4.057935 1.646378
v -0.118276 5.656075 1.582821
v -0.092292 5.670560 1.734492
v 0.184831 5.513121 1.559633
v 0.362370 5.278350 1.565967
v 0.565077 5.054374 1.557929
v 0.764193 4.809066 1.528374
v 0.960508 4.560462 1.509292
v 0.981078 4.571158 1.645420
v 0.772095 4.809066 1.666237
v 0.555300 5.040197 1.682614
v 0.368608 5.278350 1.674805
v 0.192899 5.513147 1.701388
v 0.856621 4.472347 1.531914
v 0.658584 4.720304 1.534428
v 0.469041 4.974719 1.541342
v 0.263667 5.195324 1.571625
v 0.076270 5.421842 1.565855
v 0.084338 5.421868 1.707611
v 0.269854 5.195348 1.680465
v 0.459265 4.960542 1.666027
v 0.666487 4.720304 1.672290
v 0.877192 4.483044 1.668042
v -0.171834 5.992050 1.789728
v 0.076435 5.992049 1.775497
v -0.171834 5.754079 1.789728
v 0.076434 5.754078 1.775497
v -0.164626 5.793087 1.284083
v -0.215365 5.683555 0.669193
v -0.021906 5.683554 0.658104
v 0.011496 5.793087 1.273987
v -0.215366 5.496175 0.669193
v -0.164329 5.614228 1.284837
v 0.011286 5.614228 1.274770
v -0.021906 5.496174 0.658104
v -1.130932 4.204732 1.723316
v -1.188159 4.204731 0.724955
v -1.188159 4.354732 0.724955
v -0.981178 4.354731 1.714732
v -1.038405 4.204731 0.716371
v -1.038405 4.354731 0.716371
v -1.130932 4.354732 1.723316
v -0.981178 4.204731 1.714732
v 1.018617 4.204729 1.600102
v 0.961390 4.204729 0.601741
v 0.961391 4.354729 0.601741
v 0.868863 4.354729 1.608686
v 0.811636 4.204729 0.610325
v 0.811637 4.354729 0.610325
v 1.018618 4.354729 1.600102
v 0.868863 4.204729 1.608686
v 0.862273 4.206212 1.520602
v 0.870857 4.206212 1.670356
v -0.976112 4.206214 1.776226
v -0.976111 4.356215 1.776226
v 0.862273 4.356212 1.520602
v 0.870857 4.356212 1.670356
v -0.984696 4.206214 1.626472
v -0.984695 4.356215 1.626472
v -0.061409 5.714592 1.662009
v -0.688173 4.930301 1.697936
v -0.118636 5.531841 0.663648
v -0.735135 4.899846 0.698987
v -1.365443 4.149937 1.736758
v -1.413564 4.157856 0.737875
v -1.409226 4.159003 0.835225
v -1.428046 4.134404 0.880567
v -1.394184 4.162087 1.050784
v -1.403268 4.148212 1.103091
v -1.383598 4.162087 1.235471
v -1.380549 4.160536 1.312232
v -1.404267 4.128290 1.388272
v -1.372058 4.157458 1.507103
v -1.364626 4.162045 1.567100
v -1.391219 4.127191 1.632599
v -1.364459 4.154438 1.685559
v -1.287649 4.239573 1.732299
v -1.344876 4.232979 0.733938
v -0.061409 5.714592 1.662009
v 0.565354 4.930299 1.626083
v -0.118636 5.531841 0.663648
v 0.497862 4.899844 0.628310
v 1.242622 4.149933 1.587261
v 1.176289 4.157852 0.589422
v 1.183102 4.159000 0.686630
v 1.206981 4.134401 0.729525
v 1.192791 4.162084 0.902496
v 1.207792 4.148209 0.953422
v 1.203377 4.162084 1.087183
v 1.209119 4.160532 1.163790
v 1.241372 4.128287 1.236621
v 1.222951 4.157455 1.358355
v 1.222423 4.162041 1.418808
v 1.256327 4.127188 1.480839
v 1.235793 4.154435 1.536510
v 1.164828 4.239569 1.591720
v 1.107601 4.232975 0.593359
v -0.290316 5.714592 -2.331436
v -0.917081 4.930301 -2.295509
v -0.233090 5.531841 -1.333075
v -0.849589 4.899846 -1.297736
v 0.779146 4.356212 -2.366841
v -0.296027 5.606214 -2.305212
v -1.367330 4.356215 -2.243803
v -0.223643 5.751440 -2.270103
v -0.231405 5.751440 -2.405526
v 1.060332 4.193820 -2.350035
v 1.035856 4.180186 -2.493078
v -0.327383 5.664248 -2.264156
v -0.335146 5.664249 -2.399579
v 0.958136 4.106907 -2.322931
v 0.933661 4.093273 -2.465973
v 0.723693 4.577566 -2.322321
v 0.531942 4.824065 -2.327588
v 0.322313 5.040599 -2.288840
v 0.136182 5.269577 -2.290565
v -0.043720 5.511366 -2.422636
v 0.128401 5.269577 -2.426311
v 0.326801 5.051275 -2.433424
v 0.525800 4.824065 -2.434754
v 0.715693 4.577566 -2.461897
v -0.128814 5.432710 -2.269186
v 0.032194 5.182178 -2.284605
v 0.211155 4.947986 -2.299123
v 0.434703 4.742338 -2.322013
v 0.605589 4.478303 -2.315551
v 0.597588 4.478303 -2.455127
v 0.428560 4.742338 -2.429180
v 0.215642 4.958662 -2.443707
v 0.024413 5.182178 -2.420350
v -0.157717 5.414969 -2.403099
v -0.026045 5.519709 -2.288079
v -1.687144 4.194266 -2.158301
v -1.688849 4.187935 -2.319898
v -0.349103 5.754364 -2.223047
v -0.375087 5.768849 -2.374718
v -1.563121 4.090501 -2.155543
v -1.564825 4.084169 -2.317140
v -0.233449 5.656075 -2.252247
v -0.259433 5.670560 -2.403919
v -0.536556 5.513121 -2.229059
v -0.714096 5.278351 -2.235394
v -0.916803 5.054375 -2.227355
v -1.115920 4.809068 -2.197800
v -1.312235 4.560464 -2.178717
v -1.332806 4.571160 -2.314845
v -1.123822 4.809068 -2.335662
v -0.907027 5.040198 -2.352039
v -0.720334 5.278351 -2.344231
v -0.544625 5.513148 -2.370814
v -1.208349 4.472350 -2.201340
v -1.010312 4.720306 -2.203854
v -0.820768 4.974720 -2.210768
v -0.615393 5.195325 -2.241051
v -0.427996 5.421842 -2.235282
v -0.436064 5.421869 -2.377037
v -0.621581 5.195349 -2.349891
v -0.810992 4.960544 -2.335453
v -1.018214 4.720306 -2.341716
v -1.228920 4.483046 -2.337468
v -0.179891 5.992049 -2.459155
v -0.428159 5.992050 -2.444924
v -0.179891 5.754078 -2.459155
v -0.428159 5.754079 -2.444924
v -0.187099 5.793086 -1.953509
v -0.136360 5.683554 -1.338620
v -0.329819 5.683555 -1.327530
v -0.363220 5.793087 -1.943413
v -0.136360 5.496174 -1.338620
v -0.187396 5.614227 -1.954263
v -0.363012 5.614228 -1.944197
v -0.329819 5.496175 -1.327530
v 0.779203 4.204729 -2.392742
v 0.836430 4.204729 -1.394381
v 0.836430 4.354729 -1.394381
v 0.629449 4.354729 -2.384158
v 0.686676 4.204729 -1.385797
v 0.686676 4.354729 -1.385797
v 0.779203 4.354728 -2.392742
v 0.629449 4.204729 -2.384158
v -1.370346 4.204731 -2.269527
v -1.313119 4.204731 -1.271166
v -1.313119 4.354731 -1.271166
v -1.220592 4.354731 -2.278111
v -1.163365 4.204731 -1.279750
v -1.163365 4.354731 -1.279750
v -1.370346 4.354731 -2.269527
v -1.220592 4.204731 -2.278111
v -1.214002 4.206214 -2.190028
v -1.222586 4.206214 -2.339782
v 0.624383 4.206212 -2.445652
v 0.624383 4.356212 -2.445652
v -1.214002 4.356215 -2.190028
v -1.222586 4.356215 -2.339782
v 0.632967 4.206212 -2.295898
v 0.632967 4.356212 -2.295898
v -1.573252 4.174247 -2.257896
v -1.533252 4.152132 -1.258548
v -1.571105 4.170065 -2.156906
v -1.594779 4.140484 -2.120555
v -1.566331 4.161222 -1.939281
v -1.573802 4.147341 -1.858761
v -1.546141 4.168553 -1.698413
v -1.558230 4.149680 -1.622640
v -1.534440 4.164052 -1.425915
v -1.555865 4.135473 -1.365551
v -1.536313 4.152409 -1.293199
v -1.525011 4.229833 -2.260662
v -1.460442 4.231762 -1.262721
v -0.290316 5.714592 -2.331436
v 0.336446 4.930299 -2.367362
v -0.233090 5.531841 -1.333075
v 0.383408 4.899844 -1.368412
v 0.992615 4.174244 -2.404974
v 1.067069 4.152128 -1.407601
v 1.002022 4.170062 -2.304400
v 1.029694 4.140481 -2.270992
v 1.022147 4.161218 -2.087655
v 1.038769 4.147337 -2.008516
v 1.029611 4.168550 -1.846058
v 1.050280 4.149677 -1.772162
v 1.049125 4.164049 -1.574007
v 1.077307 4.135470 -1.516487
v 1.066151 4.152405 -1.442375
v 0.944374 4.229829 -2.402209
v 0.994260 4.231759 -1.403427
vn -0.7059 -0.7071 0.0405
vn 0.7059 -0.7071 -0.0405
vn 0.6098 -0.5802 0.5399
vn -0.5441 -0.5802 0.6060
vn 0.9189 0.3099 0.2440
vn 0.6091 0.5744 0.5469
vn -0.8858 0.3015 0.3528
vn -0.5426 0.5744 0.6129
vn -0.9984 -0.0000 0.0572
vn -0.7405 0.0201 -0.6718
vn -0.6094 -0.5773 -0.5434
vn 0.5016 -0.5926 -0.6302
vn 0.6724 -0.0060 -0.7402
vn 0.6965 -0.7160 -0.0466
vn 0.9979 -0.0182 -0.0620
vn -0.6059 0.5194 -0.6026
vn -0.5422 0.5872 0.6010
vn 0.6568 0.5268 0.5396
vn 0.6069 0.4758 -0.6366
vn 0.9986 0.0073 -0.0527
vn -0.8796 0.3023 0.3673
vn -0.5560 0.5996 0.5756
vn 0.6181 0.5996 0.5083
vn 0.9222 0.2433 0.3006
vn -0.8808 0.3454 0.3238
vn -0.5402 0.6048 0.5851
vn 0.5836 0.6145 0.5308
vn 0.9102 0.3465 0.2269
vn -0.7574 0.0037 -0.6530
vn 0.6778 0.0037 -0.7352
vn 0.9984 -0.0000 -0.0572
vn 0.6414 -0.1566 -0.7511
vn -0.7596 -0.0746 -0.6461
vn -0.5434 0.5774 0.6094
vn -0.6094 0.5774 -0.5434
vn -0.5434 -0.5773 0.6094
vn 0.5434 -0.5774 -0.6094
vn 0.5434 0.5773 -0.6094
vn 0.6094 0.5773 0.5434
vn 0.6094 -0.5774 0.5434
vn -0.5419 0.2569 0.8002
vn -0.6899 0.6087 0.3918
vn -0.7353 -0.5894 -0.3346
vn -0.5605 -0.7917 0.2431
vn 0.6922 -0.5894 -0.4164
vn 0.7302 0.6087 0.3104
vn 0.6298 0.2569 0.7331
vn 0.5846 -0.7917 0.1775
vn -0.6126 0.5708 -0.5468
vn 0.5461 0.5708 -0.6132
vn 0.5436 -0.5916 -0.5954
vn -0.6081 -0.5916 -0.5294
vn 0.6790 0.7324 0.0510
vn -0.6663 0.7341 0.1311
vn -0.7522 -0.6577 -0.0407
vn 0.7416 -0.6594 -0.1231
vn 0.6935 0.6747 0.2529
vn -0.6568 0.6758 0.3347
vn -0.7494 -0.6236 -0.2226
vn 0.7162 -0.6250 -0.3105
vn -0.6655 -0.0000 0.7464
vn -0.7464 -0.0000 -0.6655
vn 0.6655 -0.0000 -0.7464
vn 0.7464 -0.0000 0.6655
vn -0.6623 0.0092 0.7492
vn -0.7436 0.0092 -0.6686
vn -0.7491 0.0093 -0.6624
vn -0.6685 0.0093 0.7436
vn -0.6567 0.6758 0.3347
vn 0.0572 -0.0000 0.9984
vn -0.0000 -1.0000 -0.0000
vn -0.0000 1.0000 -0.0000
vn -0.0572 -0.0000 -0.9984
vn 0.0571 0.0001 0.9984
vn 0.9869 -0.0000 0.1614
vn -0.8587 -0.0000 0.5125
vn -0.8667 -0.0000 0.4989
vn 0.0125 -0.9760 0.2172
vn 0.0257 0.8938 0.4478
vn 0.0265 -0.8866 0.4617
vn 0.0265 0.8866 0.4617
vn 0.9116 -0.0000 0.4110
vn 0.0125 0.9760 0.2172
vn 0.0257 -0.8938 0.4478
vn -0.9620 -0.0000 0.2731
vn 0.9180 -0.0000 0.3966
vn -0.1539 -0.4896 0.8582
vn 0.2292 0.4319 0.8723
vn 0.3347 0.3709 0.8663
vn -0.2736 -0.4204 0.8651
vn -0.1303 0.9914 0.0075
vn -0.0205 0.5254 0.8506
vn 0.1176 0.5254 0.8427
vn 0.1303 0.9914 -0.0075
vn -0.1115 0.4635 -0.8791
vn 0.0103 0.4635 -0.8860
vn -0.2335 0.3709 0.8988
vn -0.6078 0.7934 0.0348
vn -0.3821 0.9239 0.0219
vn -0.1280 0.4319 0.8928
vn -0.1176 -0.5254 -0.8427
vn 0.0205 -0.5254 -0.8506
vn 0.1303 -0.9914 -0.0075
vn -0.1303 -0.9914 0.0075
vn -0.1280 -0.4319 0.8928
vn -0.0103 -0.4635 0.8860
vn -0.3821 -0.9239 0.0219
vn 0.1115 -0.4635 0.8791
vn -0.1115 -0.4635 -0.8791
vn -0.2292 -0.4319 -0.8723
vn -0.0103 0.4635 0.8860
vn -0.1539 0.4896 0.8582
vn -0.2292 0.4319 -0.8723
vn 0.7921 -0.6088 -0.0454
vn 0.4683 -0.3226 0.8226
vn 0.3706 -0.4204 0.8282
vn 0.6078 -0.7934 -0.0348
vn 0.2736 -0.4204 -0.8651
vn 0.3821 -0.9239 -0.0219
vn 0.1539 -0.4896 -0.8582
vn -0.2510 0.4896 -0.8350
vn -0.1176 0.5254 -0.8427
vn 0.0103 -0.4635 -0.8860
vn 0.1280 -0.4319 -0.8928
vn 0.2292 -0.4319 0.8723
vn -0.4209 0.2846 -0.8613
vn 0.3712 -0.3226 -0.8707
vn -0.3347 0.3709 -0.8663
vn -0.2736 0.4204 0.8651
vn 0.5373 -0.2028 0.8186
vn -0.3806 0.1789 0.9073
vn -0.3197 0.2846 0.9038
vn 0.3347 -0.3709 0.8663
vn 0.4818 -0.1789 0.8578
vn 0.9224 -0.3827 -0.0529
vn 0.4209 -0.2846 0.8613
vn 0.3806 -0.1789 -0.9073
vn 0.3197 -0.2846 -0.9038
vn -0.7921 0.6088 0.0454
vn -0.3712 0.3226 0.8707
vn 0.5731 -0.0692 0.8166
vn -0.4121 0.0610 0.9091
vn -0.5373 0.2028 -0.8186
vn -0.4683 0.3226 -0.8226
vn -0.9224 0.3827 0.0529
vn -0.3706 0.4204 -0.8282
vn 0.2335 -0.3709 -0.8988
vn -0.4403 0.2028 0.8747
vn 0.5731 0.0692 0.8166
vn -0.4121 -0.0610 0.9091
vn 0.5133 0.0610 0.8560
vn 0.9898 0.1305 -0.0567
vn 0.9898 -0.1305 -0.0567
vn 0.5133 -0.0610 0.8560
vn 0.4121 0.0610 -0.9091
vn 0.4121 -0.0610 -0.9091
vn -0.9898 0.1305 0.0567
vn -0.4760 0.0692 0.8767
vn 0.5373 0.2028 0.8186
vn -0.3806 -0.1789 0.9073
vn -0.5731 -0.0692 -0.8166
vn -0.5731 0.0692 -0.8166
vn -0.9898 -0.1305 0.0567
vn -0.4760 -0.0692 0.8767
vn 0.4683 0.3226 0.8226
vn -0.3197 -0.2846 0.9038
vn 0.4209 0.2846 0.8613
vn 0.7921 0.6088 -0.0454
vn 0.9224 0.3827 -0.0529
vn 0.4818 0.1789 0.8578
vn 0.3197 0.2846 -0.9038
vn 0.3806 0.1789 -0.9073
vn -0.9224 -0.3827 0.0529
vn -0.4403 -0.2028 0.8747
vn 0.3706 0.4204 0.8282
vn -0.2335 -0.3709 0.8988
vn -0.4683 -0.3226 -0.8226
vn -0.5373 -0.2028 -0.8186
vn -0.7921 -0.6088 0.0454
vn -0.3712 -0.3226 0.8707
vn 0.2510 0.4896 0.8350
vn 0.3821 0.9239 -0.0219
vn 0.1280 0.4319 -0.8928
vn 0.2335 0.3709 -0.8988
vn 0.6078 0.7934 -0.0348
vn -0.6078 -0.7934 0.0348
vn -0.2510 -0.4896 -0.8350
vn -0.3706 -0.4204 -0.8282
vn 0.0205 0.5254 -0.8506
vn 0.2510 -0.4896 0.8350
vn 0.1176 -0.5254 0.8427
vn -0.4818 0.1789 -0.8578
vn 0.1539 0.4896 -0.8582
vn -0.0205 -0.5254 0.8506
vn 0.1115 0.4635 0.8791
vn 0.4403 -0.2028 -0.8747
vn -0.5133 0.0610 -0.8560
vn 0.4760 -0.0692 -0.8767
vn -0.5133 -0.0610 -0.8560
vn 0.4760 0.0692 -0.8767
vn -0.4818 -0.1789 -0.8578
vn 0.4403 0.2028 -0.8747
vn -0.4209 -0.2846 -0.8613
vn 0.3712 0.3226 -0.8707
vn -0.3347 -0.3709 -0.8663
vn 0.2736 0.4204 -0.8651
vn -0.9846 0.1657 0.0564
vn -0.6910 0.1228 0.7123
vn -0.6015 0.3880 0.6983
vn -0.8539 0.5181 0.0489
vn 0.9830 -0.1745 -0.0563
vn 0.6946 -0.1157 0.7100
vn 0.5929 -0.3492 0.7256
vn 0.8430 -0.5357 -0.0483
vn 0.5983 -0.8005 -0.0343
vn 0.4436 -0.5368 0.7177
vn 0.3044 -0.9524 -0.0174
vn 0.2440 -0.6290 0.7381
vn -0.4147 0.5820 0.6995
vn -0.6141 0.7884 0.0352
vn -0.1916 0.7100 0.6776
vn -0.3077 0.9513 0.0176
vn 0.0421 -0.6766 0.7351
vn 0.0390 0.7314 0.6808
vn 0.9846 0.1657 -0.0564
vn 0.8539 0.5181 -0.0489
vn 0.6774 0.3880 0.6250
vn 0.7679 0.1228 0.6287
vn -0.9830 -0.1745 0.0563
vn -0.6090 -0.1157 0.7847
vn -0.5061 -0.3492 0.7886
vn -0.3587 -0.5368 0.7637
vn -0.5983 -0.8005 0.0343
vn -0.8430 -0.5357 0.0483
vn -0.1581 -0.6290 0.7611
vn -0.3044 -0.9524 0.0175
vn 0.6141 0.7884 -0.0352
vn 0.4919 0.5820 0.6475
vn 0.3077 0.9513 -0.0176
vn 0.2678 0.7100 0.6513
vn -0.9984 0.0001 0.0574
vn -0.0014 -1.0000 -0.0000
vn -0.0586 -0.0001 -0.9983
vn -0.0533 -0.4391 -0.8969
vn 0.0586 -0.0001 0.9983
vn 0.0533 0.4367 0.8980
vn 0.0014 1.0000 -0.0001
vn 0.9984 0.0001 -0.0574
vn -0.0014 1.0000 -0.0000
vn -0.0586 0.0001 -0.9983
vn 0.0533 -0.4391 0.8969
vn 0.0586 0.0001 0.9983
vn -0.0533 0.4367 -0.8980
vn 0.0014 -1.0000 -0.0001
vn -0.9981 -0.0219 0.0572
vn 0.0572 -0.0219 0.9981
vn 0.9981 -0.0219 -0.0572
vn -0.0572 -0.0219 -0.9981
vn -0.0572 0.0245 -0.9981
vn -0.0572 0.0187 -0.9982
vn -0.0572 0.0188 -0.9982
vn 0.9983 0.0146 -0.0572
vn 0.9983 0.0125 -0.0572
vn 0.0572 0.0147 0.9983
vn 0.0572 0.0125 0.9983
vn -0.9983 0.0081 0.0572
vn -0.9983 0.0105 0.0572
vn -0.9980 0.0251 0.0572
vn 0.0572 0.0171 0.9982
vn 0.9982 0.0171 -0.0572
vn -0.0572 -0.0075 -0.9983
vn -0.0572 0.0497 -0.9971
vn 0.9971 0.0497 -0.0572
vn 0.0572 0.0497 0.9971
vn -0.9971 0.0497 0.0572
vn -0.0572 0.0130 -0.9983
vn 0.9983 0.0130 -0.0572
vn 0.0572 0.0130 0.9983
vn -0.9983 0.0130 0.0572
vn -0.9984 -0.0045 0.0572
vn -0.9983 -0.0113 0.0572
vn 0.0572 -0.0045 0.9984
vn 0.0572 -0.0113 0.9983
vn 0.9984 -0.0045 -0.0572
vn 0.9983 -0.0113 -0.0572
vn -0.0572 -0.0045 -0.9984
vn -0.0572 -0.0113 -0.9983
vn 0.9983 0.0073 -0.0572
vn 0.0572 0.0073 0.9983
vn -0.9983 0.0053 0.0572
vn -0.0572 0.0024 -0.9984
vn -0.5840 0.4704 -0.6615
vn -0.8800 -0.0393 -0.4733
vn -0.7326 -0.1015 0.6731
vn -0.4671 0.4395 0.7672
vn -0.0203 -0.7744 -0.6323
vn 0.1217 -0.8463 0.5187
vn 0.4592 -0.3766 -0.8046
vn 0.7479 0.0993 -0.6563
vn 0.8647 0.0772 0.4963
vn 0.6500 -0.4583 0.6062
vn -0.1219 0.8260 -0.5503
vn -0.0261 0.8012 0.5979
vn -0.6432 0.4538 -0.6167
vn -0.4973 0.4038 0.7679
vn 0.6369 -0.4385 0.6340
vn 0.5618 -0.4307 0.7064
vn -0.5313 0.4791 0.6987
vn 0.5160 -0.4556 0.7254
vn -0.5314 0.4854 0.6942
vn 0.6140 -0.4299 0.6620
vn -0.5083 0.4295 0.7464
vn 0.5228 -0.4084 -0.7482
vn -0.5865 0.4573 -0.6685
vn 0.5034 -0.4546 -0.7348
vn -0.5303 0.4096 -0.7423
vn 0.5152 -0.5266 -0.6762
vn -0.5880 0.4247 -0.6884
vn 0.5272 -0.4279 -0.7341
vn 0.5227 0.3807 -0.7628
vn 0.0231 0.7714 -0.6359
vn 0.1763 0.8415 0.5106
vn 0.6356 0.4042 0.6577
vn -0.8781 0.0487 -0.4760
vn -0.7209 0.1211 0.6823
vn -0.6098 -0.4844 -0.6273
vn -0.0954 -0.8084 -0.5808
vn -0.0285 -0.8077 0.5890
vn -0.4715 -0.4340 0.7677
vn 0.7779 -0.0396 -0.6271
vn 0.8463 -0.0368 0.5314
vn 0.4396 0.4497 -0.7775
vn 0.5814 0.5023 0.6400
vn -0.4767 -0.4511 0.7545
vn -0.5215 -0.4863 0.7011
vn 0.5841 0.4194 0.6949
vn -0.5694 -0.4853 0.6635
vn 0.5047 0.4191 0.7548
vn -0.5141 -0.4478 0.7315
vn 0.5682 0.4608 0.6817
vn -0.5875 -0.4734 -0.6562
vn 0.5391 0.4503 -0.7117
vn -0.5651 -0.4563 -0.6874
vn 0.5430 0.5195 -0.6597
vn -0.5310 -0.3834 -0.7557
vn 0.4966 0.4686 -0.7306
vn -0.5858 -0.4400 -0.6806
vn -0.7278 0.6644 -0.1699
vn -0.5518 0.6784 0.4851
vn 0.6036 0.6784 0.4189
vn 0.7046 0.6610 -0.2582
vn -0.5806 -0.4865 0.6528
vn 0.6514 -0.4865 0.5822
vn 0.6985 -0.7076 0.1065
vn 0.6680 -0.7367 0.1049
vn 0.7369 0.6576 -0.1568
vn -0.6779 -0.7090 0.1944
vn -0.7547 0.6538 -0.0540
vn -0.6545 -0.7307 0.1942
vn -0.7519 0.6585 -0.0311
vn -0.7458 0.6656 0.0266
vn -0.7417 0.6696 0.0398
vn 0.7435 0.6585 -0.1168
vn 0.7439 0.6656 -0.0588
vn 0.7413 0.6696 -0.0453
vn -0.4824 -0.8755 0.0276
vn 0.0276 -0.8755 0.4824
vn 0.4824 -0.8755 -0.0276
vn -0.0277 -0.8755 -0.4824
vn -0.0572 0.0510 -0.9971
vn 0.9971 0.0510 -0.0572
vn 0.0572 0.0510 0.9971
vn -0.9971 0.0510 0.0572
vn -0.0572 0.0300 -0.9979
vn 0.0572 0.0300 0.9979
vn -0.9979 0.0300 0.0572
vn 0.9979 0.0300 -0.0572
vn -0.9984 0.0001 0.0571
vn -0.0558 0.0001 -0.9984
vn 0.0495 -0.4391 0.8971
vn 0.0558 0.0001 0.9984
vn -0.0496 0.4367 -0.8982
vn -0.6975 0.7135 0.0668
vn 0.0144 0.9997 0.0197
vn -0.0400 0.7143 -0.6986
vn -0.6182 0.5901 -0.5193
vn -0.7125 -0.6983 0.0678
vn -0.6182 -0.5901 -0.5193
vn -0.0400 -0.7143 -0.6986
vn -0.0119 -0.9997 0.0215
vn 0.0692 -0.6973 0.7134
vn 0.0071 0.7280 0.6856
vn -0.6009 0.5597 0.5707
vn -0.5068 -0.6127 0.6064
vn -0.7033 -0.7107 0.0165
vn -0.7117 0.7023 0.0166
vn -0.6731 0.7385 0.0386
vn -0.7369 -0.6746 0.0422
vn -0.0267 -0.9996 0.0015
vn 0.0076 -0.9998 -0.0187
vn -0.0087 0.9998 -0.0176
vn 0.0267 0.9996 -0.0015
vn -0.6838 0.7220 -0.1057
vn -0.0109 0.9775 -0.2107
vn -0.0463 0.5872 -0.8081
vn -0.6460 0.4789 -0.5944
vn -0.7199 -0.6566 0.2253
vn -0.5991 -0.6759 -0.4292
vn -0.0336 -0.8092 -0.5865
vn 0.0038 -0.9695 0.2449
vn 0.0588 -0.8131 0.5791
vn 0.0250 0.6028 0.7975
vn -0.6243 0.4501 0.6385
vn -0.4983 -0.6935 0.5204
vn -0.7247 -0.6735 -0.1456
vn -0.6782 0.7121 0.1815
vn -0.6587 0.7515 0.0378
vn -0.7690 -0.6378 0.0441
vn -0.0209 -0.9998 0.0012
vn -0.0082 -0.9698 -0.2440
vn -0.0024 0.9774 0.2113
vn 0.0024 1.0000 -0.0001
vn -0.7361 0.0117 -0.6768
vn -0.0369 0.0084 -0.9993
vn -0.0572 -0.0078 -0.9983
vn -0.7464 -0.0111 -0.6654
vn -0.6767 0.0117 0.7361
vn -0.6654 -0.0111 0.7464
vn 0.0572 -0.0078 0.9983
vn 0.0372 0.0082 0.9993
vn -0.6603 -0.0053 0.7510
vn -0.7507 -0.0052 -0.6606
vn -0.7089 -0.0000 -0.7053
vn -0.7053 -0.0000 0.7089
vn 0.0166 -0.0000 0.9999
vn 0.0672 -0.0035 0.9977
vn -0.0658 -0.0039 -0.9978
vn -0.0166 -0.0000 -0.9999
vn -0.8047 0.0242 -0.5931
vn -0.1160 0.0172 -0.9931
vn -0.5928 0.0239 0.8050
vn 0.1160 0.0169 0.9931
vn -0.7482 0.0035 -0.6634
vn -0.0610 0.0024 -0.9981
vn -0.0572 -0.0085 -0.9983
vn -0.7464 -0.0121 -0.6654
vn -0.6634 0.0035 0.7482
vn -0.6654 -0.0121 0.7464
vn 0.0572 -0.0085 0.9983
vn 0.0610 0.0025 0.9981
vn -0.6457 0.0034 0.7636
vn -0.7634 0.0033 -0.6459
vn -0.7533 0.0167 -0.6575
vn -0.6575 0.0167 0.7533
vn 0.0650 0.0118 0.9978
vn 0.0925 0.0024 0.9957
vn -0.0921 0.0024 -0.9958
vn -0.0650 0.0118 -0.9978
vn -0.8066 -0.0077 -0.5911
vn -0.1194 -0.0054 -0.9928
vn -0.5908 -0.0076 0.8068
vn 0.1194 -0.0053 0.9928
vn -0.6630 0.0016 0.7486
vn -0.6010 -0.0023 -0.7992
vn -0.5851 -0.0183 -0.8108
vn -0.6658 -0.0070 0.7461
vn -0.6450 -0.0002 0.7642
vn -0.6165 0.0129 -0.7873
vn -0.6179 0.0099 -0.7862
vn -0.6594 0.0097 0.7518
vn -0.5946 -0.0099 0.8040
vn -0.6589 0.0185 -0.7520
vn 0.0970 -0.0013 0.9953
vn 0.1298 -0.0109 0.9915
vn 0.3143 0.0234 -0.9490
vn 0.3070 0.0129 -0.9516
vn 0.3002 0.0054 -0.9539
vn 0.3340 -0.0036 -0.9426
vn 0.0610 0.0012 0.9981
vn 0.0649 0.0080 0.9979
vn 0.0572 -0.0058 0.9983
vn 0.3684 -0.0155 -0.9295
vn -0.7714 -0.6349 0.0426
vn -0.0671 -0.9977 -0.0030
vn -0.0379 -0.9993 -0.0044
vn -0.7270 -0.6857 0.0357
vn -0.6325 0.7730 0.0500
vn -0.6845 0.7279 0.0400
vn -0.0090 -0.9999 -0.0058
vn -0.7137 -0.6997 0.0310
vn -0.6992 0.7143 0.0282
vn 0.0081 0.9999 -0.0096
vn 0.0380 0.9993 0.0008
vn 0.0675 0.9977 0.0111
vn -0.7270 -0.6858 0.0357
vn -0.7712 0.6349 0.0458
vn -0.0663 0.9977 0.0106
vn -0.0371 0.9993 0.0087
vn -0.7263 0.6858 0.0476
vn -0.6340 -0.7730 0.0226
vn -0.6846 -0.7279 0.0385
vn -0.0082 0.9999 0.0068
vn -0.7126 0.6997 0.0508
vn -0.6979 -0.7143 0.0519
vn 0.0091 -0.9999 0.0086
vn 0.0377 -0.9993 -0.0052
vn 0.0658 -0.9977 -0.0188
vn -0.9964 -0.0669 0.0529
vn -0.9976 -0.0375 0.0590
vn -0.9979 -0.0086 0.0649
vn -0.0559 0.0001 -0.9984
vn 0.0496 -0.4391 0.8971
vn 0.9984 0.0001 -0.0571
vn -0.0014 1.0000 0.0001
vn -0.0496 -0.4391 -0.8971
vn 0.0496 0.4367 0.8982
vn 0.0014 -1.0000 -0.0000
vn 0.6975 0.7135 -0.0668
vn -0.0144 0.9997 -0.0197
vn 0.0400 0.7143 0.6986
vn 0.6182 0.5901 0.5193
vn 0.7125 -0.6983 -0.0678
vn 0.6182 -0.5901 0.5193
vn 0.0400 -0.7143 0.6986
vn 0.0119 -0.9997 -0.0215
vn -0.0692 -0.6973 -0.7134
vn -0.0071 0.7280 -0.6856
vn 0.6009 0.5597 -0.5707
vn 0.5068 -0.6127 -0.6064
vn 0.7033 -0.7107 -0.0165
vn 0.7117 0.7023 -0.0166
vn 0.6731 0.7385 -0.0386
vn 0.7369 -0.6746 -0.0422
vn 0.0267 -0.9996 -0.0015
vn -0.0076 -0.9998 0.0187
vn 0.0087 0.9998 0.0176
vn -0.0267 0.9996 0.0015
vn 0.6838 0.7220 0.1057
vn 0.0109 0.9775 0.2107
vn 0.0463 0.5872 0.8081
vn 0.6460 0.4789 0.5944
vn 0.7199 -0.6566 -0.2253
vn 0.5991 -0.6759 0.4292
vn 0.0336 -0.8092 0.5865
vn -0.0038 -0.9695 -0.2449
vn -0.0588 -0.8131 -0.5791
vn -0.0249 0.6028 -0.7975
vn 0.6243 0.4501 -0.6385
vn 0.4983 -0.6935 -0.5204
vn 0.7247 -0.6735 0.1456
vn 0.6782 0.7121 -0.1815
vn 0.6587 0.7515 -0.0378
vn 0.7690 -0.6378 -0.0441
vn 0.0209 -0.9998 -0.0012
vn 0.0082 -0.9698 0.2440
vn 0.0024 0.9774 -0.2113
vn -0.0024 1.0000 0.0001
vn 0.7361 0.0117 0.6768
vn 0.0369 0.0084 0.9993
vn 0.7464 -0.0111 0.6654
vn 0.6767 0.0117 -0.7361
vn 0.6654 -0.0111 -0.7464
vn -0.0371 0.0082 -0.9993
vn 0.6603 -0.0053 -0.7510
vn 0.7507 -0.0052 0.6606
vn 0.7089 -0.0000 0.7053
vn 0.7053 -0.0000 -0.7089
vn -0.0672 -0.0035 -0.9977
vn 0.0658 -0.0039 0.9978
vn 0.8047 0.0242 0.5931
vn 0.1160 0.0172 0.9931
vn 0.5928 0.0239 -0.8050
vn -0.1160 0.0169 -0.9931
vn 0.7482 0.0035 0.6634
vn 0.0610 0.0024 0.9981
vn 0.7464 -0.0121 0.6654
vn 0.6634 0.0035 -0.7482
vn 0.6654 -0.0121 -0.7464
vn -0.0610 0.0025 -0.9981
vn 0.6457 0.0034 -0.7636
vn 0.7634 0.0033 0.6459
vn 0.7533 0.0167 0.6575
vn 0.6575 0.0167 -0.7533
vn -0.0925 0.0024 -0.9957
vn 0.0921 0.0024 0.9957
vn 0.8066 -0.0077 0.5911
vn 0.1194 -0.0054 0.9928
vn 0.5908 -0.0076 -0.8068
vn -0.1194 -0.0053 -0.9928
vn 0.6630 0.0016 -0.7486
vn 0.6010 -0.0023 0.7993
vn 0.5851 -0.0183 0.8108
vn 0.6659 -0.0070 -0.7461
vn 0.6450 -0.0002 -0.7642
vn 0.6165 0.0129 0.7873
vn 0.6179 0.0099 0.7862
vn 0.6594 0.0097 -0.7518
vn 0.5946 -0.0099 -0.8040
vn 0.6589 0.0185 0.7520
vn -0.0970 -0.0013 -0.9953
vn -0.1298 -0.0109 -0.9915
vn -0.3143 0.0234 0.9490
vn -0.3070 0.0129 0.9516
vn -0.3002 0.0054 0.9539
vn -0.3340 -0.0036 0.9426
vn -0.0610 0.0012 -0.9981
vn -0.0649 0.0080 -0.9979
vn -0.0572 -0.0058 -0.9983
vn -0.3684 -0.0155 0.9295
vn 0.7714 -0.6349 -0.0426
vn 0.0671 -0.9977 0.0030
vn 0.0378 -0.9993 0.0044
vn 0.7270 -0.6858 -0.0357
vn 0.6325 0.7730 -0.0500
vn 0.6845 0.7279 -0.0400
vn 0.0089 -0.9999 0.0058
vn 0.7137 -0.6997 -0.0310
vn 0.6992 0.7143 -0.0282
vn -0.0081 0.9999 0.0096
vn -0.0380 0.9993 -0.0008
vn -0.0675 0.9977 -0.0111
vn 0.7712 0.6349 -0.0458
vn 0.0663 0.9977 -0.0106
vn 0.0371 0.9993 -0.0087
vn 0.7263 0.6857 -0.0476
vn 0.6340 -0.7730 -0.0226
vn 0.6846 -0.7279 -0.0385
vn 0.0082 0.9999 -0.0068
vn 0.7126 0.6997 -0.0508
vn 0.6979 -0.7143 -0.0519
vn -0.0091 -0.9999 -0.0086
vn -0.0377 -0.9993 0.0052
vn -0.0658 -0.9977 0.0188
vn 0.9964 -0.0669 -0.0529
vn 0.9976 -0.0376 -0.0590
vn 0.9979 -0.0086 -0.0649
vn 0.0559 0.0001 0.9984
vn -0.2585 0.6427 0.7212
vn 0.3431 0.8053 0.4836
vn 0.2286 0.7105 -0.6655
vn -0.3535 0.6163 -0.7037
vn 0.8022 -0.2551 0.5397
vn 0.6937 -0.3661 -0.6203
vn 0.3739 -0.6778 0.6331
vn -0.2555 -0.7607 0.5967
vn -0.3276 -0.7440 -0.5823
vn 0.2588 -0.5980 -0.7586
vn -0.6897 0.3379 0.6404
vn -0.7655 0.3532 -0.5378
vn -0.1797 0.6125 0.7698
vn -0.2986 0.6973 -0.6516
vn 0.2312 -0.6688 -0.7066
vn 0.2330 -0.6520 -0.7215
vn -0.3105 0.6710 -0.6734
vn 0.2014 -0.6036 -0.7714
vn -0.3189 0.6957 -0.6437
vn 0.2238 -0.6173 -0.7542
vn -0.3477 0.6720 -0.6539
vn 0.3184 -0.6310 0.7074
vn -0.2211 0.6470 0.7298
vn 0.3221 -0.6755 0.6632
vn -0.2030 0.6107 0.7654
vn 0.3178 -0.6905 0.6498
vn -0.2439 0.6198 0.7459
vn 0.3291 -0.6704 0.6650
vn -0.4114 0.9112 0.0236
vn -0.3818 0.9240 0.0219
vn -0.2693 0.6056 0.7488
vn 0.3493 0.7083 0.6134
vn 0.2364 0.8111 -0.5349
vn -0.3677 0.6413 -0.6735
vn 0.7996 -0.3592 0.4812
vn 0.6897 -0.2506 -0.6794
vn 0.3618 -0.6862 0.6311
vn -0.2688 -0.7677 0.5817
vn -0.3454 -0.7382 -0.5795
vn 0.2438 -0.6019 -0.7604
vn -0.7014 0.3130 0.6404
vn -0.7816 0.3409 -0.5224
vn -0.2080 0.5976 0.7743
vn -0.3303 0.6869 -0.6474
vn 0.2095 -0.6396 -0.7396
vn 0.2261 -0.6927 -0.6848
vn -0.3215 0.6271 -0.7095
vn 0.2690 -0.7110 -0.6498
vn -0.2671 0.5851 -0.7657
vn 0.2645 -0.6372 -0.7239
vn -0.3228 0.6468 -0.6910
vn 0.3063 -0.6737 0.6725
vn -0.2574 0.6702 0.6962
vn 0.2885 -0.6502 0.7028
vn -0.2448 0.7270 0.6416
vn 0.2914 -0.5653 0.7717
vn -0.2465 0.6598 0.7099
vn 0.3433 -0.6267 0.6995
vn -0.0651 0.0118 -0.9978
vn -0.6659 -0.0070 0.7461
vn 0.0921 0.0024 0.9958
vn 0.0651 0.0118 0.9978
vn 0.0379 -0.9993 0.0044
vn 0.0090 -0.9999 0.0058
vn -0.9981 0.0245 0.0572
vn -0.9982 0.0187 0.0572
vn -0.9982 0.0188 0.0572
vn -0.0572 0.0146 -0.9983
vn -0.0572 0.0125 -0.9983
vn -0.0572 0.0147 -0.9983
vn 0.9983 0.0147 -0.0572
vn 0.0572 0.0081 0.9983
vn 0.0572 0.0105 0.9983
vn 0.0572 0.0251 0.9980
vn -0.0572 0.0171 -0.9982
vn -0.9983 -0.0075 0.0572
vn -0.7076 -0.7057 0.0352
vn -0.7046 -0.7085 0.0404
vn 0.7076 -0.7054 -0.0406
vn 0.7045 -0.7088 -0.0361
vn -0.7077 0.7056 0.0357
vn -0.7044 0.7086 0.0404
vn 0.7075 0.7056 -0.0406
vn 0.7047 0.7086 -0.0356
vn -0.7070 -0.7057 0.0459
vn 0.7040 -0.7088 -0.0446
vn -0.7072 0.7056 0.0454
vn 0.7041 0.7086 -0.0452
vn -0.7141 0.6989 0.0409
vn -0.7362 0.6754 0.0422
vn 0.7363 0.6754 -0.0422
vn 0.7141 0.6989 -0.0409
vn -0.0286 -0.8076 0.5890
vn -0.7435 0.6585 0.1168
vn 0.5831 0.4694 0.6631
vn 0.8784 -0.0403 0.4762
vn 0.7348 -0.1003 -0.6708
vn 0.4684 0.4405 -0.7659
vn 0.0185 -0.7764 0.6300
vn -0.1206 -0.8447 -0.5215
vn -0.4592 -0.3766 0.8046
vn -0.7479 0.0993 0.6563
vn -0.8647 0.0772 -0.4963
vn -0.6500 -0.4583 -0.6062
vn 0.1219 0.8260 0.5503
vn 0.0261 0.8012 -0.5979
vn 0.6432 0.4538 0.6167
vn 0.4973 0.4038 -0.7679
vn -0.6359 -0.4377 -0.6357
vn -0.5618 -0.4307 -0.7064
vn 0.5313 0.4791 -0.6987
vn -0.5160 -0.4556 -0.7254
vn 0.5314 0.4854 -0.6942
vn -0.6140 -0.4299 -0.6620
vn 0.5083 0.4295 -0.7464
vn -0.5240 -0.4095 0.7468
vn 0.5865 0.4573 0.6685
vn -0.5034 -0.4546 0.7348
vn 0.5303 0.4096 0.7423
vn -0.5152 -0.5266 0.6762
vn 0.5880 0.4247 0.6884
vn -0.5272 -0.4279 0.7341
vn -0.5227 0.3807 0.7628
vn -0.0231 0.7714 0.6359
vn -0.1763 0.8415 -0.5106
vn -0.6356 0.4042 -0.6577
vn 0.8781 0.0487 0.4760
vn 0.7209 0.1211 -0.6823
vn 0.6110 -0.4858 0.6250
vn 0.0978 -0.8107 0.5772
vn 0.0257 -0.8054 -0.5922
vn 0.4697 -0.4326 -0.7696
vn -0.7753 -0.0418 0.6302
vn -0.8486 -0.0347 -0.5279
vn -0.4379 0.4481 0.7794
vn -0.5829 0.5036 -0.6377
vn 0.4767 -0.4511 -0.7545
vn 0.5215 -0.4863 -0.7011
vn -0.5841 0.4194 -0.6949
vn 0.5694 -0.4853 -0.6635
vn -0.5047 0.4191 -0.7548
vn 0.5141 -0.4478 -0.7315
vn -0.5682 0.4608 -0.6817
vn 0.5875 -0.4734 0.6562
vn -0.5391 0.4503 0.7117
vn 0.5651 -0.4563 0.6874
vn -0.5430 0.5195 0.6597
vn 0.5310 -0.3834 0.7557
vn -0.4966 0.4686 0.7306
vn 0.5858 -0.4401 0.6806
vn 0.7278 0.6644 0.1699
vn 0.5518 0.6784 -0.4851
vn -0.6036 0.6784 -0.4189
vn -0.7046 0.6610 0.2582
vn 0.5806 -0.4865 -0.6528
vn -0.6514 -0.4865 -0.5822
vn -0.6985 -0.7076 -0.1065
vn -0.6680 -0.7367 -0.1049
vn -0.7369 0.6576 0.1568
vn 0.6779 -0.7090 -0.1944
vn 0.7547 0.6538 0.0540
vn 0.6545 -0.7307 -0.1942
vn -0.7440 0.6656 0.0587
vn -0.7396 0.6715 0.0454
vn 0.7519 0.6585 0.0311
vn 0.7458 0.6656 -0.0267
vn 0.7399 0.6715 -0.0394
vt 0.429688 0.412109
vt 0.429688 0.440430
vt 0.426758 0.440430
vt 0.426758 0.412109
vt 0.092773 0.060547
vt 0.005859 0.060547
vt 0.019531 0.000000
vt 0.092773 0.000000
vt 0.122070 0.146484
vt 0.122070 0.046875
vt 0.494141 0.046875
vt 0.494141 0.146484
vt 0.334961 0.062500
vt 0.098620 0.062500
vt 0.098620 0.000977
vt 0.334961 0.000977
vt 0.030273 0.004883
vt 0.493164 0.004883
vt 0.493164 0.092773
vt 0.018555 0.092773
vt 0.462891 0.000977
vt 0.462891 0.074219
vt 0.069336 0.074219
vt 0.069336 0.000977
vt 0.449449 0.439530
vt 0.439453 0.440430
vt 0.439453 0.412109
vt 0.449449 0.412109
vt 0.413385 0.062184
vt 0.181327 0.062188
vt 0.181327 0.001643
vt 0.413423 0.001436
vt 0.449219 0.062500
vt 0.449219 0.000977
vt 0.012695 0.390342
vt 0.012695 0.148438
vt 0.349609 0.148438
vt 0.353560 0.390342
vt 0.434570 0.440430
vt 0.434570 0.412109
vt 0.181641 0.060547
vt 0.073242 0.060547
vt 0.073242 0.000000
vt 0.181641 0.000000
vt 0.408203 0.062500
vt 0.316406 0.062500
vt 0.316406 0.000977
vt 0.408203 0.000977
vt 0.036867 0.360352
vt 0.036867 0.214844
vt 0.485528 0.214844
vt 0.485528 0.360352
vt 0.186523 0.060547
vt 0.186523 0.000000
vt 0.496094 0.000977
vt 0.497070 0.062500
vt 0.016602 0.300781
vt 0.016602 0.188477
vt 0.412109 0.188477
vt 0.416992 0.300781
vt 0.334961 0.120117
vt 0.102254 0.115298
vt 0.449219 0.120117
vt 0.334961 0.120117
vt 0.408203 0.127930
vt 0.316406 0.120117
vt 0.493164 0.099688
vt 0.493164 0.173907
vt 0.018555 0.173907
vt 0.018555 0.099688
vt 0.093194 0.059899
vt 0.186944 0.059899
vt 0.186945 0.115562
vt 0.093186 0.123390
vt 0.181641 0.116211
vt 0.073242 0.116211
vt 0.413698 0.060547
vt 0.412861 0.111437
vt 0.024414 0.167969
vt 0.474609 0.167969
vt 0.470703 0.256836
vt 0.024414 0.256836
vt 0.181641 0.174805
vt 0.073242 0.169922
vt 0.412950 0.111426
vt 0.413698 0.174805
vt 0.495117 0.286133
vt 0.495117 0.368164
vt 0.001953 0.368164
vt 0.001953 0.286133
vt 0.102283 0.115293
vt 0.334961 0.180664
vt 0.098620 0.180664
vt 0.449219 0.120117
vt 0.441406 0.175781
vt 0.493164 0.161244
vt 0.493164 0.254994
vt 0.018555 0.254994
vt 0.018555 0.161244
vt 0.413335 0.180118
vt 0.415468 0.229058
vt 0.181746 0.235932
vt 0.181846 0.180041
vt 0.482422 0.385742
vt 0.491211 0.468750
vt 0.003906 0.468750
vt 0.003906 0.385742
vt 0.098620 0.180664
vt 0.334961 0.237305
vt 0.091648 0.229242
vt 0.986328 0.983398
vt 0.951172 0.983398
vt 0.951172 0.782227
vt 0.986328 0.782227
vt 0.986328 0.753906
vt 0.986328 0.955078
vt 0.951172 0.955078
vt 0.951172 0.753906
vt 0.988281 0.846680
vt 0.988281 0.873047
vt 0.953125 0.873047
vt 0.953125 0.846680
vt 0.976562 0.955078
vt 0.976562 0.753906
vt 0.979492 0.873047
vt 0.979492 0.908203
vt 0.953125 0.908203
vt 0.892578 0.590820
vt 0.917969 0.590820
vt 0.917969 0.791992
vt 0.892578 0.791992
vt 0.957031 0.757812
vt 0.957031 0.682617
vt 0.989258 0.682617
vt 0.989258 0.757812
vt 0.898926 0.682176
vt 0.930664 0.682176
vt 0.930664 0.757614
vt 0.898926 0.757614
vt 0.884803 0.757614
vt 0.884803 0.682176
vt 0.988281 0.164062
vt 0.957031 0.164062
vt 0.957031 0.094727
vt 0.988281 0.094727
vt 0.969727 0.451172
vt 0.969536 0.283874
vt 0.983589 0.283874
vt 0.983398 0.451172
vt 0.921875 0.172852
vt 0.891602 0.172852
vt 0.891602 0.103516
vt 0.921875 0.103516
vt 0.957700 0.283885
vt 0.990828 0.283885
vt 0.989258 0.451172
vt 0.957031 0.451172
vt 0.930006 0.283885
vt 0.930664 0.451172
vt 0.898926 0.451172
vt 0.897380 0.283885
vt 0.899123 0.283824
vt 0.884803 0.451172
vt 0.884606 0.283824
vt 0.969727 0.571289
vt 0.983398 0.571289
vt 0.957031 0.571289
vt 0.989258 0.571289
vt 0.930664 0.571070
vt 0.898926 0.571070
vt 0.884803 0.571070
vt 0.969727 0.682617
vt 0.983398 0.682617
vt 0.969727 0.757812
vt 0.983398 0.757812
vt 0.986328 0.692383
vt 0.951172 0.692383
vt 0.951172 0.491211
vt 0.986328 0.491211
vt 0.986328 0.462891
vt 0.986328 0.664062
vt 0.951172 0.664062
vt 0.951172 0.462891
vt 0.976562 0.664062
vt 0.976562 0.462891
vt 0.892578 0.299805
vt 0.917969 0.299805
vt 0.917969 0.500977
vt 0.892578 0.500977
vt 0.986328 0.403320
vt 0.951172 0.403320
vt 0.951172 0.202148
vt 0.986328 0.202148
vt 0.986328 0.173828
vt 0.986328 0.375000
vt 0.951172 0.375000
vt 0.951172 0.173828
vt 0.976562 0.375000
vt 0.976562 0.173828
vt 0.892578 0.010742
vt 0.917969 0.010742
vt 0.917969 0.211914
vt 0.892578 0.211914
vt 0.986328 0.788086
vt 0.951172 0.788086
vt 0.951172 0.586914
vt 0.986328 0.586914
vt 0.986328 0.558594
vt 0.986328 0.759766
vt 0.951172 0.759766
vt 0.951172 0.558594
vt 0.976562 0.759766
vt 0.976562 0.558594
vt 0.892578 0.395508
vt 0.917969 0.395508
vt 0.917969 0.596680
vt 0.892578 0.596680
vt 0.986328 0.866211
vt 0.951172 0.866211
vt 0.951172 0.665039
vt 0.986328 0.665039
vt 0.986328 0.636719
vt 0.986328 0.837891
vt 0.951172 0.837891
vt 0.951172 0.636719
vt 0.976562 0.837891
vt 0.976562 0.636719
vt 0.892578 0.473633
vt 0.917969 0.473633
vt 0.917969 0.674805
vt 0.892578 0.674805
vt 0.957031 0.640625
vt 0.957031 0.565430
vt 0.989258 0.565430
vt 0.989258 0.640625
vt 0.899414 0.565430
vt 0.930664 0.565430
vt 0.930664 0.640625
vt 0.899414 0.640625
vt 0.884766 0.640625
vt 0.884766 0.565430
vt 0.969727 0.333984
vt 0.969536 0.166687
vt 0.983589 0.166687
vt 0.983398 0.333984
vt 0.957700 0.166697
vt 0.990827 0.166697
vt 0.989258 0.333984
vt 0.957031 0.333984
vt 0.930016 0.166697
vt 0.930664 0.333984
vt 0.899414 0.333984
vt 0.897892 0.166697
vt 0.899618 0.166637
vt 0.884766 0.333984
vt 0.884561 0.166637
vt 0.969727 0.454102
vt 0.983398 0.454102
vt 0.957031 0.454102
vt 0.989258 0.454102
vt 0.930664 0.454102
vt 0.899414 0.454102
vt 0.884766 0.454102
vt 0.969727 0.565430
vt 0.983398 0.565430
vt 0.969727 0.640625
vt 0.983398 0.640625
vt 0.986328 0.575195
vt 0.951172 0.575195
vt 0.951172 0.374023
vt 0.986328 0.374023
vt 0.986328 0.345703
vt 0.986328 0.546875
vt 0.951172 0.546875
vt 0.951172 0.345703
vt 0.976562 0.546875
vt 0.976562 0.345703
vt 0.892578 0.182617
vt 0.917969 0.182617
vt 0.917969 0.383789
vt 0.892578 0.383789
vt 0.986328 0.286133
vt 0.951172 0.286133
vt 0.951172 0.084961
vt 0.986328 0.084961
vt 0.986328 0.056641
vt 0.986328 0.257812
vt 0.951172 0.257812
vt 0.951172 0.056641
vt 0.976562 0.257812
vt 0.976562 0.056641
vt 0.892578 0.639648
vt 0.917969 0.639648
vt 0.917969 0.840820
vt 0.892578 0.840820
vt 0.986328 0.670898
vt 0.951172 0.670898
vt 0.951172 0.469727
vt 0.986328 0.469727
vt 0.986328 0.441406
vt 0.986328 0.642578
vt 0.951172 0.642578
vt 0.951172 0.441406
vt 0.976562 0.642578
vt 0.976562 0.441406
vt 0.892578 0.278320
vt 0.917969 0.278320
vt 0.917969 0.479492
vt 0.892578 0.479492
vt 0.957031 0.121094
vt 0.930664 0.121094
vt 0.899414 0.121094
vt 0.989258 0.121094
vt 0.920898 0.213867
vt 0.894531 0.213867
vt 0.894531 0.153320
vt 0.920898 0.153320
vt 0.018589 0.236773
vt 0.493170 0.236773
vt 0.493164 0.307086
vt 0.002970 0.307086
vt 0.938572 0.564151
vt 0.998214 0.564151
vt 0.998214 0.996208
vt 0.938572 0.996208
vt 0.876803 0.115061
vt 0.876803 0.569543
vt 0.939540 0.569543
vt 0.939540 0.115061
vt 0.876803 0.019286
vt 0.939540 0.019286
vt 0.939540 0.473768
vt 0.876803 0.473768
vt 0.997840 0.340557
vt 0.997840 0.287396
vt 0.944679 0.287396
vt 0.944679 0.340557
vt 0.883789 0.872070
vt 0.883789 0.127930
vt 0.939453 0.127930
vt 0.939453 0.872070
vt 0.940882 0.471795
vt 0.940882 0.528205
vt 0.997291 0.528205
vt 0.997291 0.471795
vt -0.000000 0.498047
vt 0.500000 0.498047
vt 0.500000 0.998047
vt -0.000000 0.998047
vt 0.735352 0.001953
vt 0.876953 0.001953
vt 0.876953 0.165039
vt 0.863281 0.191406
vt 0.843750 0.211914
vt 0.822266 0.221680
vt 0.788086 0.221680
vt 0.759766 0.204102
vt 0.754068 0.194986
vt 0.735352 0.163086
vt 0.374023 0.330078
vt 0.374023 0.333984
vt 0.371094 0.333984
vt 0.371094 0.330078
vt 0.369141 0.333984
vt 0.369141 0.330078
vt 0.369141 0.332031
vt 0.366211 0.330078
vt 0.366211 0.333984
vt 0.364258 0.334961
vt 0.364258 0.329102
vt 0.372070 0.327148
vt 0.367188 0.330078
vt 0.367188 0.327148
vt 0.372070 0.336914
vt 0.367188 0.336914
vt 0.367188 0.333984
vt 0.371094 0.332031
vt 0.375977 0.329102
vt 0.375977 0.334961
vt 0.378906 0.333984
vt 0.375977 0.332031
vt 0.375977 0.333984
vt 0.383789 0.333984
vt 0.383789 0.332031
vt 0.380859 0.327148
vt 0.380859 0.329102
vt 0.378906 0.329102
vt 0.378906 0.327148
vt 0.380859 0.333984
vt 0.380859 0.334961
vt 0.378906 0.330078
vt 0.380859 0.330078
vt 0.380859 0.332031
vt 0.378906 0.332031
vt 0.383789 0.334961
vt 0.383789 0.329102
vt 0.383789 0.327148
vt 0.375977 0.330078
vt 0.376953 0.332031
vt 0.376953 0.333984
vt 0.376953 0.334961
vt 0.376953 0.327148
vt 0.376953 0.329102
vt 0.375977 0.327148
vt 0.381836 0.333984
vt 0.376953 0.330078
vt 0.378906 0.334961
vt 0.383789 0.330078
vt 0.381836 0.329102
vt 0.381836 0.330078
vt 0.381836 0.332031
vt 0.381836 0.334961
vt 0.381836 0.327148
vt 0.882812 0.552734
vt 0.939453 0.552734
vt 0.939453 0.606445
vt 0.882812 0.606445
vt 0.935811 0.164965
vt 0.935811 0.210035
vt 0.878605 0.210035
vt 0.878605 0.164965
vt 0.882812 0.202148
vt 0.939453 0.202148
vt 0.940430 0.560547
vt 0.880859 0.560547
vt 0.880859 0.171875
vt 0.940430 0.171875
vt 0.945312 0.532227
vt 0.945312 0.109375
vt 0.997070 0.109375
vt 0.997070 0.532227
vt 0.880859 0.621094
vt 0.940430 0.621094
vt 0.940430 0.681641
vt 0.880859 0.681641
vt 0.997070 0.597656
vt 0.945312 0.597656
vt 0.940430 0.734375
vt 0.880859 0.734375
vt 0.939453 0.662109
vt 0.882812 0.662109
vt 0.997070 0.664062
vt 0.945312 0.664062
vt 0.939453 0.708984
vt 0.882812 0.708984
vt 0.997070 0.721680
vt 0.945312 0.721680
vt 0.997070 0.765625
vt 0.945312 0.765625
vt 0.940430 0.775391
vt 0.880859 0.775391
vt 0.939453 0.745117
vt 0.882812 0.745117
vt 0.945312 0.999023
vt 0.945312 0.933594
vt 0.997070 0.933594
vt 0.997070 0.999023
vt 0.945312 0.867188
vt 0.997070 0.867188
vt 0.945312 0.809570
vt 0.997070 0.809570
vt 0.997840 0.551383
vt 0.944679 0.551383
vt 0.944679 0.498223
vt 0.997840 0.498223
vt 0.500000 0.500000
vt 0.500000 1.000000
vt 0.750000 1.000000
vt 0.750000 0.500000
vt 0.940882 0.682622
vt 0.997291 0.682622
vt 0.997291 0.739031
vt 0.940882 0.739031
vt 0.938572 0.774978
vt 0.938572 0.991006
vt 0.998214 0.991006
vt 0.998214 0.774978
vt 0.876803 0.230113
vt 0.876803 0.457354
vt 0.939540 0.457354
vt 0.939540 0.230113
vt 0.944063 0.134098
vt 0.944063 0.583351
vt 0.976072 0.591760
vt 0.992580 0.575498
vt 0.992581 0.119632
vt 0.963460 0.111793
vt 0.976085 0.591751
vt 0.976098 0.591749
vt 0.944088 0.583338
vt 0.944076 0.583340
vt 0.944086 0.134103
vt 0.944099 0.134100
vt 0.963495 0.111794
vt 0.963482 0.111797
vt 0.992612 0.119633
vt 0.992611 0.575498
vt 0.992624 0.575496
vt 0.992625 0.119630
vt 0.992601 0.575502
vt 0.992614 0.575500
vt 0.976106 0.591764
vt 0.976093 0.591766
vt 0.944093 0.583350
vt 0.944096 0.134098
vt 0.944109 0.134096
vt 0.944105 0.583348
vt 0.963472 0.111781
vt 0.963485 0.111778
vt 0.992606 0.119619
vt 0.992593 0.119621
vt 0.882812 0.307617
vt 0.940430 0.307617
vt 0.940430 0.692383
vt 0.882812 0.692383
vt 0.876803 0.325888
vt 0.939540 0.325888
vt 0.939540 0.553129
vt 0.876803 0.553129
vt 0.001276 0.001126
vt 0.498101 0.001127
vt 0.498101 0.247109
vt 0.001276 0.247109
vt 0.940358 0.627304
vt 1.000000 0.627304
vt 1.000000 0.783554
vt 0.940358 0.783554
vt 0.940358 0.473835
vt 0.940358 0.630085
vt 1.000000 0.630085
vt 1.000000 0.473835
vt 0.940358 0.730562
vt 0.940358 0.886812
vt 1.000000 0.886812
vt 1.000000 0.730562
vt 0.940358 0.828829
vt 1.000000 0.828829
vt 1.000000 0.985079
vt 0.940358 0.985079
vt 0.876248 0.923766
vt 0.876248 0.865687
vt 0.934327 0.865687
vt 0.934327 0.923766
vt 0.939996 0.400470
vt 0.939996 0.337457
vt 0.876983 0.337457
vt 0.876983 0.400470
vt 0.940358 0.516329
vt 1.000000 0.516329
vt 1.000000 0.672579
vt 0.940358 0.672579
vt 0.940358 0.418062
vt 0.940358 0.574312
vt 1.000000 0.574312
vt 1.000000 0.418062
vt 0.940358 0.161334
vt 0.940358 0.317585
vt 1.000000 0.317585
vt 1.000000 0.161334
vt 0.940358 0.314804
vt 1.000000 0.314804
vt 1.000000 0.471054
vt 0.940358 0.471054
vt 0.940358 0.236679
vt 1.000000 0.236679
vt 0.940358 0.083209
vt 1.000000 0.083209
vt 0.940358 0.339937
vt 1.000000 0.339937
vt 0.940358 0.438204
vt 1.000000 0.438204
vt 0.940358 0.360079
vt 1.000000 0.360079
vt 0.940358 0.261812
vt 1.000000 0.261812
vt 0.940358 0.005084
vt 1.000000 0.005084
vt 0.940358 0.158554
vt 1.000000 0.158554
vt 0.000100 0.502278
vt 0.498454 0.502278
vt 0.249277 0.876043
vt 0.883789 0.627930
vt 0.883789 0.849609
vt 0.941406 0.849609
vt 0.939453 0.627930
vt 0.998047 0.063477
vt 0.997070 0.012695
vt 0.943359 0.013672
vt 0.943359 0.064453
vt 0.940430 0.219727
vt 0.940430 0.093750
vt 0.884766 0.093750
vt 0.884766 0.219727
vt 0.879697 0.134552
vt 0.938375 0.134552
vt 0.938375 0.075874
vt 0.879697 0.075874
vt 0.999023 0.219727
vt 0.999023 0.093750
vt 0.998047 0.130859
vt 0.998047 0.004883
vt 0.939453 0.004883
vt 0.939453 0.130859
vt 0.996094 0.849609
vt 0.998047 0.627930
vt 0.998047 0.499023
vt 0.939453 0.499023
vt 0.998047 0.374023
vt 0.939453 0.374023
vt 0.998047 0.252930
vt 0.939453 0.252930
vt 0.996863 0.938287
vt 0.999023 0.716797
vt 0.940430 0.716797
vt 0.942259 0.938335
vt 0.999023 0.587891
vt 0.940430 0.587891
vt 0.999023 0.462891
vt 0.940430 0.462891
vt 0.999023 0.341797
vt 0.940430 0.341797
vt 0.884766 0.716797
vt 0.884573 0.938237
vt 0.884766 0.587891
vt 0.884766 0.462891
vt 0.884766 0.341797
vt 0.883789 0.004883
vt 0.883789 0.130859
vt 0.883789 0.252930
vt 0.883789 0.374023
vt 0.883789 0.499023
vt 0.883447 0.851369
vt 0.883447 0.981505
vt 0.939300 0.981505
vt 0.939300 0.851369
vt 0.943050 0.077368
vt 0.943050 0.014163
vt 0.879844 0.014163
vt 0.879844 0.077368
vt 0.940247 0.245769
vt 0.937407 0.025570
vt 0.882894 0.025722
vt 0.884394 0.245769
vt 0.887479 0.111371
vt 0.944770 0.108044
vt 0.940656 0.049916
vt 0.883366 0.053989
vt 0.998504 0.245769
vt 0.999211 0.026090
vt 0.942097 0.025918
vt 0.997558 0.354283
vt 0.998348 0.134668
vt 0.941306 0.134532
vt 0.939300 0.354283
vt 0.997558 0.981505
vt 0.997558 0.851369
vt 0.997558 0.722537
vt 0.939300 0.722537
vt 0.997558 0.597758
vt 0.939300 0.597758
vt 0.997558 0.476478
vt 0.939300 0.476478
vt 0.998504 0.872992
vt 0.998504 0.742855
vt 0.940247 0.742855
vt 0.940247 0.872992
vt 0.998504 0.614023
vt 0.940247 0.614023
vt 0.998504 0.489245
vt 0.940247 0.489245
vt 0.998504 0.367964
vt 0.940247 0.367964
vt 0.884394 0.742855
vt 0.884394 0.872992
vt 0.884394 0.614023
vt 0.884394 0.489245
vt 0.884394 0.367964
vt 0.881976 0.134511
vt 0.883447 0.354283
vt 0.936608 0.134966
vt 0.883447 0.476478
vt 0.883447 0.597758
vt 0.883447 0.722537
vt 0.996283 0.431443
vt 0.996283 0.239011
vt 0.940497 0.239011
vt 0.940497 0.431443
vt 0.938591 0.726449
vt 0.938591 0.781182
vt 0.995785 0.781182
vt 0.995785 0.726449
vt 0.886074 0.239011
vt 0.886074 0.431443
vt 0.885713 0.431443
vt 0.885546 0.661005
vt 0.940135 0.660940
vt 0.940135 0.431443
vt 0.886475 0.002181
vt 0.886475 0.191341
vt 0.939972 0.191341
vt 0.939972 0.002181
vt 0.883846 0.416936
vt 0.937506 0.417001
vt 0.994810 0.191341
vt 0.994810 0.002181
vt 0.939727 0.416494
vt 0.995055 0.416494
vt 0.996525 0.660513
vt 0.940256 0.660513
vt 0.877930 0.237305
vt 0.938477 0.237305
vt 0.938477 0.458008
vt 0.877930 0.458008
vt 0.877930 0.125977
vt 0.877930 0.566406
vt 0.938477 0.566406
vt 0.938477 0.125977
vt 0.938572 0.224658
vt 0.998214 0.224658
vt 0.998214 0.656715
vt 0.938572 0.656715
vt 0.877930 0.373047
vt 0.938477 0.373047
vt 0.938477 0.813477
vt 0.877930 0.813477
vt 0.250000 0.750000
vt 0.499023 0.750000
vt 0.499023 0.999023
vt 0.250000 0.999023
vt 0.250000 0.540039
vt 0.499023 0.540039
vt 0.250000 0.516602
vt 0.274414 0.515625
vt 0.285156 0.508789
vt 0.328125 0.516602
vt 0.340820 0.512695
vt 0.374023 0.516602
vt 0.393555 0.516602
vt 0.412109 0.506836
vt 0.441406 0.515625
vt 0.457031 0.516602
vt 0.472656 0.505859
vt 0.486328 0.514648
vt 0.499023 0.512695
vt 0.626953 0.004883
vt 0.626953 0.073712
vt 0.508789 0.073712
vt 0.508789 0.004883
vt 0.980469 0.004883
vt 0.980469 0.073712
vt 0.862305 0.073712
vt 0.862305 0.004883
vt 0.862305 0.073712
vt 0.744141 0.073712
vt 0.744141 0.004883
vt 0.744141 0.073712
vt 0.626953 0.073712
vt 0.873047 0.132444
vt 0.752930 0.132444
vt 0.752930 0.029297
vt 0.873047 0.029297
vt 0.745117 0.127930
vt 0.745117 0.090820
vt 0.862305 0.090820
vt 0.862305 0.127930
vt 0.626953 0.127930
vt 0.626953 0.090820
vt 0.508789 0.127930
vt 0.508789 0.090820
vt 0.980469 0.090820
vt 0.980469 0.127930
vt 0.866419 0.490818
vt 0.976354 0.490818
vt 0.512903 0.490818
vt 0.622839 0.490818
vt 0.631067 0.490818
vt 0.741003 0.490818
vt 0.749198 0.490818
vt 0.858224 0.490818
vt 0.958984 0.122070
vt 0.958984 0.046875
vt 0.983398 0.023438
vt 0.983398 0.145508
vt 0.883789 0.046875
vt 0.860352 0.023438
vt 0.883789 0.122070
vt 0.860352 0.145508
vt 0.852539 0.492188
vt 0.852539 0.349609
vt 0.994141 0.349609
vt 0.994141 0.492188
vt 0.632812 0.132444
vt 0.511719 0.132444
vt 0.511719 0.029297
vt 0.632812 0.029297
vt 0.752930 0.132444
vt 0.632813 0.132444
vt 0.994141 0.132444
vt 0.994141 0.029297
vt 0.861328 0.355469
vt 0.979492 0.355469
vt 0.979492 0.496094
vt 0.861328 0.496094
vt 0.625000 0.355469
vt 0.743164 0.355469
vt 0.743164 0.496094
vt 0.625000 0.496094
vt 0.506836 0.355469
vt 0.506836 0.496094
vt 0.000000 0.000000
vt 0.856880 0.000000
vt 0.958081 0.057212
vt 1.000000 0.195334
vt 1.000000 0.804666
vt 0.958081 0.942788
vt 0.856880 1.000000
vt 0.000000 1.000000
vt 0.999023 0.626953
vt 0.999023 0.783203
vt 0.999023 0.886719
vt 0.999023 0.730469
vt 0.999023 0.829102
vt 0.999023 0.985352
vt 0.999023 0.516602
vt 0.999023 0.672852
vt 0.999023 0.574219
vt 0.999023 0.417969
vt 0.999023 0.314453
vt 0.999023 0.470703
vt 0.999023 0.158203
vt 0.999023 0.261719
vt 0.999023 0.360352
vt 0.998047 0.626953
vt 0.998047 0.783203
vt 0.998047 0.886719
vt 0.998047 0.730469
vt 0.879883 0.745117
vt 0.939453 0.901367
vt 0.879883 0.901367
vt 0.880859 0.923828
vt 0.880859 0.865234
vt 0.940539 0.865687
vt 0.940539 0.923766
vt 0.942529 0.397088
vt 0.942529 0.341424
vt 0.880859 0.340820
vt 0.880859 0.396484
vt 0.879883 0.432617
vt 0.939453 0.432617
vt 0.934540 0.588867
vt 0.879883 0.588867
vt 0.998047 0.574219
vt 0.998047 0.417969
vt 0.998047 0.314453
vt 0.998047 0.470703
vt 0.940134 0.471054
vt 0.998047 0.158203
vt 0.998047 0.261719
vt 0.879883 0.276367
vt 0.939453 0.276367
vt 0.944336 0.599609
vt 0.995624 0.599609
vt 0.995662 0.723633
vt 0.944336 0.723633
vt 0.944336 0.681641
vt 0.944336 0.805664
vt 0.995662 0.805664
vt 0.995624 0.681641
vt 0.944336 0.759766
vt 0.992188 0.759766
vt 0.992188 0.883789
vt 0.944336 0.883789
vt 0.944336 0.511719
vt 0.992188 0.511719
vt 0.992188 0.635742
vt 0.944336 0.635742
vt 0.944336 0.433594
vt 0.944336 0.557617
vt 0.995857 0.557623
vt 0.995720 0.433597
vt 0.944336 0.352539
vt 0.995721 0.352536
vt 0.995858 0.475580
vt 0.944336 0.475586
vt 0.995720 0.681638
vt 0.995857 0.557612
vt 0.995858 0.475592
vt 0.995721 0.599612
vt 0.944336 0.228516
vt 0.995761 0.228510
vt 0.995677 0.352536
vt 0.944336 0.309570
vt 0.995676 0.433597
vt 0.995763 0.309576
vt 0.944336 0.387695
vt 0.992188 0.387695
vt 0.950195 0.433594
vt 0.994956 0.433594
vt 0.994982 0.541016
vt 0.950195 0.541016
vt 0.950195 0.575195
vt 0.950195 0.683594
vt 0.994981 0.683594
vt 0.994956 0.575195
vt 0.950195 0.372070
vt 0.992188 0.372070
vt 0.992188 0.480469
vt 0.950195 0.480469
vt 0.950195 0.155273
vt 0.992188 0.155273
vt 0.992188 0.263672
vt 0.950195 0.263672
vt 0.950195 0.358398
vt 0.950195 0.466797
vt 0.995132 0.466797
vt 0.995171 0.358399
vt 0.950195 0.217773
vt 0.995171 0.217773
vt 0.995132 0.326172
vt 0.950195 0.326172
vt 0.994978 0.575196
vt 0.995020 0.466797
vt 0.995020 0.326171
vt 0.994978 0.433594
vt 0.950195 0.109375
vt 0.995173 0.109377
vt 0.995194 0.217774
vt 0.950195 0.251953
vt 0.995194 0.358398
vt 0.995173 0.251952
vt 0.950195 0.048828
vt 0.992188 0.048828
vt 0.911133 0.186523
vt 0.888672 0.186523
vt 0.890625 0.070312
vt 0.911133 0.070312
vt 0.913086 0.420898
vt 0.893555 0.420898
vt 0.891602 0.303711
vt 0.912109 0.303711
vt 0.914062 0.537109
vt 0.893555 0.535156
vt 0.922852 0.420898
vt 0.923828 0.537109
vt 0.992188 0.535156
vt 0.982422 0.535156
vt 0.980469 0.420898
vt 0.990234 0.420898
vt 0.992188 0.303711
vt 0.981933 0.303223
vt 0.983398 0.186523
vt 0.994141 0.186523
vt 0.921875 0.186523
vt 0.922363 0.303223
vt 0.921875 0.070312
vt 0.981934 0.070312
vt 0.992188 0.070312
vt 0.992188 0.840820
vt 0.982422 0.840820
vt 0.980469 0.726562
vt 0.990234 0.726562
vt 0.914062 0.842773
vt 0.893555 0.840820
vt 0.893555 0.726562
vt 0.913086 0.726562
vt 0.981445 0.608398
vt 0.992188 0.609375
vt 0.891602 0.609375
vt 0.912109 0.609375
vt 0.922852 0.608398
vt 0.922852 0.726562
vt 0.923828 0.842773
vt 0.992188 0.986328
vt 0.982422 0.986328
vt 0.980469 0.872070
vt 0.990234 0.872070
vt 0.914062 0.988281
vt 0.893555 0.986328
vt 0.893555 0.872070
vt 0.913086 0.872070
vt 0.981445 0.753906
vt 0.992188 0.754883
vt 0.891602 0.754883
vt 0.912109 0.754883
vt 0.922852 0.753906
vt 0.922852 0.872070
vt 0.923828 0.988281
vt 0.911133 0.642578
vt 0.890625 0.640625
vt 0.890625 0.526367
vt 0.910156 0.526367
vt 0.888672 0.409180
vt 0.909180 0.409180
vt 0.919922 0.408203
vt 0.919922 0.526367
vt 0.920898 0.642578
vt 0.908171 0.115061
vt 0.908171 0.569543
vt 0.908171 0.019286
vt 0.908171 0.473768
vt 0.997840 0.313976
vt 0.944679 0.313976
vt 0.940882 0.500000
vt 0.997291 0.500000
vt 0.943359 0.852539
vt 0.943359 0.147461
vt 0.997070 0.147461
vt 0.997070 0.852539
vt 0.944065 0.134098
vt 0.944065 0.583351
vt 0.976074 0.591760
vt 0.992581 0.575498
vt 0.992582 0.119632
vt 0.963461 0.111792
vt 0.976082 0.591755
vt 0.944072 0.583344
vt 0.944085 0.583341
vt 0.976094 0.591753
vt 0.944079 0.134101
vt 0.963475 0.111795
vt 0.963488 0.111792
vt 0.944092 0.134099
vt 0.992601 0.119633
vt 0.992601 0.575498
vt 0.992613 0.575495
vt 0.992615 0.119630
vt 0.992595 0.575501
vt 0.976087 0.591764
vt 0.976099 0.591762
vt 0.992607 0.575498
vt 0.944083 0.583351
vt 0.944085 0.134098
vt 0.944098 0.134096
vt 0.944095 0.583348
vt 0.963469 0.111785
vt 0.992589 0.119625
vt 0.992602 0.119623
vt 0.963482 0.111782
vt 0.944336 0.020508
vt 0.944336 0.404297
vt 0.998047 0.404297
vt 0.998047 0.020508
vt 0.883789 0.185547
vt 0.939453 0.185547
vt 0.939453 0.594727
vt 0.883789 0.594727
vt 0.997840 0.328446
vt 0.997840 0.275286
vt 0.944679 0.275286
vt 0.944679 0.328446
vt 0.944336 0.149414
vt 0.998047 0.149414
vt 0.998047 0.535156
vt 0.944336 0.535156
vt 0.882812 0.051758
vt 0.882812 0.441406
vt 0.936523 0.441406
vt 0.936523 0.051758
vt 0.997840 0.357608
vt 0.944679 0.357608
vt 0.944679 0.304447
vt 0.997840 0.304447
vt 0.940882 0.489888
vt 0.997291 0.489888
vt 0.997291 0.546298
vt 0.940882 0.546298
vt 0.940882 0.687645
vt 0.997292 0.687645
vt 0.997291 0.734008
vt 0.940882 0.734008
vt 0.882389 0.003975
vt 0.882389 0.247484
vt 0.933953 0.247484
vt 0.933953 0.003975
vt 0.938572 0.489261
vt 0.938572 0.720754
vt 0.998214 0.720755
vt 0.998214 0.489261
vt 0.882390 0.025341
vt 0.933953 0.025341
vt 0.933953 0.268850
vt 0.882389 0.268850
vt 0.997840 0.546649
vt 0.944679 0.546649
vt 0.944679 0.502957
vt 0.997840 0.502957
vt 0.882390 -0.031589
vt 0.882389 0.231216
vt 0.933953 0.231216
vt 0.933953 -0.031589
vt 0.938572 0.455451
vt 0.938572 0.705289
vt 0.998214 0.705289
vt 0.998214 0.455451
vt 0.882389 -0.010224
vt 0.933953 -0.010224
vt 0.933953 0.252582
vt 0.882389 0.252582
vt 0.876803 0.003975
vt 0.876802 0.231216
vt 0.939540 0.231216
vt 0.939540 0.003975
vt 0.876803 0.025341
vt 0.939540 0.025341
vt 0.939540 0.252582
vt 0.876802 0.252582
vt 0.883789 0.230469
vt 0.939453 0.230469
vt 0.939453 0.496094
vt 0.939453 0.769531
vt 0.883789 0.769531
vt 0.883789 0.496094
vt 0.939453 0.851562
vt 0.942383 0.985352
vt 0.998047 0.977539
vt 0.995117 0.851562
vt 0.997070 0.068359
vt 0.998047 0.019531
vt 0.948242 0.018555
vt 0.948242 0.067383
vt 0.995117 0.256836
vt 0.998047 0.100586
vt 0.944336 0.100586
vt 0.944336 0.256836
vt 0.949161 0.093513
vt 0.995390 0.094945
vt 0.996076 0.047914
vt 0.949847 0.047165
vt 0.997981 0.246597
vt 0.998685 0.083035
vt 0.941187 0.082904
vt 0.939804 0.246599
vt 0.997987 0.353451
vt 0.998569 0.189932
vt 0.941158 0.189829
vt 0.939843 0.353454
vt 0.996094 0.978516
vt 0.996772 0.852201
vt 0.938564 0.852202
vt 0.938477 0.979492
vt 0.997568 0.851826
vt 0.997576 0.722994
vt 0.939307 0.722994
vt 0.939316 0.851826
vt 0.998331 0.722014
vt 0.998334 0.597239
vt 0.940084 0.597246
vt 0.940064 0.722004
vt 0.998389 0.597968
vt 0.998402 0.476683
vt 0.940162 0.476677
vt 0.940117 0.597973
vt 0.998562 0.476532
vt 0.998562 0.354337
vt 0.940304 0.354337
vt 0.940305 0.476532
vt 0.998047 0.875977
vt 0.999023 0.743164
vt 0.941095 0.743010
vt 0.939453 0.875977
vt 0.998511 0.742397
vt 0.998519 0.613565
vt 0.940256 0.613565
vt 0.940265 0.742397
vt 0.997739 0.614545
vt 0.997717 0.489781
vt 0.939471 0.489774
vt 0.939474 0.614550
vt 0.997701 0.489092
vt 0.997656 0.367795
vt 0.939414 0.367800
vt 0.939427 0.489086
vt 0.997496 0.368018
vt 0.997497 0.245823
vt 0.939240 0.245823
vt 0.939239 0.368018
vt 0.997070 0.857422
vt 0.996094 0.730469
vt 0.943359 0.730469
vt 0.943359 0.850586
vt 0.994141 0.607422
vt 0.942383 0.607422
vt 0.942383 0.730469
vt 0.996094 0.489258
vt 0.942383 0.489258
vt 0.996094 0.373047
vt 0.943359 0.373047
vt 0.943359 0.489258
vt 0.996094 0.256836
vt 0.942383 0.256836
vt 0.942383 0.373047
vt 0.942383 0.190430
vt 0.940430 0.354492
vt 0.994141 0.354492
vt 0.991211 0.190430
vt 0.940430 0.476562
vt 0.996094 0.476562
vt 0.996094 0.354492
vt 0.939453 0.597656
vt 0.995117 0.597656
vt 0.995117 0.476562
vt 0.941406 0.722656
vt 0.996094 0.722656
vt 0.996094 0.597656
vt 0.996094 0.851562
vt 0.250000 0.583008
vt 0.499023 0.583008
vt 0.000977 0.583008
vt 0.000977 0.750000
vt 0.000977 0.999023
vt 0.000977 0.514648
vt 0.000977 0.540039
vt 0.250000 0.515625
vt 0.236328 0.515625
vt 0.207031 0.511719
vt 0.194336 0.516602
vt 0.167969 0.515625
vt 0.146484 0.509766
vt 0.132812 0.518555
vt 0.114258 0.514648
vt 0.081055 0.516602
vt 0.063477 0.512695
vt 0.041992 0.515625
vt 0.025391 0.510742
vt 0.010742 0.515625
vt 0.250000 0.513672
vt 0.499023 0.514648
vt 0.488281 0.513672
vt 0.470703 0.507812
vt 0.458008 0.515625
vt 0.432617 0.514648
vt 0.412109 0.511719
vt 0.392578 0.516602
vt 0.339844 0.511719
vt 0.327148 0.515625
vt 0.271484 0.516602
vt 0.883447 0.851369
vt 0.939300 0.981505
vt 0.939300 0.851369
vt 0.943049 0.077368
vt 0.940247 0.245769
vt 0.938571 0.084236
vt 0.882882 0.084314
vt 0.887827 0.108840
vt 0.942702 0.108122
vt 0.941221 0.052495
vt 0.886346 0.053880
vt 0.998504 0.245769
vt 0.999437 0.084603
vt 0.941188 0.084472
vt 0.997558 0.354283
vt 0.998553 0.193167
vt 0.940352 0.193056
vt 0.939300 0.354283
vt 0.997558 0.981505
vt 0.997558 0.722537
vt 0.997558 0.476478
vt 0.998504 0.614023
vt 0.940247 0.614023
vt 0.998504 0.489245
vt 0.940247 0.489245
vt 0.998504 0.367964
vt 0.940247 0.367964
vt 0.884394 0.742855
vt 0.884393 0.614023
vt 0.881961 0.193056
vt 0.937729 0.193370
vt 0.883447 0.476478
vt 0.883447 0.722537
vt 0.940882 0.458945
vt 0.940882 0.515354
vt 0.997291 0.515354
vt 0.997291 0.458945
vt 0.940882 0.682622
vt 0.997291 0.682622
vt 0.997291 0.739031
vt 0.876802 0.350771
vt 0.939540 0.350771
vt 0.938572 0.818944
vt 0.998214 0.818944
vt 0.939540 0.372136
vt 0.876803 0.372136
vt 0.876802 -0.124915
vt 0.939539 -0.124915
vt 0.938572 0.366731
vt 0.998214 0.366731
vt 0.876802 -0.103550
vt 0.939540 -0.103550
vt 1.000000 0.621984
vt 0.940358 0.621984
vt 0.940358 0.468514
vt 1.000000 0.468514
vt 0.940358 0.725241
vt 1.000000 0.725241
vt 1.000000 0.823509
vt 0.940358 0.823509
vt 0.940065 0.739897
vt 0.940065 0.382338
vt 0.883242 0.382338
vt 0.883242 0.739897
vt 0.994788 0.739897
vt 0.994788 0.382338
vt 0.994571 0.997710
vt 0.994571 0.640150
vt 0.939847 0.640150
vt 0.939847 0.997710
vt 0.883025 0.640150
vt 0.883025 0.997710
vt 0.940065 0.024779
vt 0.883242 0.024779
vt 0.994788 0.024779
vt 0.994570 0.282591
vt 0.939847 0.282591
vt 0.883025 0.282591
vt 0.883789 0.784180
vt 0.883789 0.994141
vt 0.941406 0.994141
vt 0.939453 0.784180
vt 0.997070 0.084961
vt 0.997070 0.034180
vt 0.944336 0.034180
vt 0.943359 0.085938
vt 0.887695 0.125000
vt 0.935547 0.125000
vt 0.935547 0.076172
vt 0.887695 0.076172
vt 0.998047 0.287109
vt 0.998047 0.161133
vt 0.939453 0.161133
vt 0.939453 0.287109
vt 0.996094 0.994141
vt 0.998047 0.784180
vt 0.998047 0.655273
vt 0.939453 0.655273
vt 0.998047 0.530273
vt 0.939453 0.530273
vt 0.998047 0.409180
vt 0.939453 0.409180
vt 0.997113 0.926725
vt 0.942077 0.926763
vt 0.884613 0.926685
vt 0.883789 0.161133
vt 0.883789 0.287109
vt 0.883789 0.409180
vt 0.883789 0.530273
vt 0.883789 0.655273
vt 0.883789 0.810547
vt 0.883789 0.940430
vt 0.939453 0.940430
vt 0.939453 0.810547
vt 0.939453 0.078125
vt 0.939453 0.025391
vt 0.887695 0.025391
vt 0.887695 0.078125
vt 0.937085 0.039166
vt 0.883486 0.039291
vt 0.886835 0.110770
vt 0.943563 0.108062
vt 0.940062 0.050504
vt 0.883334 0.053965
vt 0.998663 0.039642
vt 0.942499 0.039487
vt 0.997070 0.313477
vt 0.998047 0.107422
vt 0.941406 0.107422
vt 0.939453 0.313477
vt 0.997070 0.940430
vt 0.997070 0.810547
vt 0.997070 0.681641
vt 0.939453 0.681641
vt 0.997070 0.556641
vt 0.939453 0.556641
vt 0.997070 0.435547
vt 0.939453 0.435547
vt 0.882812 0.107422
vt 0.883789 0.313477
vt 0.936523 0.107422
vt 0.883789 0.435547
vt 0.883789 0.556641
vt 0.883789 0.681641
vt 0.998047 0.555664
vt 0.998047 0.504883
vt 0.948242 0.504883
vt 0.948242 0.555664
vt 0.944336 0.677734
vt 0.944336 0.730469
vt 0.997070 0.730469
vt 0.997070 0.677734
vt 0.884766 0.256836
vt 0.943359 0.256836
vt 0.943359 0.466797
vt 0.884766 0.466797
vt 0.942383 0.763672
vt 0.998047 0.763672
vt 0.998047 0.964844
vt 0.942383 0.964844
vt 0.884766 0.345703
vt 0.884766 0.556641
vt 0.943359 0.556641
vt 0.943359 0.345703
vt 0.994141 0.557617
vt 0.945312 0.557617
vt 0.945312 0.509766
vt 0.994141 0.509766
vt 0.942383 0.674805
vt 0.993164 0.674805
vt 0.993164 0.724609
vt 0.942383 0.724609
vt 0.884766 0.270508
vt 0.884766 0.473633
vt 0.941406 0.473633
vt 0.941406 0.270508
vt 0.940430 0.756836
vt 0.940430 0.951172
vt 0.994141 0.951172
vt 0.994141 0.756836
vt 0.884766 0.355469
vt 0.941406 0.355469
vt 0.941406 0.558594
vt 0.884766 0.558594
vt 0.887695 0.145508
vt 0.887695 0.560547
vt 0.945312 0.560547
vt 0.945312 0.145508
vt 0.944336 0.246094
vt 0.999023 0.246094
vt 0.999023 0.640625
vt 0.944336 0.640625
vt 0.887695 0.377930
vt 0.945312 0.377930
vt 0.945312 0.793945
vt 0.887695 0.793945
vt 0.999023 0.351562
vt 0.999023 0.302734
vt 0.950195 0.302734
vt 0.950195 0.351562
vt 0.946289 0.471680
vt 0.946289 0.523438
vt 0.998047 0.523438
vt 0.998047 0.471680
vt 0.499023 0.539062
vt 0.250000 0.537109
vt 0.250000 0.520508
vt 0.275391 0.519531
vt 0.284180 0.510742
vt 0.329102 0.516602
vt 0.349609 0.512695
vt 0.389648 0.518555
vt 0.408203 0.513672
vt 0.457031 0.517578
vt 0.471680 0.508789
vt 0.490234 0.514648
s 1
usemtl MAIN.003
f 2/1/1 3/2/2 4/3/3 1/4/4
f 5/5/5 8/6/6 4/7/3 3/8/2
f 6/9/7 7/10/8 8/11/6 5/12/5
f 14/13/9 11/14/10 10/15/11 13/16/1
f 9/17/12 10/18/11 11/19/10 12/20/13
f 4/21/3 8/22/6 7/23/8 1/24/4
f 9/25/12 15/26/14 13/27/1 10/28/11
f 12/29/13 20/30/15 15/31/14 9/32/12
f 22/33/9 14/13/9 13/16/1 21/34/1
f 17/35/16 18/36/17 19/37/18 16/38/19
f 15/26/14 23/39/2 21/40/1 13/27/1
f 20/41/15 28/42/20 23/43/2 15/44/14
f 6/45/7 22/46/9 21/47/1 2/48/1
f 25/49/21 26/50/22 27/51/23 24/52/24
f 23/39/2 3/2/2 2/1/1 21/40/1
f 28/53/20 5/5/5 3/8/2 23/54/2
f 1/55/4 7/56/8 6/45/7 2/48/1
f 30/57/25 31/58/26 32/59/27 29/60/28
f 14/13/9 35/61/9 33/62/29 11/14/10
f 22/33/9 30/63/25 35/64/9 14/13/9
f 6/45/7 31/65/26 30/66/25 22/46/9
f 11/67/10 33/68/29 34/69/30 12/70/13
f 5/71/5 28/72/20 29/73/28 32/74/27
f 20/41/15 36/75/31 29/76/28 28/42/20
f 20/41/15 12/77/13 34/78/30 36/75/31
f 6/79/7 5/80/5 32/81/27 31/82/26
f 36/75/31 24/83/24 27/84/23 29/76/28
f 34/85/30 37/86/32 24/83/24 36/75/31
f 29/87/28 27/88/23 26/89/22 30/90/25
f 33/91/29 35/64/9 25/92/21 38/93/33
f 35/64/9 30/94/25 26/95/22 25/92/21
f 33/96/29 38/97/33 37/98/32 34/99/30
f 37/100/32 16/101/19 19/102/18 24/103/24
f 24/104/24 19/105/18 18/106/17 25/107/21
f 38/108/33 25/92/21 18/109/17 17/110/16
f 40/111/34 41/112/35 42/113/11 39/114/36
f 44/115/37 45/116/38 46/117/39 43/118/40
f 42/119/11 44/120/37 43/121/40 39/122/36
f 41/123/35 45/117/38 44/118/37 42/124/11
f 40/121/34 46/125/39 45/126/38 41/127/35
f 39/128/36 43/129/40 46/130/39 40/131/34
f 48/132/41 49/133/42 50/134/43 47/135/44
f 52/136/45 53/137/46 54/138/47 51/139/48
f 52/136/45 51/139/48 47/140/44 50/141/43
f 56/142/49 57/143/50 58/144/51 55/145/52
f 60/146/53 57/147/50 56/148/49 59/149/54
f 47/150/44 51/151/48 54/152/47 48/153/41
f 56/154/49 55/155/52 61/156/55 59/157/54
f 57/158/50 60/159/53 62/160/56 58/161/51
f 58/162/51 62/160/56 61/163/55 55/164/52
f 64/165/57 60/146/53 59/149/54 63/166/58
f 63/167/58 59/157/54 61/156/55 65/168/59
f 62/160/56 60/159/53 64/169/57 66/170/60
f 62/160/56 66/170/60 65/171/59 61/163/55
f 53/172/46 64/165/57 63/166/58 49/173/42
f 65/168/59 50/134/43 49/133/42 63/167/58
f 66/170/60 64/169/57 53/137/46 52/136/45
f 66/170/60 52/136/45 50/141/43 65/171/59
f 54/174/47 53/172/46 49/173/42 48/175/41
f 68/176/61 69/177/62 70/178/62 67/179/61
f 72/180/63 73/181/63 74/182/64 71/183/64
f 69/184/62 73/182/63 72/183/63 70/185/62
f 67/186/61 71/187/64 74/188/64 68/189/61
f 76/190/61 77/191/62 78/192/62 75/193/61
f 80/194/63 81/195/63 82/196/64 79/197/64
f 77/198/62 81/196/63 80/197/63 78/199/62
f 75/200/61 79/201/64 82/202/64 76/203/61
f 84/204/65 85/205/66 86/206/67 83/207/68
f 88/208/63 89/209/63 90/210/64 87/211/64
f 85/212/66 89/210/63 88/211/63 86/213/67
f 83/214/68 87/215/64 90/216/64 84/217/65
f 92/218/61 93/219/62 94/220/62 91/221/61
f 96/222/63 97/223/63 98/224/64 95/225/64
f 93/226/62 97/224/63 96/225/63 94/227/62
f 91/228/61 95/229/64 98/230/64 92/231/61
f 100/232/41 101/233/42 102/234/43 99/235/44
f 104/236/45 105/237/46 106/238/47 103/239/48
f 104/236/45 103/239/48 99/240/44 102/241/43
f 112/242/53 109/243/50 108/244/49 111/245/54
f 108/246/49 107/247/52 113/248/55 111/249/54
f 109/250/50 112/251/53 114/252/56 110/253/51
f 110/254/51 114/252/56 113/255/55 107/256/52
f 116/257/57 112/242/53 111/245/54 115/258/69
f 115/259/69 111/249/54 113/248/55 117/260/59
f 114/252/56 112/251/53 116/261/57 118/262/60
f 114/252/56 118/262/60 117/263/59 113/255/55
f 105/264/46 116/257/57 115/258/69 101/265/42
f 117/260/59 102/234/43 101/233/42 115/259/69
f 118/262/60 116/261/57 105/237/46 104/236/45
f 118/262/60 104/236/45 102/241/43 117/263/59
f 106/266/47 105/264/46 101/265/42 100/267/41
f 120/268/61 121/269/62 122/270/62 119/271/61
f 124/272/63 125/273/63 126/274/64 123/275/64
f 121/276/62 125/274/63 124/275/63 122/277/62
f 119/278/61 123/279/64 126/280/64 120/281/61
f 128/282/61 129/283/62 130/284/62 127/285/61
f 132/286/63 133/287/63 134/288/64 131/289/64
f 129/290/62 133/288/63 132/289/63 130/291/62
f 127/292/61 131/293/64 134/294/64 128/295/61
f 136/296/61 137/297/62 138/298/62 135/299/61
f 140/300/63 141/301/63 142/302/64 139/303/64
f 137/304/62 141/302/63 140/303/63 138/305/62
f 135/306/61 139/307/64 142/308/64 136/309/61
f 108/310/49 109/311/50 110/312/51 107/313/52
f 99/314/44 103/315/48 106/316/47 100/317/41
f 37/318/32 38/319/33 17/320/16 16/321/19
f 150/322/70 149/323/70 148/324/70 152/325/70
f 153/326/71 147/327/71 148/328/71 149/329/71
f 154/330/72 150/331/72 152/332/72 151/333/72
f 153/334/9 149/335/9 150/336/9 154/337/9
f 154/338/73 151/339/73 147/340/73 153/341/73
f 148/342/31 147/343/31 151/344/31 152/345/31
f 145/346/70 146/347/70 144/348/70 143/349/70
f 155/350/74 156/351/74 161/352/74 163/353/74 164/354/74 162/355/74 157/356/74 160/357/74 159/358/74 158/359/74
f 181/360/75 182/361/75 173/362/75 174/363/75
f 170/364/76 169/365/76 179/366/76 180/366/76
f 183/367/77 184/368/77 166/369/77 165/370/77
f 181/371/78 174/363/78 175/372/78 183/373/78
f 182/374/79 168/374/79 166/375/79 184/375/79
f 172/362/70 171/363/70 174/363/70 173/362/70
f 171/363/70 169/365/70 175/372/70 174/363/70
f 170/364/70 172/362/70 173/362/70 176/376/70
f 169/365/70 170/364/70 176/376/70 175/372/70
f 178/377/70 177/377/70 180/366/70 179/366/70
f 169/365/80 171/363/80 178/377/80 179/366/80
f 172/362/81 170/364/81 180/366/81 177/377/81
f 171/363/82 172/362/82 177/377/82 178/377/82
f 173/362/83 182/374/83 184/375/83 176/376/83
f 167/371/84 181/371/84 183/373/84 165/373/84
f 175/372/85 176/376/85 184/368/85 183/367/85
f 167/378/86 168/379/86 182/361/86 181/360/86
f 318/380/87 319/380/88 313/380/89 312/380/90
f 257/381/91 258/382/92 252/383/93 251/384/94
f 188/385/91 189/386/95 327/387/96 326/388/94
f 199/389/97 200/390/98 194/390/99 193/389/100
f 328/391/101 190/392/102 185/393/103 323/394/104
f 247/383/105 253/383/106 254/395/104 248/395/107
f 258/382/92 259/382/108 253/383/106 252/383/93
f 255/396/109 249/396/110 248/397/107 254/397/104
f 187/389/111 193/389/100 194/390/99 188/390/91
f 263/381/99 264/382/112 258/382/92 257/381/91
f 188/385/91 194/385/99 195/386/113 189/386/95
f 203/393/114 204/389/115 198/389/116 197/393/117
f 202/392/118 197/393/117 191/393/119 196/392/120
f 268/398/121 262/398/122 261/378/123 267/378/124
f 264/382/112 265/382/125 259/382/108 258/382/92
f 263/381/99 257/381/91 262/398/122 268/398/121
f 207/386/126 208/392/127 202/392/118 201/386/128
f 269/399/98 270/400/129 264/382/112 263/381/99
f 210/389/130 211/389/131 205/389/132 204/389/115
f 270/400/129 271/400/133 265/382/125 264/382/112
f 283/400/134 284/401/135 278/401/114 277/400/136
f 284/402/135 285/403/137 279/403/138 278/402/114
f 259/382/108 265/382/125 266/379/119 260/379/103
f 260/404/103 266/404/119 267/378/124 261/378/123
f 275/399/139 276/400/140 270/400/129 269/399/98
f 216/405/141 217/405/142 211/389/131 210/389/130
f 276/400/140 277/400/136 271/400/133 270/400/129
f 286/406/143 280/406/144 279/403/138 285/403/137
f 286/406/143 281/399/145 275/399/139 280/406/144
f 280/406/144 274/406/146 273/403/147 279/403/138
f 275/399/139 269/399/98 274/406/146 280/406/144
f 281/399/145 282/400/148 276/400/140 275/399/139
f 222/405/149 223/405/150 217/405/142 216/405/141
f 282/400/148 283/400/134 277/400/136 276/400/140
f 295/400/151 296/401/152 290/401/153 289/400/154
f 296/402/152 297/403/155 291/403/156 290/402/153
f 271/400/133 277/400/136 278/401/114 272/401/117
f 272/402/117 278/402/114 279/403/138 273/403/147
f 287/399/157 288/400/158 282/400/148 281/399/145
f 228/405/159 229/405/160 223/405/150 222/405/149
f 288/400/158 289/400/154 283/400/134 282/400/148
f 298/406/161 292/406/162 291/403/156 297/403/155
f 298/406/161 293/399/163 287/399/157 292/406/162
f 292/406/162 286/406/143 285/403/137 291/403/156
f 287/399/157 281/399/145 286/406/143 292/406/162
f 293/399/163 294/400/164 288/400/158 287/399/157
f 234/405/165 235/405/166 229/405/160 228/405/159
f 294/400/164 295/400/151 289/400/154 288/400/158
f 307/380/167 308/407/168 302/407/169 301/380/170
f 308/388/168 309/387/171 303/387/172 302/388/169
f 283/400/134 289/400/154 290/401/153 284/401/135
f 284/402/135 290/402/153 291/403/156 285/403/137
f 299/394/173 300/380/174 294/400/164 293/399/163
f 240/405/175 241/405/176 235/405/166 234/405/165
f 300/380/174 301/380/170 295/400/151 294/400/164
f 310/391/177 304/391/178 303/387/172 309/387/171
f 310/391/177 305/394/179 299/394/173 304/391/178
f 304/391/178 298/406/161 297/403/155 303/387/172
f 299/394/173 293/399/163 298/406/161 304/391/178
f 305/394/179 306/380/180 300/380/174 299/394/173
f 246/383/181 247/383/105 241/405/176 240/405/175
f 306/380/180 307/380/167 301/380/170 300/380/174
f 320/388/182 321/387/183 315/387/184 314/388/185
f 319/380/88 320/407/182 314/407/185 313/380/89
f 295/400/151 301/380/170 302/407/169 296/401/152
f 296/402/152 302/388/169 303/387/172 297/403/155
f 311/394/186 312/380/90 306/380/180 305/394/179
f 312/380/90 313/380/89 307/380/167 306/380/180
f 321/387/183 322/391/187 316/391/188 315/387/184
f 262/398/122 257/381/91 251/384/94 256/408/189
f 191/393/119 192/389/190 186/389/191 185/393/103
f 311/394/186 305/394/179 310/391/177 316/391/188
f 315/387/184 316/391/188 310/391/177 309/387/171
f 317/394/107 318/380/87 312/380/90 311/394/186
f 203/393/114 197/393/117 202/392/118 208/392/127
f 196/392/120 191/393/119 185/393/103 190/392/102
f 212/385/145 213/386/192 207/386/126 206/385/139
f 314/388/185 315/387/184 309/387/171 308/388/168
f 307/380/167 313/380/89 314/407/185 308/407/168
f 256/408/189 250/408/193 249/396/110 255/396/109
f 322/391/187 317/394/107 311/394/186 316/391/188
f 192/389/190 193/389/100 187/389/111 186/389/191
f 324/380/194 325/380/195 319/380/88 318/380/87
f 325/380/195 326/407/94 320/407/182 319/380/88
f 195/386/113 196/392/120 190/392/102 189/386/95
f 197/393/117 198/389/116 192/389/190 191/393/119
f 323/394/104 317/394/107 322/391/187 328/391/101
f 198/389/116 199/389/97 193/389/100 192/389/190
f 211/389/131 212/390/145 206/390/139 205/389/132
f 189/386/95 190/392/102 328/391/101 327/387/96
f 201/386/128 202/392/118 196/392/120 195/386/113
f 326/388/94 327/387/96 321/387/183 320/388/182
f 199/389/97 205/389/132 206/390/139 200/390/98
f 200/385/98 206/385/139 207/386/126 201/386/128
f 213/386/192 214/392/196 208/392/127 207/386/126
f 214/392/196 209/393/135 203/393/114 208/392/127
f 209/393/135 210/389/130 204/389/115 203/393/114
f 219/409/197 220/410/198 214/392/196 213/386/192
f 215/411/153 209/393/135 214/392/196 220/410/198
f 223/405/150 224/412/163 218/412/157 217/405/142
f 224/413/163 225/409/199 219/409/197 218/413/157
f 215/411/153 216/405/141 210/389/130 209/393/135
f 211/389/131 217/405/142 218/412/157 212/390/145
f 212/385/145 218/413/157 219/409/197 213/386/192
f 225/409/199 226/410/200 220/410/198 219/409/197
f 226/410/200 221/411/152 215/411/153 220/410/198
f 221/411/152 222/405/149 216/405/141 215/411/153
f 231/409/201 232/410/202 226/410/200 225/409/199
f 227/411/169 221/411/152 226/410/200 232/410/202
f 235/405/166 236/412/179 230/412/173 229/405/160
f 236/413/179 237/409/203 231/409/201 230/413/173
f 227/411/169 228/405/159 222/405/149 221/411/152
f 223/405/150 229/405/160 230/412/173 224/412/163
f 224/413/163 230/413/173 231/409/201 225/409/199
f 237/409/203 238/410/204 232/410/202 231/409/201
f 238/410/204 233/411/168 227/411/169 232/410/202
f 233/411/168 234/405/165 228/405/159 227/411/169
f 243/409/205 244/410/206 238/410/204 237/409/203
f 239/411/185 233/411/168 238/410/204 244/410/206
f 247/383/105 248/395/107 242/412/186 241/405/176
f 248/397/107 249/396/110 243/409/205 242/413/186
f 239/411/185 240/405/175 234/405/165 233/411/168
f 235/405/166 241/405/176 242/412/186 236/412/179
f 236/413/179 242/413/186 243/409/205 237/409/203
f 250/408/193 244/410/206 243/409/205 249/396/110
f 250/408/193 245/384/182 239/411/185 244/410/206
f 245/384/182 246/383/181 240/405/175 239/411/185
f 256/408/189 251/384/94 245/384/182 250/408/193
f 259/382/108 260/379/103 254/395/104 253/383/106
f 260/404/103 261/378/123 255/396/109 254/397/104
f 251/384/94 252/383/93 246/383/181 245/384/182
f 252/383/93 253/383/106 247/383/105 246/383/181
f 262/398/122 256/408/189 255/396/109 261/378/123
f 323/394/104 185/393/103 186/389/191 324/380/194
f 200/385/98 201/386/128 195/386/113 194/385/99
f 272/402/117 273/403/147 267/378/124 266/404/119
f 271/400/133 272/401/117 266/379/119 265/382/125
f 323/394/104 324/380/194 318/380/87 317/394/107
f 327/387/96 328/391/101 322/391/187 321/387/183
f 274/406/146 269/399/98 263/381/99 268/398/121
f 274/406/146 268/398/121 267/378/124 273/403/147
f 187/389/111 188/390/91 326/407/94 325/380/195
f 204/389/115 205/389/132 199/389/97 198/389/116
f 186/389/191 187/389/111 325/380/195 324/380/194
f 334/414/207 333/415/208 338/416/209 337/417/210
f 329/418/40 335/419/36 336/420/1 332/421/2
f 334/414/207 336/422/1 335/423/36 333/415/208
f 331/424/211 330/425/212 329/426/40 332/427/2
f 333/428/208 335/429/36 329/430/40 330/431/212
f 339/432/213 340/433/214 344/434/215 343/435/216
f 330/425/212 331/424/211 340/433/214 339/432/213
f 333/428/208 330/431/212 339/436/213 338/437/209
f 343/435/216 344/434/215 348/438/217 347/439/218
f 337/417/210 338/416/209 342/440/219 341/441/220
f 338/437/209 339/436/213 343/442/216 342/443/219
f 341/441/220 342/440/219 346/444/221 345/445/222
f 342/443/219 343/442/216 347/446/218 346/447/221
f 346/447/221 347/446/218 351/448/223 350/449/224
f 347/439/218 348/438/217 352/450/71 351/451/223
f 345/445/222 346/444/221 350/452/224 349/453/72
f 358/414/225 361/417/226 362/416/227 357/415/228
f 353/418/36 356/421/1 360/420/2 359/419/40
f 358/414/225 357/415/228 359/423/40 360/422/2
f 355/424/229 356/427/1 353/426/36 354/425/230
f 357/428/228 354/431/230 353/430/36 359/429/40
f 363/432/231 367/435/232 368/434/233 364/433/234
f 354/425/230 363/432/231 364/433/234 355/424/229
f 357/454/228 362/455/227 363/456/231 354/457/230
f 367/435/232 371/439/235 372/438/236 368/434/233
f 361/417/226 365/441/237 366/440/238 362/416/227
f 362/455/227 366/458/238 367/459/232 363/456/231
f 365/441/237 369/445/239 370/444/240 366/440/238
f 366/458/238 370/460/240 371/461/235 367/459/232
f 370/460/240 350/449/224 351/448/223 371/461/235
f 371/439/235 351/451/223 352/450/71 372/438/236
f 369/445/239 349/453/72 350/452/224 370/444/240
f 379/462/70 380/463/70 377/464/70 376/465/70
f 374/466/9 373/467/9 382/468/9 381/469/9
f 375/470/73 383/471/73 378/472/73 384/473/73
f 377/474/9 383/475/9 375/476/9 376/477/9
f 380/478/72 378/479/72 383/480/72 377/481/72
f 386/482/241 388/483/241 390/484/241 389/485/241 385/486/241 387/487/241
f 390/488/242 396/489/242 395/490/242 388/491/242
f 386/492/243 394/493/243 393/494/243 387/495/243
f 385/496/244 389/497/244 391/498/244 392/499/244
f 389/500/245 391/501/245 396/502/245 390/503/245
f 388/504/246 386/505/246 394/506/246 395/507/246
f 387/508/247 393/509/247 392/510/247 385/511/247
f 380/512/31 379/513/31 384/514/31 378/515/31
f 379/516/71 376/517/71 375/518/71 384/519/71
f 403/462/73 404/463/73 401/464/73 400/465/73
f 398/466/31 397/467/31 406/468/31 405/469/31
f 399/470/70 407/471/70 402/472/70 408/473/70
f 401/474/31 407/475/31 399/476/31 400/477/31
f 404/478/72 402/479/72 407/480/72 401/481/72
f 410/482/248 412/483/248 414/484/248 413/485/248 409/486/248 411/487/248
f 414/488/249 412/491/249 419/490/249 420/489/249
f 410/492/250 411/495/250 417/494/250 418/493/250
f 409/496/251 413/497/251 415/498/251 416/499/251
f 413/500/252 414/503/252 420/502/252 415/501/252
f 412/504/253 410/505/253 418/506/253 419/507/253
f 411/508/254 409/511/254 416/510/254 417/509/254
f 404/512/9 403/513/9 408/514/9 402/515/9
f 403/516/71 400/517/71 399/518/71 408/519/71
f 421/520/70 422/521/70 423/522/70 424/523/70
f 425/520/70 426/521/70 427/522/70 428/523/70
f 429/520/9 430/521/9 431/522/9 432/523/9
f 433/520/31 434/521/31 435/522/31 436/523/31
f 459/524/255 458/525/255 437/526/255 441/527/255
f 457/528/256 443/529/256 437/530/256 458/531/256
f 460/532/257 440/533/257 443/534/257 457/535/257
f 460/536/258 459/537/258 441/538/258 440/539/258
f 440/540/72 441/541/72 437/542/72 443/543/72
f 442/544/71 439/545/71 438/546/71 444/547/71
f 450/548/259 449/549/259 447/550/260 448/551/261
f 450/552/262 448/553/263 445/554/263 451/555/262
f 451/556/264 445/557/265 446/558/265 452/559/264
f 449/560/266 452/561/266 446/562/267 447/563/267
f 453/564/268 456/565/268 452/561/268 449/560/268
f 455/566/269 451/556/264 452/559/264 456/567/269
f 454/568/270 450/552/262 451/555/262 455/569/270
f 454/570/271 453/571/271 449/549/271 450/548/271
f 444/572/272 438/573/272 453/571/272 454/570/272
f 444/574/273 454/568/273 455/569/273 442/575/273
f 442/576/274 455/566/274 456/567/274 439/577/274
f 438/578/275 439/579/275 456/565/275 453/564/275
f 448/551/261 447/550/260 459/537/276 460/536/276
f 448/553/263 460/532/277 457/535/277 445/554/263
f 445/557/265 457/528/278 458/531/278 446/558/265
f 447/563/267 446/562/267 458/525/279 459/524/279
f 483/524/255 482/525/255 461/526/255 465/527/255
f 481/528/256 467/529/256 461/530/256 482/531/256
f 484/532/257 464/533/257 467/534/257 481/535/257
f 484/536/258 483/537/258 465/538/258 464/539/258
f 464/540/72 465/541/72 461/542/72 467/543/72
f 466/544/71 463/545/71 462/546/71 468/547/71
f 474/548/259 473/549/259 471/550/260 472/551/261
f 474/552/262 472/553/263 469/554/263 475/555/262
f 475/556/264 469/557/265 470/558/265 476/559/264
f 473/560/266 476/561/266 470/562/267 471/563/267
f 477/564/268 480/565/268 476/561/268 473/560/268
f 479/566/269 475/556/264 476/559/264 480/567/269
f 478/568/270 474/552/262 475/555/262 479/569/270
f 478/570/271 477/571/271 473/549/271 474/548/271
f 468/572/272 462/573/272 477/571/272 478/570/272
f 468/574/273 478/568/273 479/569/273 466/575/273
f 466/576/274 479/566/274 480/567/274 463/577/274
f 462/578/275 463/579/275 480/565/275 477/564/275
f 472/551/261 471/550/260 483/537/276 484/536/276
f 472/553/263 484/532/277 481/535/277 469/554/263
f 469/557/265 481/528/278 482/531/278 470/558/265
f 471/563/267 470/562/267 482/525/279 483/524/279
f 507/524/280 506/525/280 485/526/281 489/527/281
f 505/528/282 491/529/283 485/530/283 506/531/282
f 508/532/284 488/533/285 491/534/285 505/535/284
f 508/536/286 507/537/286 489/538/287 488/539/287
f 488/540/72 489/541/72 485/542/72 491/543/72
f 490/544/71 487/545/71 486/546/71 492/547/71
f 498/548/259 497/549/259 495/550/259 496/551/259
f 498/552/262 496/553/288 493/554/288 499/555/262
f 499/556/264 493/557/289 494/558/289 500/559/264
f 497/560/266 500/561/266 494/562/290 495/563/290
f 501/564/268 504/565/268 500/561/268 497/560/268
f 503/566/269 499/556/264 500/559/264 504/567/269
f 502/568/270 498/552/262 499/555/262 503/569/270
f 502/570/271 501/571/271 497/549/271 498/548/271
f 492/572/272 486/573/272 501/571/272 502/570/272
f 492/574/273 502/568/273 503/569/273 490/575/273
f 490/576/274 503/566/274 504/567/274 487/577/274
f 486/578/275 487/579/275 504/565/275 501/564/275
f 496/551/291 495/550/291 507/537/286 508/536/286
f 496/553/288 508/532/284 505/535/284 493/554/288
f 493/557/289 505/528/282 506/531/282 494/558/289
f 495/563/290 494/562/290 506/525/280 507/524/280
f 509/580/70 511/581/70 510/582/70
f 520/583/292 514/584/293 515/585/294 528/586/295
f 514/587/293 518/588/296 519/589/297 515/590/294
f 529/591/298 516/592/299 517/593/300 538/594/301
f 516/595/299 512/596/302 513/597/303 517/598/300
f 539/599/304 512/600/302 516/592/299 529/591/298
f 538/601/301 517/602/300 513/603/303 524/604/305
f 519/605/297 534/606/306 528/586/295 515/585/294
f 534/606/306 535/607/307 527/608/308 528/586/295
f 535/607/307 536/609/309 526/610/310 527/608/308
f 536/609/309 537/611/311 525/612/312 526/610/310
f 537/611/311 538/601/301 524/604/305 525/612/312
f 514/613/293 520/614/292 533/615/313 518/616/296
f 520/614/292 521/617/314 532/618/315 533/615/313
f 521/617/314 522/619/316 531/620/317 532/618/315
f 522/619/316 523/621/318 530/622/319 531/620/317
f 523/621/318 539/599/304 529/591/298 530/622/319
f 518/616/296 533/615/313 534/623/306 519/624/297
f 533/615/313 532/618/315 535/625/307 534/623/306
f 532/618/315 531/620/317 536/626/309 535/625/307
f 531/620/317 530/622/319 537/627/311 536/626/309
f 530/622/319 529/591/298 538/594/301 537/627/311
f 512/628/302 539/629/304 524/604/305 513/603/303
f 539/629/304 523/630/318 525/612/312 524/604/305
f 523/630/318 522/631/316 526/610/310 525/612/312
f 522/631/316 521/632/314 527/608/308 526/610/310
f 521/632/314 520/583/292 528/586/295 527/608/308
f 548/633/320 542/634/321 543/635/322 557/636/323
f 542/637/321 546/638/324 547/639/325 543/640/322
f 558/641/326 544/642/327 545/643/328 567/644/329
f 544/645/327 540/646/330 541/647/331 545/648/328
f 552/649/332 540/650/330 544/651/327 558/641/326
f 567/652/329 545/653/328 541/654/331 553/655/333
f 547/656/325 563/657/334 557/636/323 543/635/322
f 563/657/334 564/658/335 556/659/336 557/636/323
f 564/658/335 565/660/337 555/661/338 556/659/336
f 565/660/337 566/662/339 554/663/340 555/661/338
f 566/662/339 567/652/329 553/655/333 554/663/340
f 542/664/321 548/665/320 562/666/341 546/667/324
f 548/665/320 549/668/342 561/669/343 562/666/341
f 549/668/342 550/670/344 560/671/345 561/669/343
f 550/670/344 551/672/346 559/673/347 560/671/345
f 551/672/346 552/649/332 558/641/326 559/673/347
f 546/667/324 562/666/341 563/674/334 547/675/325
f 562/666/341 561/669/343 564/676/335 563/674/334
f 561/669/343 560/671/345 565/677/337 564/676/335
f 560/671/345 559/673/347 566/678/339 565/677/337
f 559/673/347 558/641/326 567/644/329 566/678/339
f 540/679/330 552/680/332 553/655/333 541/681/331
f 552/680/332 551/682/346 554/663/340 553/655/333
f 551/682/346 550/683/344 555/661/338 554/663/340
f 550/683/344 549/684/342 556/659/336 555/661/338
f 549/684/342 548/633/320 557/636/323 556/659/336
f 572/685/348 568/686/349 569/687/350 575/688/351
f 568/689/349 570/690/352 571/691/353 569/692/350
f 571/693/353 578/694/354 575/688/351 569/687/350
f 578/695/354 579/696/355 574/697/356 575/698/351
f 568/699/349 572/700/348 577/701/357 570/702/352
f 572/700/348 573/703/358 576/704/359 577/701/357
f 570/702/352 577/701/357 578/705/354 571/706/353
f 577/701/357 576/707/359 579/708/355 578/705/354
f 573/709/358 572/685/348 575/688/351 574/710/356
f 584/462/73 581/465/73 582/464/73 585/463/73
f 580/470/70 587/473/70 583/472/70 586/471/70
f 585/711/72 582/712/72 586/713/72 583/714/72
f 582/474/9 581/477/9 580/476/9 586/475/9
f 584/516/71 587/519/71 580/518/71 581/517/71
f 592/462/73 593/463/73 590/464/73 589/465/73
f 588/470/70 594/471/70 591/472/70 595/473/70
f 593/478/72 591/479/72 594/480/72 590/481/72
f 590/474/31 594/475/31 588/476/31 589/477/31
f 592/516/71 589/517/71 588/518/71 595/519/71
f 602/715/71 596/716/71 597/717/71 598/718/71
f 599/719/70 598/720/70 597/721/70 601/722/70
f 603/723/72 599/724/72 601/725/72 600/726/72
f 602/334/9 598/335/9 599/336/9 603/337/9
f 597/342/31 596/343/31 600/344/31 601/345/31
f 677/322/70 676/323/70 675/324/70 679/325/70
f 680/326/71 674/327/71 675/328/71 676/329/71
f 681/330/72 677/331/72 679/332/72 678/333/72
f 680/334/9 676/335/9 677/336/9 681/337/9
f 681/338/73 678/339/73 674/340/73 680/341/73
f 675/342/31 674/343/31 678/344/31 679/345/31
f 672/346/70 673/347/70 671/348/70 670/349/70
f 682/350/74 683/351/74 688/352/74 690/353/74 691/354/74 689/355/74 684/356/74 687/357/74 686/358/74 685/359/74
f 708/360/75 709/361/75 700/362/75 701/363/75
f 697/364/76 696/365/76 706/366/76 707/366/76
f 710/367/77 711/368/77 693/369/77 692/370/77
f 708/371/78 701/363/78 702/372/78 710/373/78
f 709/374/79 695/374/79 693/375/79 711/375/79
f 699/362/70 698/363/70 701/363/70 700/362/70
f 698/363/70 696/365/70 702/372/70 701/363/70
f 697/364/70 699/362/70 700/362/70 703/376/70
f 696/365/70 697/364/70 703/376/70 702/372/70
f 705/377/70 704/377/70 707/366/70 706/366/70
f 696/365/80 698/363/80 705/377/80 706/366/80
f 699/362/81 697/364/81 707/366/81 704/377/81
f 698/363/82 699/362/82 704/377/82 705/377/82
f 700/362/83 709/374/83 711/375/83 703/376/83
f 694/371/84 708/371/84 710/373/84 692/373/84
f 702/372/85 703/376/85 711/368/85 710/367/85
f 694/378/86 695/379/86 709/361/86 708/360/86
f 845/380/87 846/380/88 840/380/89 839/380/90
f 784/381/91 785/382/92 779/383/93 778/384/94
f 715/385/91 716/386/95 854/387/96 853/388/94
f 726/389/97 727/390/98 721/390/99 720/389/100
f 855/391/101 717/392/102 712/393/103 850/394/104
f 774/383/105 780/383/106 781/395/104 775/395/107
f 785/382/92 786/382/108 780/383/106 779/383/93
f 782/396/109 776/396/110 775/397/107 781/397/104
f 714/389/111 720/389/100 721/390/99 715/390/91
f 790/381/99 791/382/112 785/382/92 784/381/91
f 715/385/91 721/385/99 722/386/113 716/386/95
f 730/393/114 731/389/115 725/389/116 724/393/117
f 729/392/118 724/393/117 718/393/119 723/392/120
f 795/398/121 789/398/122 788/378/123 794/378/124
f 791/382/112 792/382/125 786/382/108 785/382/92
f 790/381/99 784/381/91 789/398/122 795/398/121
f 734/386/126 735/392/127 729/392/118 728/386/128
f 796/399/98 797/400/129 791/382/112 790/381/99
f 737/389/130 738/389/131 732/389/132 731/389/115
f 797/400/129 798/400/133 792/382/125 791/382/112
f 810/400/134 811/401/135 805/401/114 804/400/136
f 811/402/135 812/403/137 806/403/138 805/402/114
f 786/382/108 792/382/125 793/379/119 787/379/103
f 787/404/103 793/404/119 794/378/124 788/378/123
f 802/399/139 803/400/140 797/400/129 796/399/98
f 743/405/141 744/405/142 738/389/131 737/389/130
f 803/400/140 804/400/136 798/400/133 797/400/129
f 813/406/143 807/406/144 806/403/138 812/403/137
f 813/406/143 808/399/145 802/399/139 807/406/144
f 807/406/144 801/406/146 800/403/147 806/403/138
f 802/399/139 796/399/98 801/406/146 807/406/144
f 808/399/145 809/400/148 803/400/140 802/399/139
f 749/405/149 750/405/150 744/405/142 743/405/141
f 809/400/148 810/400/134 804/400/136 803/400/140
f 822/400/151 823/401/152 817/401/153 816/400/154
f 823/402/152 824/403/155 818/403/156 817/402/153
f 798/400/133 804/400/136 805/401/114 799/401/117
f 799/402/117 805/402/114 806/403/138 800/403/147
f 814/399/157 815/400/158 809/400/148 808/399/145
f 755/405/159 756/405/160 750/405/150 749/405/149
f 815/400/158 816/400/154 810/400/134 809/400/148
f 825/406/161 819/406/162 818/403/156 824/403/155
f 825/406/161 820/399/163 814/399/157 819/406/162
f 819/406/162 813/406/143 812/403/137 818/403/156
f 814/399/157 808/399/145 813/406/143 819/406/162
f 820/399/163 821/400/164 815/400/158 814/399/157
f 761/405/165 762/405/166 756/405/160 755/405/159
f 821/400/164 822/400/151 816/400/154 815/400/158
f 834/380/167 835/407/168 829/407/169 828/380/170
f 835/388/168 836/387/171 830/387/172 829/388/169
f 810/400/134 816/400/154 817/401/153 811/401/135
f 811/402/135 817/402/153 818/403/156 812/403/137
f 826/394/173 827/380/174 821/400/164 820/399/163
f 767/405/175 768/405/176 762/405/166 761/405/165
f 827/380/174 828/380/170 822/400/151 821/400/164
f 837/391/177 831/391/178 830/387/172 836/387/171
f 837/391/177 832/394/179 826/394/173 831/391/178
f 831/391/178 825/406/161 824/403/155 830/387/172
f 826/394/173 820/399/163 825/406/161 831/391/178
f 832/394/179 833/380/180 827/380/174 826/394/173
f 773/383/181 774/383/105 768/405/176 767/405/175
f 833/380/180 834/380/167 828/380/170 827/380/174
f 847/388/182 848/387/183 842/387/184 841/388/185
f 846/380/88 847/407/182 841/407/185 840/380/89
f 822/400/151 828/380/170 829/407/169 823/401/152
f 823/402/152 829/388/169 830/387/172 824/403/155
f 838/394/186 839/380/90 833/380/180 832/394/179
f 839/380/90 840/380/89 834/380/167 833/380/180
f 848/387/183 849/391/187 843/391/188 842/387/184
f 789/398/122 784/381/91 778/384/94 783/408/189
f 718/393/119 719/389/190 713/389/191 712/393/103
f 838/394/186 832/394/179 837/391/177 843/391/188
f 842/387/184 843/391/188 837/391/177 836/387/171
f 844/394/107 845/380/87 839/380/90 838/394/186
f 730/393/114 724/393/117 729/392/118 735/392/127
f 723/392/120 718/393/119 712/393/103 717/392/102
f 739/385/145 740/386/192 734/386/126 733/385/139
f 841/388/185 842/387/184 836/387/171 835/388/168
f 834/380/167 840/380/89 841/407/185 835/407/168
f 783/408/189 777/408/193 776/396/110 782/396/109
f 849/391/187 844/394/107 838/394/186 843/391/188
f 719/389/190 720/389/100 714/389/111 713/389/191
f 851/380/194 852/380/195 846/380/88 845/380/87
f 852/380/195 853/407/94 847/407/182 846/380/88
f 722/386/113 723/392/120 717/392/102 716/386/95
f 724/393/117 725/389/116 719/389/190 718/393/119
f 850/394/104 844/394/107 849/391/187 855/391/101
f 725/389/116 726/389/97 720/389/100 719/389/190
f 738/389/131 739/390/145 733/390/139 732/389/132
f 716/386/95 717/392/102 855/391/101 854/387/96
f 728/386/128 729/392/118 723/392/120 722/386/113
f 853/388/94 854/387/96 848/387/183 847/388/182
f 726/389/97 732/389/132 733/390/139 727/390/98
f 727/385/98 733/385/139 734/386/126 728/386/128
f 740/386/192 741/392/196 735/392/127 734/386/126
f 741/392/196 736/393/135 730/393/114 735/392/127
f 736/393/135 737/389/130 731/389/115 730/393/114
f 746/409/197 747/410/198 741/392/196 740/386/192
f 742/411/153 736/393/135 741/392/196 747/410/198
f 750/405/150 751/412/163 745/412/157 744/405/142
f 751/413/163 752/409/199 746/409/197 745/413/157
f 742/411/153 743/405/141 737/389/130 736/393/135
f 738/389/131 744/405/142 745/412/157 739/390/145
f 739/385/145 745/413/157 746/409/197 740/386/192
f 752/409/199 753/410/200 747/410/198 746/409/197
f 753/410/200 748/411/152 742/411/153 747/410/198
f 748/411/152 749/405/149 743/405/141 742/411/153
f 758/409/201 759/410/202 753/410/200 752/409/199
f 754/411/169 748/411/152 753/410/200 759/410/202
f 762/405/166 763/412/179 757/412/173 756/405/160
f 763/413/179 764/409/203 758/409/201 757/413/173
f 754/411/169 755/405/159 749/405/149 748/411/152
f 750/405/150 756/405/160 757/412/173 751/412/163
f 751/413/163 757/413/173 758/409/201 752/409/199
f 764/409/203 765/410/204 759/410/202 758/409/201
f 765/410/204 760/411/168 754/411/169 759/410/202
f 760/411/168 761/405/165 755/405/159 754/411/169
f 770/409/205 771/410/206 765/410/204 764/409/203
f 766/411/185 760/411/168 765/410/204 771/410/206
f 774/383/105 775/395/107 769/412/186 768/405/176
f 775/397/107 776/396/110 770/409/205 769/413/186
f 766/411/185 767/405/175 761/405/165 760/411/168
f 762/405/166 768/405/176 769/412/186 763/412/179
f 763/413/179 769/413/186 770/409/205 764/409/203
f 777/408/193 771/410/206 770/409/205 776/396/110
f 777/408/193 772/384/182 766/411/185 771/410/206
f 772/384/182 773/383/181 767/405/175 766/411/185
f 783/408/189 778/384/94 772/384/182 777/408/193
f 786/382/108 787/379/103 781/395/104 780/383/106
f 787/404/103 788/378/123 782/396/109 781/397/104
f 778/384/94 779/383/93 773/383/181 772/384/182
f 779/383/93 780/383/106 774/383/105 773/383/181
f 789/398/122 783/408/189 782/396/109 788/378/123
f 850/394/104 712/393/103 713/389/191 851/380/194
f 727/385/98 728/386/128 722/386/113 721/385/99
f 799/402/117 800/403/147 794/378/124 793/404/119
f 798/400/133 799/401/117 793/379/119 792/382/125
f 850/394/104 851/380/194 845/380/87 844/394/107
f 854/387/96 855/391/101 849/391/187 848/387/183
f 801/406/146 796/399/98 790/381/99 795/398/121
f 801/406/146 795/398/121 794/378/124 800/403/147
f 714/389/111 715/390/91 853/407/94 852/380/195
f 731/389/115 732/389/132 726/389/97 725/389/116
f 713/389/191 714/389/111 852/380/195 851/380/194
f 861/414/207 860/415/208 865/416/209 864/417/210
f 856/418/40 862/419/36 863/420/1 859/421/2
f 861/414/207 863/422/1 862/423/36 860/415/208
f 858/424/211 857/425/212 856/426/40 859/427/2
f 860/428/208 862/429/36 856/430/40 857/431/212
f 866/432/213 867/433/214 871/434/215 870/435/216
f 857/425/212 858/424/211 867/433/214 866/432/213
f 860/428/208 857/431/212 866/436/213 865/437/209
f 870/435/216 871/434/215 875/438/217 874/439/218
f 864/417/210 865/416/209 869/440/219 868/441/220
f 865/437/209 866/436/213 870/442/216 869/443/219
f 868/441/220 869/440/219 873/444/221 872/445/222
f 869/443/219 870/442/216 874/446/218 873/447/221
f 873/447/221 874/446/218 878/448/223 877/449/224
f 874/439/218 875/438/217 879/450/71 878/451/223
f 872/445/222 873/444/221 877/452/224 876/453/72
f 885/414/225 888/417/226 889/416/227 884/415/228
f 880/418/36 883/421/1 887/420/2 886/419/40
f 885/414/225 884/415/228 886/423/40 887/422/2
f 882/424/229 883/427/1 880/426/36 881/425/230
f 884/428/228 881/431/230 880/430/36 886/429/40
f 890/432/231 894/435/232 895/434/233 891/433/234
f 881/425/230 890/432/231 891/433/234 882/424/229
f 884/454/228 889/455/227 890/456/231 881/457/230
f 894/435/232 898/439/235 899/438/236 895/434/233
f 888/417/226 892/441/237 893/440/238 889/416/227
f 889/455/227 893/458/238 894/459/232 890/456/231
f 892/441/237 896/445/239 897/444/240 893/440/238
f 893/458/238 897/460/240 898/461/235 894/459/232
f 897/460/240 877/449/224 878/448/223 898/461/235
f 898/439/235 878/451/223 879/450/71 899/438/236
f 896/445/239 876/453/72 877/452/224 897/444/240
f 906/462/73 903/465/73 904/464/73 907/463/73
f 901/466/9 908/469/9 909/468/9 900/467/9
f 902/470/70 911/473/70 905/472/70 910/471/70
f 904/474/9 903/477/9 902/476/9 910/475/9
f 907/478/72 904/481/72 910/480/72 905/479/72
f 913/482/378 914/487/378 912/486/378 916/485/378 917/484/378 915/483/378
f 917/488/247 923/489/247 922/490/247 915/491/247
f 913/492/379 921/493/379 920/494/379 914/495/379
f 912/496/380 919/499/380 918/498/380 916/497/380
f 916/500/381 918/501/381 923/502/381 917/503/381
f 915/504/382 922/507/382 921/506/382 913/505/382
f 914/508/242 920/509/242 919/510/242 912/511/242
f 907/512/31 905/515/31 911/514/31 906/513/31
f 906/516/71 911/519/71 902/518/71 903/517/71
f 931/322/9 930/323/9 929/324/9 933/325/9
f 934/326/72 930/329/72 929/328/72 928/327/72
f 935/330/72 931/331/72 933/332/72 932/333/72
f 934/334/73 930/335/73 931/336/73 935/337/73
f 935/338/31 932/339/31 928/340/31 934/341/31
f 929/342/70 928/343/70 932/344/70 933/345/70
f 926/346/9 927/347/9 925/348/9 924/349/9
f 958/524/383 957/819/384 944/820/385 948/527/386
f 959/532/387 947/533/388 950/821/389 956/822/390
f 959/536/387 958/823/383 948/824/386 947/539/388
f 947/540/388 948/541/386 944/542/385 950/543/389
f 949/544/391 946/545/392 945/546/393 951/547/394
f 961/548/395 960/825/396 954/826/397 955/551/398
f 961/552/395 955/553/398 952/827/399 962/828/400
f 960/560/396 963/829/401 953/830/402 954/563/397
f 955/551/398 954/826/397 958/823/383 959/536/387
f 955/553/398 959/532/387 956/822/390 952/827/399
f 954/563/397 953/830/402 957/819/384 958/524/383
f 945/578/393 946/831/392 963/829/401 960/560/396
f 951/574/394 961/552/395 962/828/400 949/832/391
f 951/572/394 945/833/393 960/825/396 961/548/395
f 978/524/403 977/834/404 964/835/405 968/527/406
f 979/532/407 967/533/408 970/836/409 976/837/410
f 979/838/407 978/452/403 968/839/406 967/840/408
f 967/841/408 968/842/406 964/843/405 970/844/409
f 969/845/411 966/846/412 965/847/413 971/848/414
f 981/849/415 980/850/416 974/851/417 975/852/418
f 981/552/415 975/553/418 972/853/419 982/854/420
f 980/560/416 983/855/421 973/856/422 974/857/417
f 975/852/418 974/851/417 978/452/403 979/838/407
f 975/553/418 979/532/407 976/837/410 972/853/419
f 974/857/417 973/856/422 977/834/404 978/524/403
f 965/578/413 966/858/412 983/855/421 980/560/416
f 971/574/414 981/552/415 982/854/420 969/859/411
f 971/860/414 965/861/413 980/850/416 981/849/415
f 998/862/423 997/863/424 984/864/425 988/865/426
f 999/866/427 987/867/428 990/868/429 996/869/430
f 999/870/427 998/871/423 988/872/426 987/873/428
f 1001/874/431 1000/875/432 994/876/433 995/877/434
f 1001/878/431 995/879/434 992/880/435 1002/881/436
f 1000/882/432 1003/883/437 993/884/438 994/885/433
f 995/877/434 994/876/433 998/871/423 999/870/427
f 995/879/434 999/866/427 996/886/430 992/887/435
f 994/885/433 993/888/438 997/889/424 998/862/423
f 985/890/439 986/891/440 1003/892/437 1000/882/432
f 991/893/441 1001/878/431 1002/894/436 989/895/442
f 991/896/441 985/897/439 1000/875/432 1001/874/431
f 1018/898/443 1017/899/444 1004/900/445 1008/901/446
f 1019/902/447 1007/903/448 1010/904/449 1016/905/450
f 1019/906/447 1018/907/443 1008/908/446 1007/909/448
f 1021/910/451 1020/911/452 1014/912/453 1015/913/454
f 1021/914/451 1015/915/454 1012/916/455 1022/917/456
f 1020/918/452 1023/919/457 1013/920/458 1014/921/453
f 1015/913/454 1014/912/453 1018/907/443 1019/906/447
f 1015/915/454 1019/902/447 1016/922/450 1012/923/455
f 1014/921/453 1013/924/458 1017/925/444 1018/898/443
f 1005/926/459 1006/927/460 1023/928/457 1020/918/452
f 1011/929/461 1021/914/451 1022/930/456 1009/931/462
f 1011/932/461 1005/933/459 1020/911/452 1021/910/451
f 1031/934/463 1030/935/464 1026/936/465 1025/937/466
f 1033/938/467 1032/939/468 1028/940/469 1029/941/470
f 1029/941/470 1028/940/469 1030/935/464 1031/934/463
f 1027/942/471 1024/943/472 1032/939/468 1033/938/467
f 1027/942/471 1033/938/467 1043/944/473 1034/945/474
f 1024/946/472 1036/947/475 1042/948/476 1032/949/468
f 1028/950/469 1039/951/477 1041/952/478 1030/953/464
f 1029/941/470 1031/934/463 1040/954/479 1038/955/480
f 1032/949/468 1042/948/476 1039/951/477 1028/950/469
f 1033/938/467 1029/941/470 1038/955/480 1043/944/473
f 1031/934/463 1025/937/466 1037/956/481 1040/954/479
f 1030/953/464 1041/952/478 1035/957/482 1026/958/465
f 1044/959/483 1047/960/484 1048/961/485 1045/962/486
f 1046/963/487 1044/964/483 1045/965/486 1052/966/488
f 1045/962/486 1048/961/485 1049/967/489 1050/968/490
f 1052/966/488 1045/965/486 1050/969/490 1051/970/491
f 1052/966/488 1051/970/491 1053/971/492 1054/972/493
f 1046/963/487 1052/966/488 1054/972/493 1055/973/494
f 1056/946/483 1059/947/484 1060/948/485 1057/949/495
f 1058/942/487 1056/943/483 1057/939/495 1064/938/488
f 1057/949/495 1060/948/485 1061/951/489 1062/950/490
f 1064/938/488 1057/939/495 1062/940/490 1063/941/491
f 1064/938/488 1063/941/491 1065/955/492 1066/944/493
f 1058/942/487 1064/938/488 1066/944/493 1067/945/494
f 1068/974/496 1071/975/497 1072/976/498 1069/977/499
f 1070/978/500 1068/979/496 1069/980/499 1076/981/501
f 1069/977/499 1072/976/498 1073/982/502 1074/983/503
f 1076/981/501 1069/980/499 1074/984/503 1075/985/504
f 1076/981/501 1075/985/504 1077/986/505 1078/987/506
f 1070/978/500 1076/981/501 1078/987/506 1079/988/507
f 1082/989/500 1080/990/508 1081/991/509 1085/992/501
f 1085/992/501 1081/991/509 1083/993/510 1084/994/504
f 1085/992/501 1084/994/504 1086/995/505 1087/996/506
f 1082/989/500 1085/992/501 1087/996/506 1088/997/507
f 1095/462/73 1092/465/73 1093/464/73 1096/463/73
f 1090/466/9 1097/469/9 1098/468/9 1089/467/9
f 1091/470/70 1100/473/70 1094/472/70 1099/471/70
f 1093/474/9 1092/477/9 1091/476/9 1099/475/9
f 1096/478/72 1093/481/72 1099/480/72 1094/479/72
f 1102/482/378 1103/487/378 1101/486/378 1105/485/378 1106/484/378 1104/483/378
f 1106/488/247 1112/489/247 1111/490/247 1104/491/247
f 1102/492/511 1110/493/511 1109/494/511 1103/495/511
f 1101/496/512 1108/499/512 1107/498/512 1105/497/512
f 1105/500/381 1107/501/381 1112/502/381 1106/503/381
f 1104/504/382 1111/507/382 1110/506/382 1102/505/382
f 1103/508/242 1109/509/242 1108/510/242 1101/511/242
f 1096/512/31 1094/515/31 1100/514/31 1095/513/31
f 1095/516/71 1100/519/71 1091/518/71 1092/517/71
f 1115/346/73 1116/347/73 1114/348/73 1113/349/73
f 1127/998/71 1125/999/71 1118/328/71 1119/329/71
f 1120/322/73 1119/323/73 1118/324/73 1122/325/73
f 1128/1000/72 1120/331/72 1122/332/72 1126/1001/72
f 1127/1002/31 1119/335/31 1120/336/31 1128/1003/31
f 1125/1004/9 1117/343/9 1121/344/9 1126/1005/9
f 1124/1006/70 1121/1007/70 1117/1008/70 1123/1009/70
f 1118/342/9 1125/1004/9 1126/1005/9 1122/345/9
f 1123/334/31 1127/1002/31 1128/1003/31 1124/337/31
f 1124/330/72 1128/1000/72 1126/1001/72 1121/333/72
f 1123/326/71 1117/327/71 1125/999/71 1127/998/71
f 1135/462/73 1136/463/73 1133/464/73 1132/465/73
f 1131/470/70 1139/471/70 1134/472/70 1140/473/70
f 1130/466/31 1129/467/31 1138/468/31 1137/469/31
f 1136/478/72 1134/479/72 1139/480/72 1133/481/72
f 1133/474/31 1139/475/31 1131/476/31 1132/477/31
f 1135/516/71 1132/517/71 1131/518/71 1140/519/71
f 1142/1010/248 1144/1011/248 1146/1012/248 1145/1013/248 1141/1014/248 1143/1015/248
f 1146/1016/249 1144/1017/249 1151/1018/249 1152/1019/249
f 1142/1020/250 1143/1021/250 1149/1022/250 1150/1023/250
f 1141/1024/251 1145/1025/251 1147/1026/251 1148/1027/251
f 1145/1028/252 1146/1029/252 1152/1030/252 1147/1031/252
f 1144/1032/253 1142/1033/253 1150/1034/253 1151/1035/253
f 1143/1036/254 1141/1037/254 1148/1038/254 1149/1039/254
f 1159/462/73 1160/463/73 1157/464/73 1156/465/73
f 1155/470/70 1163/471/70 1158/472/70 1164/473/70
f 1154/466/31 1153/467/31 1162/468/31 1161/469/31
f 1160/478/72 1158/479/72 1163/480/72 1157/481/72
f 1157/474/31 1163/475/31 1155/476/31 1156/477/31
f 1159/516/71 1156/517/71 1155/518/71 1164/519/71
f 1166/1010/248 1168/1011/248 1170/1012/248 1169/1013/248 1165/1014/248 1167/1015/248
f 1170/1016/249 1168/1017/249 1175/1018/249 1176/1019/249
f 1166/1020/250 1167/1021/250 1173/1022/250 1174/1023/250
f 1165/1024/251 1169/1025/251 1171/1026/251 1172/1027/251
f 1169/1028/252 1170/1029/252 1176/1030/252 1171/1031/252
f 1168/1032/253 1166/1033/253 1174/1034/253 1175/1035/253
f 1167/1036/254 1165/1037/254 1172/1038/254 1173/1039/254
f 1184/322/70 1183/323/70 1182/324/70 1186/325/70
f 1187/326/71 1181/327/71 1182/328/71 1183/329/71
f 1188/330/72 1184/331/72 1186/332/72 1185/333/72
f 1187/334/9 1183/335/9 1184/336/9 1188/337/9
f 1188/338/73 1185/339/73 1181/340/73 1187/341/73
f 1182/342/31 1181/343/31 1185/344/31 1186/345/31
f 1179/346/70 1180/347/70 1178/348/70 1177/349/70
f 1195/462/73 1192/465/73 1193/464/73 1196/463/73
f 1190/466/9 1197/469/9 1198/468/9 1189/467/9
f 1191/470/70 1200/473/70 1194/472/70 1199/471/70
f 1193/474/9 1192/477/9 1191/476/9 1199/475/9
f 1196/478/72 1193/481/72 1199/480/72 1194/479/72
f 1202/482/378 1203/487/378 1201/486/378 1205/485/378 1206/484/378 1204/483/378
f 1206/488/247 1212/489/247 1211/490/247 1204/491/247
f 1202/492/379 1210/493/379 1209/494/379 1203/495/379
f 1201/496/380 1208/499/380 1207/498/380 1205/497/380
f 1205/500/381 1207/501/381 1212/502/381 1206/503/381
f 1204/504/382 1211/507/382 1210/506/382 1202/505/382
f 1203/508/242 1209/509/242 1208/510/242 1201/511/242
f 1196/512/31 1194/515/31 1200/514/31 1195/513/31
f 1195/516/71 1200/519/71 1191/518/71 1192/517/71
f 1220/322/9 1219/323/9 1218/324/9 1222/325/9
f 1223/326/71 1217/327/71 1218/328/71 1219/329/71
f 1224/330/72 1220/331/72 1222/332/72 1221/333/72
f 1223/334/73 1219/335/73 1220/336/73 1224/337/73
f 1224/338/31 1221/339/31 1217/340/31 1223/341/31
f 1218/342/70 1217/343/70 1221/344/70 1222/345/70
f 1215/346/9 1216/347/9 1214/348/9 1213/349/9
f 1247/524/383 1246/819/384 1233/820/385 1237/527/386
f 1248/532/387 1236/533/388 1239/821/389 1245/822/390
f 1248/536/387 1247/823/383 1237/824/386 1236/539/388
f 1236/540/388 1237/541/386 1233/542/385 1239/543/389
f 1238/544/391 1235/545/392 1234/546/393 1240/547/394
f 1250/548/395 1249/825/396 1243/826/397 1244/551/398
f 1250/552/395 1244/553/398 1241/827/399 1251/828/400
f 1249/560/396 1252/829/401 1242/830/402 1243/563/397
f 1244/551/398 1243/826/397 1247/823/383 1248/536/387
f 1244/553/398 1248/532/387 1245/822/390 1241/827/399
f 1243/563/397 1242/830/402 1246/819/384 1247/524/383
f 1234/578/393 1235/831/392 1252/829/401 1249/560/396
f 1240/574/394 1250/552/395 1251/828/400 1238/832/391
f 1240/572/394 1234/833/393 1249/825/396 1250/548/395
f 1267/524/403 1266/834/404 1253/835/405 1257/527/406
f 1268/532/407 1256/533/408 1259/836/409 1265/837/410
f 1268/838/407 1267/452/403 1257/839/406 1256/840/408
f 1256/841/408 1257/842/406 1253/843/405 1259/844/409
f 1258/845/411 1255/846/412 1254/847/413 1260/848/414
f 1270/849/415 1269/850/416 1263/851/417 1264/852/418
f 1270/552/415 1264/553/418 1261/853/419 1271/854/420
f 1269/560/416 1272/855/421 1262/856/422 1263/857/417
f 1264/852/418 1263/851/417 1267/452/403 1268/838/407
f 1264/553/418 1268/532/407 1265/837/410 1261/853/419
f 1263/857/417 1262/856/422 1266/834/404 1267/524/403
f 1254/578/413 1255/858/412 1272/855/421 1269/560/416
f 1260/574/414 1270/552/415 1271/854/420 1258/859/411
f 1260/860/414 1254/861/413 1269/850/416 1270/849/415
f 1287/862/423 1286/863/424 1273/864/425 1277/865/426
f 1288/866/427 1276/867/428 1279/868/429 1285/869/430
f 1288/870/427 1287/871/423 1277/872/426 1276/873/428
f 1290/874/431 1289/875/432 1283/876/433 1284/877/434
f 1290/878/431 1284/879/434 1281/880/435 1291/881/436
f 1289/882/432 1292/883/437 1282/884/438 1283/885/433
f 1284/877/434 1283/876/433 1287/871/423 1288/870/427
f 1284/879/434 1288/866/427 1285/886/430 1281/887/435
f 1283/885/433 1282/888/438 1286/889/424 1287/862/423
f 1274/890/439 1275/891/440 1292/892/437 1289/882/432
f 1280/893/441 1290/878/431 1291/894/436 1278/895/442
f 1280/896/441 1274/897/439 1289/875/432 1290/874/431
f 1307/898/443 1306/899/444 1293/900/445 1297/901/446
f 1308/902/447 1296/903/448 1299/904/449 1305/905/450
f 1308/906/447 1307/907/443 1297/908/446 1296/909/448
f 1310/910/451 1309/911/452 1303/912/453 1304/913/454
f 1310/914/451 1304/915/454 1301/916/455 1311/917/456
f 1309/918/452 1312/919/457 1302/920/458 1303/921/453
f 1304/913/454 1303/912/453 1307/907/443 1308/906/447
f 1304/915/454 1308/902/447 1305/922/450 1301/923/455
f 1303/921/453 1302/924/458 1306/925/444 1307/898/443
f 1294/926/459 1295/927/460 1312/928/457 1309/918/452
f 1300/929/461 1310/914/451 1311/930/456 1298/931/462
f 1300/932/461 1294/933/459 1309/911/452 1310/910/451
f 1320/934/463 1319/935/464 1315/936/465 1314/937/466
f 1322/938/467 1321/939/468 1317/940/469 1318/941/470
f 1318/941/470 1317/940/469 1319/935/464 1320/934/463
f 1316/942/471 1313/943/472 1321/939/468 1322/938/467
f 1316/942/471 1322/938/467 1332/944/473 1323/945/474
f 1313/946/472 1325/947/475 1331/948/476 1321/949/468
f 1317/950/469 1328/951/477 1330/952/478 1319/953/464
f 1318/941/470 1320/934/463 1329/954/479 1327/955/480
f 1321/949/468 1331/948/476 1328/951/477 1317/950/469
f 1322/938/467 1318/941/470 1327/955/480 1332/944/473
f 1320/934/463 1314/937/466 1326/956/481 1329/954/479
f 1319/953/464 1330/952/478 1324/957/482 1315/958/465
f 1333/959/483 1336/960/484 1337/961/485 1334/962/495
f 1335/963/487 1333/964/483 1334/965/495 1341/966/488
f 1334/962/495 1337/961/485 1338/967/489 1339/968/490
f 1341/966/488 1334/965/495 1339/969/490 1340/970/491
f 1341/966/488 1340/970/491 1342/971/492 1343/972/493
f 1335/963/487 1341/966/488 1343/972/493 1344/973/494
f 1345/946/483 1348/947/484 1349/948/485 1346/949/495
f 1347/942/487 1345/943/483 1346/939/495 1353/938/488
f 1346/949/495 1349/948/485 1350/951/489 1351/950/490
f 1353/938/488 1346/939/495 1351/940/490 1352/941/491
f 1353/938/488 1352/941/491 1354/955/492 1355/944/493
f 1347/942/487 1353/938/488 1355/944/493 1356/945/494
f 1357/974/496 1360/975/497 1361/976/498 1358/977/499
f 1359/978/500 1357/979/496 1358/980/499 1365/981/501
f 1358/977/499 1361/976/498 1362/982/502 1363/983/503
f 1365/981/501 1358/980/499 1363/984/503 1364/985/504
f 1365/981/501 1364/985/504 1366/986/505 1367/987/506
f 1359/978/500 1365/981/501 1367/987/506 1368/988/507
f 1371/989/500 1369/990/508 1370/991/509 1374/992/501
f 1374/992/501 1370/991/509 1372/993/510 1373/994/504
f 1374/992/501 1373/994/504 1375/995/505 1376/996/506
f 1371/989/500 1374/992/501 1376/996/506 1377/997/507
f 1384/462/73 1381/465/73 1382/464/73 1385/463/73
f 1379/466/9 1386/469/9 1387/468/9 1378/467/9
f 1380/470/70 1389/473/70 1383/472/70 1388/471/70
f 1382/474/9 1381/477/9 1380/476/9 1388/475/9
f 1385/478/72 1382/481/72 1388/480/72 1383/479/72
f 1391/482/378 1392/487/378 1390/486/378 1394/485/378 1395/484/378 1393/483/378
f 1395/488/247 1401/489/247 1400/490/247 1393/491/247
f 1391/492/511 1399/493/511 1398/494/511 1392/495/511
f 1390/496/512 1397/499/512 1396/498/512 1394/497/512
f 1394/500/381 1396/501/381 1401/502/381 1395/503/381
f 1393/504/382 1400/507/382 1399/506/382 1391/505/382
f 1392/508/242 1398/509/242 1397/510/242 1390/511/242
f 1385/512/31 1383/515/31 1389/514/31 1384/513/31
f 1384/516/71 1389/519/71 1380/518/71 1381/517/71
f 1404/346/73 1405/347/73 1403/348/73 1402/349/73
f 1416/998/71 1414/999/71 1407/328/71 1408/329/71
f 1409/322/73 1408/323/73 1407/324/73 1411/325/73
f 1417/1000/72 1409/331/72 1411/332/72 1415/1001/72
f 1416/1002/31 1408/335/31 1409/336/31 1417/1003/31
f 1414/1004/9 1406/343/9 1410/344/9 1415/1005/9
f 1413/1006/70 1410/1007/70 1406/1008/70 1412/1009/70
f 1407/342/9 1414/1004/9 1415/1005/9 1411/345/9
f 1412/334/31 1416/1002/31 1417/1003/31 1413/337/31
f 1413/330/72 1417/1000/72 1415/1001/72 1410/333/72
f 1412/326/71 1406/327/71 1414/999/71 1416/998/71
f 1424/462/70 1421/465/70 1422/464/70 1425/463/70
f 1419/466/31 1426/469/31 1427/468/31 1418/467/31
f 1420/470/73 1429/473/73 1423/472/73 1428/471/73
f 1422/474/31 1421/477/31 1420/476/31 1428/475/31
f 1425/478/72 1422/481/72 1428/480/72 1423/479/72
f 1431/482/513 1432/487/513 1430/486/513 1434/485/513 1435/484/513 1433/483/513
f 1435/488/514 1441/489/514 1440/490/514 1433/491/514
f 1431/492/381 1439/493/381 1438/494/381 1432/495/381
f 1430/496/515 1437/499/515 1436/498/515 1434/497/515
f 1434/500/379 1436/501/379 1441/502/379 1435/503/379
f 1433/504/516 1440/507/516 1439/506/516 1431/505/516
f 1432/508/517 1438/509/517 1437/510/517 1430/511/517
f 1425/512/9 1423/515/9 1429/514/9 1424/513/9
f 1424/516/71 1429/519/71 1420/518/71 1421/517/71
f 1449/322/31 1448/323/31 1447/324/31 1451/325/31
f 1452/326/72 1448/329/72 1447/328/72 1446/327/72
f 1453/330/72 1449/331/72 1451/332/72 1450/333/72
f 1452/334/70 1448/335/70 1449/336/70 1453/337/70
f 1453/338/9 1450/339/9 1446/340/9 1452/341/9
f 1447/342/73 1446/343/73 1450/344/73 1451/345/73
f 1444/346/31 1445/347/31 1443/348/31 1442/349/31
f 1476/524/518 1475/819/519 1462/820/520 1466/527/521
f 1477/532/522 1465/533/523 1468/821/524 1474/822/525
f 1477/536/522 1476/823/518 1466/824/521 1465/539/523
f 1465/540/523 1466/541/521 1462/542/520 1468/543/524
f 1467/544/526 1464/545/527 1463/546/528 1469/547/529
f 1479/548/530 1478/825/531 1472/826/532 1473/551/533
f 1479/552/530 1473/553/533 1470/827/534 1480/828/535
f 1478/560/531 1481/829/536 1471/830/537 1472/563/532
f 1473/551/533 1472/826/532 1476/823/518 1477/536/522
f 1473/553/533 1477/532/522 1474/822/525 1470/827/534
f 1472/563/532 1471/830/537 1475/819/519 1476/524/518
f 1463/578/528 1464/831/527 1481/829/536 1478/560/531
f 1469/574/529 1479/552/530 1480/828/535 1467/832/526
f 1469/572/529 1463/833/528 1478/825/531 1479/548/530
f 1496/524/538 1495/834/539 1482/835/540 1486/527/541
f 1497/532/542 1485/533/543 1488/836/544 1494/837/545
f 1497/838/542 1496/452/538 1486/839/541 1485/840/543
f 1485/841/543 1486/842/541 1482/843/540 1488/844/544
f 1487/845/546 1484/846/547 1483/847/548 1489/848/549
f 1499/849/550 1498/850/551 1492/851/552 1493/852/553
f 1499/552/550 1493/553/553 1490/853/554 1500/854/555
f 1498/560/551 1501/855/556 1491/856/557 1492/857/552
f 1493/852/553 1492/851/552 1496/452/538 1497/838/542
f 1493/553/553 1497/532/542 1494/837/545 1490/853/554
f 1492/857/552 1491/856/557 1495/834/539 1496/524/538
f 1483/578/548 1484/858/547 1501/855/556 1498/560/551
f 1489/574/549 1499/552/550 1500/854/555 1487/859/546
f 1489/860/549 1483/861/548 1498/850/551 1499/849/550
f 1516/862/558 1515/863/559 1502/864/429 1506/865/560
f 1517/866/561 1505/867/562 1508/868/425 1514/869/563
f 1517/870/561 1516/871/558 1506/872/560 1505/873/562
f 1519/874/564 1518/875/565 1512/876/566 1513/877/567
f 1519/878/564 1513/879/567 1510/880/438 1520/881/568
f 1518/882/565 1521/883/569 1511/884/435 1512/885/566
f 1513/877/567 1512/876/566 1516/871/558 1517/870/561
f 1513/879/567 1517/866/561 1514/886/563 1510/887/438
f 1512/885/566 1511/888/435 1515/889/559 1516/862/558
f 1503/890/570 1504/891/571 1521/892/569 1518/882/565
f 1509/893/572 1519/878/564 1520/894/568 1507/895/573
f 1509/896/572 1503/897/570 1518/875/565 1519/874/564
f 1536/898/574 1535/899/575 1522/900/449 1526/901/576
f 1537/902/577 1525/903/578 1528/904/445 1534/905/579
f 1537/906/577 1536/907/574 1526/908/576 1525/909/578
f 1539/910/580 1538/911/581 1532/912/582 1533/913/583
f 1539/914/580 1533/915/583 1530/916/458 1540/917/584
f 1538/918/581 1541/919/585 1531/920/455 1532/921/582
f 1533/913/583 1532/912/582 1536/907/574 1537/906/577
f 1533/915/583 1537/902/577 1534/922/579 1530/923/458
f 1532/921/582 1531/924/455 1535/925/575 1536/898/574
f 1523/926/586 1524/927/587 1541/928/585 1538/918/581
f 1529/929/588 1539/914/580 1540/930/584 1527/931/589
f 1529/932/588 1523/933/586 1538/911/581 1539/910/580
f 1549/934/590 1548/935/591 1544/936/592 1543/937/593
f 1551/938/594 1550/939/595 1546/940/596 1547/941/597
f 1547/941/597 1546/940/596 1548/935/591 1549/934/590
f 1545/942/598 1542/943/599 1550/939/595 1551/938/594
f 1545/942/598 1551/938/594 1561/944/600 1552/945/601
f 1542/946/599 1554/947/602 1560/948/603 1550/949/595
f 1546/950/596 1557/951/604 1559/952/605 1548/953/591
f 1547/941/597 1549/934/590 1558/954/606 1556/955/607
f 1550/949/595 1560/948/603 1557/951/604 1546/950/596
f 1551/938/594 1547/941/597 1556/955/607 1561/944/600
f 1549/934/590 1543/937/593 1555/956/608 1558/954/606
f 1548/953/591 1559/952/605 1553/957/609 1544/958/592
f 1562/959/610 1565/960/611 1566/961/612 1563/962/613
f 1564/963/614 1562/964/610 1563/965/613 1570/966/615
f 1563/962/613 1566/961/612 1567/967/616 1568/968/617
f 1570/966/615 1563/965/613 1568/969/617 1569/970/618
f 1570/966/615 1569/970/618 1571/971/619 1572/972/620
f 1564/963/614 1570/966/615 1572/972/620 1573/973/621
f 1574/946/610 1577/947/611 1578/948/612 1575/949/613
f 1576/942/614 1574/943/610 1575/939/613 1582/938/615
f 1575/949/613 1578/948/612 1579/951/616 1580/950/617
f 1582/938/615 1575/939/613 1580/940/617 1581/941/618
f 1582/938/615 1581/941/618 1583/955/619 1584/944/620
f 1576/942/614 1582/938/615 1584/944/620 1585/945/621
f 1586/974/622 1589/975/623 1590/976/624 1587/977/625
f 1588/978/626 1586/979/622 1587/980/625 1594/981/627
f 1587/977/625 1590/976/624 1591/982/628 1592/983/629
f 1594/981/627 1587/980/625 1592/984/629 1593/985/630
f 1594/981/627 1593/985/630 1595/986/631 1596/987/632
f 1588/978/626 1594/981/627 1596/987/632 1597/988/633
f 1600/989/626 1598/990/634 1599/991/635 1603/992/627
f 1603/992/627 1599/991/635 1601/993/636 1602/994/630
f 1603/992/627 1602/994/630 1604/995/631 1605/996/632
f 1600/989/626 1603/992/627 1605/996/632 1606/997/633
f 1613/462/70 1610/465/70 1611/464/70 1614/463/70
f 1608/466/31 1615/469/31 1616/468/31 1607/467/31
f 1609/470/73 1618/473/73 1612/472/73 1617/471/73
f 1611/474/31 1610/477/31 1609/476/31 1617/475/31
f 1614/478/72 1611/481/72 1617/480/72 1612/479/72
f 1620/482/513 1621/487/513 1619/486/513 1623/485/513 1624/484/513 1622/483/513
f 1624/488/514 1630/489/514 1629/490/514 1622/491/514
f 1620/492/637 1628/493/637 1627/494/637 1621/495/637
f 1619/496/515 1626/499/515 1625/498/515 1623/497/515
f 1623/500/379 1625/501/379 1630/502/379 1624/503/379
f 1622/504/516 1629/507/516 1628/506/516 1620/505/516
f 1621/508/517 1627/509/517 1626/510/517 1619/511/517
f 1614/512/9 1612/515/9 1618/514/9 1613/513/9
f 1613/516/71 1618/519/71 1609/518/71 1610/517/71
f 1633/346/73 1634/347/73 1632/348/73 1631/349/73
f 1638/322/73 1637/323/73 1636/324/73 1640/325/73
f 1641/1040/71 1635/1041/71 1636/1042/71 1637/1043/71
f 1642/1044/72 1638/1045/72 1640/1046/72 1639/1047/72
f 1641/1048/31 1637/1049/31 1638/1050/31 1642/1051/31
f 1645/346/70 1643/349/70 1644/348/70 1646/347/70
f 1650/322/70 1652/325/70 1648/324/70 1649/323/70
f 1653/1052/71 1649/1053/71 1648/1054/71 1647/1055/71
f 1654/1056/72 1651/1057/72 1652/1058/72 1650/1059/72
f 1653/1060/31 1654/1061/31 1650/1062/31 1649/1063/31
f 1648/1064/9 1652/1065/9 1651/1066/9 1647/1067/9
f 1655/1068/73 1657/1069/73 1656/1070/73 1658/1071/73
f 1662/1072/72 1656/1073/72 1657/1074/72 1665/1075/72
f 1665/1076/9 1657/1077/9 1655/1078/9 1659/1079/9
f 1666/1080/71 1659/1081/71 1655/1082/71 1658/1083/71
f 1663/1084/70 1664/1085/70 1661/1086/70 1660/1087/70
f 1664/1088/72 1662/1089/72 1665/1090/72 1661/1091/72
f 1661/1092/9 1665/1093/9 1659/1094/9 1660/1095/9
f 1663/1096/71 1660/1097/71 1659/1098/71 1666/1099/71
f 1669/346/9 1670/347/9 1668/348/9 1667/349/9
f 1671/470/71 1673/471/71 1672/472/71 1674/473/71
f 1678/1100/73 1672/1101/73 1673/1102/73 1681/1103/73
f 1681/1076/9 1673/1093/9 1671/1094/9 1675/1079/9
f 1682/1104/70 1675/1105/70 1671/1106/70 1674/1107/70
f 1679/462/72 1680/463/72 1677/464/72 1676/465/72
f 1680/1100/73 1678/1101/73 1681/1102/73 1677/1103/73
f 1677/1076/9 1681/1093/9 1675/1094/9 1676/1079/9
f 1679/1104/70 1676/1105/70 1675/1106/70 1682/1107/70
f 1674/1108/31 1672/1109/31 1678/1110/31 1680/1111/31 1679/1112/31 1682/1113/31
f 1683/470/71 1685/471/71 1684/472/71 1686/473/71
f 1690/1100/73 1684/1101/73 1685/1102/73 1693/1103/73
f 1693/1076/9 1685/1093/9 1683/1094/9 1687/1079/9
f 1694/1104/70 1687/1105/70 1683/1106/70 1686/1107/70
f 1691/462/72 1692/463/72 1689/464/72 1688/465/72
f 1692/1100/73 1690/1101/73 1693/1102/73 1689/1103/73
f 1689/1076/9 1693/1093/9 1687/1094/9 1688/1079/9
f 1691/1104/70 1688/1105/70 1687/1106/70 1694/1107/70
f 1686/1108/31 1684/1109/31 1690/1110/31 1692/1111/31 1691/1112/31 1694/1113/31
f 1703/1114/638 1697/1115/639 1698/1116/640 1712/1117/641
f 1697/1118/639 1701/1119/642 1702/1120/643 1698/1121/640
f 1713/1122/644 1699/1123/645 1700/1124/646 1722/1125/647
f 1699/1126/645 1695/1127/648 1696/1128/649 1700/1129/646
f 1707/1130/650 1695/1131/648 1699/1132/645 1713/1133/644
f 1722/1134/647 1700/1135/646 1696/1136/649 1708/1137/651
f 1702/1138/643 1718/1139/652 1712/1140/641 1698/1141/640
f 1718/1142/652 1719/1143/653 1711/1144/654 1712/1145/641
f 1719/1146/653 1720/1147/655 1710/1148/656 1711/1149/654
f 1720/1150/655 1721/1151/657 1709/1152/658 1710/1153/656
f 1721/1154/657 1722/1155/647 1708/1156/651 1709/1157/658
f 1697/1158/639 1703/1159/638 1717/1160/659 1701/1161/642
f 1703/1162/638 1704/1163/660 1716/1164/661 1717/1165/659
f 1704/1166/660 1705/1167/662 1715/1168/663 1716/1169/661
f 1705/1170/662 1706/1171/664 1714/1172/665 1715/1173/663
f 1706/1174/664 1707/1175/650 1713/1176/644 1714/1177/665
f 1701/1178/642 1717/1179/659 1718/1180/652 1702/1181/643
f 1717/1179/659 1716/1182/661 1719/1183/653 1718/1184/652
f 1716/1182/661 1715/1185/663 1720/1186/655 1719/1183/653
f 1715/1185/663 1714/1187/665 1721/1188/657 1720/1189/655
f 1714/1187/665 1713/1190/644 1722/1191/647 1721/1192/657
f 1695/1193/648 1707/1194/650 1708/1195/651 1696/1196/649
f 1707/1194/650 1706/1197/664 1709/1198/658 1708/1199/651
f 1706/1197/664 1705/1200/662 1710/1201/656 1709/1202/658
f 1705/1200/662 1704/1203/660 1711/1204/654 1710/1205/656
f 1704/1203/660 1703/1114/638 1712/1206/641 1711/1204/654
f 1765/1238/668 1759/634/669 1760/1239/670 1774/1240/671
f 1759/1241/669 1763/638/672 1764/639/673 1760/640/670
f 1775/1242/674 1761/1243/675 1762/1244/676 1784/644/677
f 1761/1245/675 1757/1246/678 1758/1247/679 1762/1248/676
f 1769/1249/680 1757/1250/678 1761/1251/675 1775/1242/674
f 1784/1252/677 1762/1253/676 1758/1254/679 1770/1255/681
f 1764/1256/673 1780/657/682 1774/1240/671 1760/1239/670
f 1780/657/682 1781/1257/683 1773/659/684 1774/1240/671
f 1781/1257/683 1782/660/685 1772/661/686 1773/659/684
f 1782/660/685 1783/1258/687 1771/663/688 1772/661/686
f 1783/1258/687 1784/1252/677 1770/1255/681 1771/663/688
f 1759/664/669 1765/665/668 1779/666/689 1763/667/672
f 1765/665/668 1766/1259/690 1778/1260/691 1779/666/689
f 1766/1259/690 1767/1261/692 1777/1262/693 1778/1260/691
f 1767/1261/692 1768/1263/694 1776/1264/695 1777/1262/693
f 1768/1263/694 1769/1249/680 1775/1242/674 1776/1264/695
f 1763/667/672 1779/666/689 1780/1265/682 1764/675/673
f 1779/666/689 1778/1260/691 1781/1266/683 1780/1265/682
f 1778/1260/691 1777/1262/693 1782/677/685 1781/1266/683
f 1777/1262/693 1776/1264/695 1783/678/687 1782/677/685
f 1776/1264/695 1775/1242/674 1784/644/677 1783/678/687
f 1757/1267/678 1769/680/680 1770/1255/681 1758/1268/679
f 1769/680/680 1768/1269/694 1771/663/688 1770/1255/681
f 1768/1269/694 1767/683/692 1772/661/686 1771/663/688
f 1767/683/692 1766/1270/690 1773/659/684 1772/661/686
f 1766/1270/690 1765/1238/668 1774/1240/671 1773/659/684
f 1636/1271/9 1635/1272/9 1639/1273/9 1640/1274/9
f 1810/524/383 1809/819/384 1796/820/385 1800/527/386
f 1811/532/387 1799/533/388 1802/821/389 1808/822/390
f 1811/536/387 1810/823/383 1800/824/386 1799/539/388
f 1799/540/388 1800/541/386 1796/542/385 1802/543/389
f 1801/544/391 1798/545/392 1797/546/393 1803/547/394
f 1813/548/395 1812/825/396 1806/826/397 1807/551/398
f 1813/552/395 1807/553/398 1804/827/399 1814/828/400
f 1812/560/396 1815/829/401 1805/830/402 1806/563/397
f 1807/551/398 1806/826/397 1810/823/383 1811/536/387
f 1807/553/398 1811/532/387 1808/822/390 1804/827/399
f 1806/563/397 1805/830/402 1809/819/384 1810/524/383
f 1797/578/393 1798/831/392 1815/829/401 1812/560/396
f 1803/574/394 1813/552/395 1814/828/400 1801/832/391
f 1803/572/394 1797/833/393 1812/825/396 1813/548/395
f 1830/524/403 1829/834/404 1816/835/405 1820/527/406
f 1831/532/407 1819/533/408 1822/836/409 1828/837/410
f 1831/838/407 1830/452/403 1820/839/406 1819/840/408
f 1819/841/408 1820/842/406 1816/843/405 1822/844/409
f 1821/845/411 1818/846/412 1817/847/413 1823/848/414
f 1833/849/415 1832/850/416 1826/851/417 1827/852/418
f 1833/552/415 1827/553/418 1824/853/419 1834/854/420
f 1832/560/416 1835/855/421 1825/856/422 1826/857/417
f 1827/852/418 1826/851/417 1830/452/403 1831/838/407
f 1827/553/418 1831/532/407 1828/837/410 1824/853/419
f 1826/857/417 1825/856/422 1829/834/404 1830/524/403
f 1817/578/413 1818/858/412 1835/855/421 1832/560/416
f 1823/574/414 1833/552/415 1834/854/420 1821/859/411
f 1823/860/414 1817/861/413 1832/850/416 1833/849/415
f 1850/862/423 1849/863/424 1836/864/425 1840/865/426
f 1851/866/427 1839/867/428 1842/868/429 1848/869/430
f 1851/870/427 1850/871/423 1840/872/426 1839/873/428
f 1853/874/431 1852/875/432 1846/876/433 1847/877/434
f 1853/878/431 1847/879/434 1844/880/435 1854/881/436
f 1852/882/432 1855/883/437 1845/884/438 1846/885/433
f 1847/877/434 1846/876/433 1850/871/423 1851/870/427
f 1847/879/434 1851/866/427 1848/886/430 1844/887/435
f 1846/885/433 1845/888/438 1849/889/424 1850/862/423
f 1837/890/439 1838/891/440 1855/892/437 1852/882/432
f 1843/893/441 1853/878/431 1854/894/436 1841/895/442
f 1843/896/441 1837/897/439 1852/875/432 1853/874/431
f 1870/898/443 1869/899/444 1856/900/445 1860/901/446
f 1871/902/447 1859/903/448 1862/904/449 1868/905/450
f 1871/906/447 1870/907/443 1860/908/446 1859/909/448
f 1873/910/451 1872/911/452 1866/912/453 1867/913/454
f 1873/914/451 1867/915/454 1864/916/455 1874/917/456
f 1872/918/452 1875/919/457 1865/920/696 1866/921/453
f 1867/913/454 1866/912/453 1870/907/443 1871/906/447
f 1867/915/454 1871/902/447 1868/922/450 1864/923/455
f 1866/921/453 1865/924/696 1869/925/444 1870/898/443
f 1857/926/459 1858/927/460 1875/928/457 1872/918/452
f 1863/929/461 1873/914/451 1874/930/456 1861/931/462
f 1863/932/461 1857/933/459 1872/911/452 1873/910/451
f 1883/934/463 1882/935/464 1878/936/465 1877/937/697
f 1885/938/467 1884/939/468 1880/940/469 1881/941/470
f 1881/941/470 1880/940/469 1882/935/464 1883/934/463
f 1879/942/471 1876/943/472 1884/939/468 1885/938/467
f 1879/942/471 1885/938/467 1895/944/473 1886/945/474
f 1876/946/472 1888/947/475 1894/948/476 1884/949/468
f 1880/950/469 1891/951/477 1893/952/478 1882/953/464
f 1881/941/470 1883/934/463 1892/954/479 1890/955/480
f 1884/949/468 1894/948/476 1891/951/477 1880/950/469
f 1885/938/467 1881/941/470 1890/955/480 1895/944/473
f 1883/934/463 1877/937/697 1889/956/481 1892/954/479
f 1882/953/464 1893/952/478 1887/957/482 1878/958/465
f 1896/959/483 1899/960/484 1900/961/485 1897/962/486
f 1898/963/487 1896/964/483 1897/965/486 1904/966/488
f 1897/962/486 1900/961/485 1901/967/489 1902/968/490
f 1904/966/488 1897/965/486 1902/969/490 1903/970/491
f 1904/966/488 1903/970/491 1905/971/492 1906/972/493
f 1898/963/487 1904/966/488 1906/972/493 1907/973/494
f 1908/946/483 1911/947/484 1912/948/485 1909/949/486
f 1910/942/487 1908/943/483 1909/939/486 1916/938/488
f 1909/949/486 1912/948/485 1913/951/489 1914/950/490
f 1916/938/488 1909/939/486 1914/940/490 1915/941/491
f 1916/938/488 1915/941/491 1917/955/492 1918/944/493
f 1910/942/487 1916/938/488 1918/944/493 1919/945/494
f 1920/974/496 1923/975/497 1924/976/498 1921/977/499
f 1922/978/500 1920/979/496 1921/980/499 1928/981/501
f 1921/977/499 1924/976/498 1925/982/502 1926/983/503
f 1928/981/501 1921/980/499 1926/984/503 1927/985/504
f 1928/981/501 1927/985/504 1929/986/505 1930/987/506
f 1922/978/500 1928/981/501 1930/987/506 1931/988/507
f 1934/989/500 1932/990/508 1933/991/509 1937/992/501
f 1937/992/501 1933/991/509 1935/993/510 1936/994/504
f 1937/992/501 1936/994/504 1938/995/505 1939/996/506
f 1934/989/500 1937/992/501 1939/996/506 1940/997/507
f 1941/1275/73 1943/1276/73 1942/1277/73 1944/473/73
f 1948/1100/72 1942/1278/72 1943/1279/72 1951/1103/72
f 1951/1076/9 1943/1280/9 1941/1281/9 1945/1079/9
f 1952/1104/71 1945/1105/71 1941/1282/71 1944/1283/71
f 1949/462/70 1950/463/70 1947/464/70 1946/465/70
f 1950/1284/72 1948/1101/72 1951/1102/72 1947/1285/72
f 1947/1286/9 1951/1093/9 1945/1094/9 1946/1287/9
f 1949/1288/71 1946/1289/71 1945/1106/71 1952/1107/71
f 1960/322/31 1959/323/31 1958/324/31 1962/325/31
f 1963/326/72 1959/329/72 1958/328/72 1957/327/72
f 1964/330/72 1960/331/72 1962/332/72 1961/333/72
f 1963/334/70 1959/335/70 1960/336/70 1964/337/70
f 1964/338/9 1961/339/9 1957/340/9 1963/341/9
f 1958/342/73 1957/343/73 1961/344/73 1962/345/73
f 1955/346/31 1956/347/31 1954/348/31 1953/349/31
f 1987/524/518 1986/819/519 1973/820/520 1977/527/521
f 1988/532/522 1976/533/523 1979/821/524 1985/822/525
f 1988/536/522 1987/823/518 1977/824/521 1976/539/523
f 1976/540/523 1977/541/521 1973/542/520 1979/543/524
f 1978/544/526 1975/545/527 1974/546/528 1980/547/529
f 1990/548/530 1989/825/531 1983/826/532 1984/551/533
f 1990/552/530 1984/553/533 1981/827/534 1991/828/535
f 1989/560/531 1992/829/536 1982/830/537 1983/563/532
f 1984/551/533 1983/826/532 1987/823/518 1988/536/522
f 1984/553/533 1988/532/522 1985/822/525 1981/827/534
f 1983/563/532 1982/830/537 1986/819/519 1987/524/518
f 1974/578/528 1975/831/527 1992/829/536 1989/560/531
f 1980/574/529 1990/552/530 1991/828/535 1978/832/526
f 1980/572/529 1974/833/528 1989/825/531 1990/548/530
f 2007/524/538 2006/834/539 1993/835/540 1997/527/541
f 2008/532/542 1996/533/543 1999/836/544 2005/837/545
f 2008/838/542 2007/452/538 1997/839/541 1996/840/543
f 1996/841/543 1997/842/541 1993/843/540 1999/844/544
f 1998/845/546 1995/846/547 1994/847/548 2000/848/549
f 2010/849/550 2009/850/551 2003/851/552 2004/852/553
f 2010/552/550 2004/553/553 2001/853/554 2011/854/555
f 2009/560/551 2012/855/556 2002/856/557 2003/857/552
f 2004/852/553 2003/851/552 2007/452/538 2008/838/542
f 2004/553/553 2008/532/542 2005/837/545 2001/853/554
f 2003/857/552 2002/856/557 2006/834/539 2007/524/538
f 1994/578/548 1995/858/547 2012/855/556 2009/560/551
f 2000/574/549 2010/552/550 2011/854/555 1998/859/546
f 2000/860/549 1994/861/548 2009/850/551 2010/849/550
f 2027/862/558 2026/863/559 2013/864/429 2017/865/560
f 2028/866/561 2016/867/562 2019/868/425 2025/869/563
f 2028/870/561 2027/871/558 2017/872/560 2016/873/562
f 2030/874/564 2029/875/565 2023/876/566 2024/877/567
f 2030/878/564 2024/879/567 2021/880/438 2031/881/568
f 2029/882/565 2032/883/569 2022/884/435 2023/885/566
f 2024/877/567 2023/876/566 2027/871/558 2028/870/561
f 2024/879/567 2028/866/561 2025/886/563 2021/887/438
f 2023/885/566 2022/888/435 2026/889/559 2027/862/558
f 2014/890/570 2015/891/571 2032/892/569 2029/882/565
f 2020/893/572 2030/878/564 2031/894/568 2018/895/573
f 2020/896/572 2014/897/570 2029/875/565 2030/874/564
f 2047/898/574 2046/899/575 2033/900/449 2037/901/576
f 2048/902/577 2036/903/578 2039/904/445 2045/905/579
f 2048/906/577 2047/907/574 2037/908/576 2036/909/578
f 2050/910/580 2049/911/581 2043/912/582 2044/913/583
f 2050/914/580 2044/915/583 2041/916/458 2051/917/584
f 2049/918/581 2052/919/698 2042/920/699 2043/921/582
f 2044/913/583 2043/912/582 2047/907/574 2048/906/577
f 2044/915/583 2048/902/577 2045/922/579 2041/923/458
f 2043/921/582 2042/924/699 2046/925/575 2047/898/574
f 2034/926/586 2035/927/587 2052/928/698 2049/918/581
f 2040/929/588 2050/914/580 2051/930/584 2038/931/589
f 2040/932/588 2034/933/586 2049/911/581 2050/910/580
f 2060/934/590 2059/935/591 2055/936/592 2054/937/593
f 2062/938/594 2061/939/595 2057/940/596 2058/941/597
f 2058/941/597 2057/940/596 2059/935/591 2060/934/590
f 2056/942/598 2053/943/599 2061/939/595 2062/938/594
f 2056/942/598 2062/938/594 2072/944/600 2063/945/601
f 2053/946/599 2065/947/602 2071/948/603 2061/949/595
f 2057/950/596 2068/951/604 2070/952/605 2059/953/591
f 2058/941/597 2060/934/590 2069/954/606 2067/955/607
f 2061/949/595 2071/948/603 2068/951/604 2057/950/596
f 2062/938/594 2058/941/597 2067/955/607 2072/944/600
f 2060/934/590 2054/937/593 2066/956/608 2069/954/606
f 2059/953/591 2070/952/605 2064/957/609 2055/958/592
f 2073/959/610 2076/960/611 2077/961/700 2074/962/613
f 2075/963/614 2073/964/610 2074/965/613 2081/966/615
f 2074/962/613 2077/961/700 2078/967/701 2079/968/617
f 2081/966/615 2074/965/613 2079/969/617 2080/970/618
f 2081/966/615 2080/970/618 2082/971/619 2083/972/620
f 2075/963/614 2081/966/615 2083/972/620 2084/973/621
f 2085/946/610 2088/947/611 2089/948/612 2086/949/613
f 2087/942/614 2085/943/610 2086/939/613 2093/938/615
f 2086/949/613 2089/948/612 2090/951/616 2091/950/617
f 2093/938/615 2086/939/613 2091/940/617 2092/941/618
f 2093/938/615 2092/941/618 2094/955/619 2095/944/620
f 2087/942/614 2093/938/615 2095/944/620 2096/945/621
f 2097/974/622 2100/975/623 2101/976/624 2098/977/625
f 2099/978/626 2097/979/622 2098/980/625 2105/981/627
f 2098/977/625 2101/976/624 2102/982/628 2103/983/629
f 2105/981/627 2098/980/625 2103/984/629 2104/985/630
f 2105/981/627 2104/985/630 2106/986/631 2107/987/632
f 2099/978/626 2105/981/627 2107/987/632 2108/988/633
f 2111/989/626 2109/990/634 2110/991/635 2114/992/627
f 2114/992/627 2110/991/635 2112/993/636 2113/994/630
f 2114/992/627 2113/994/630 2115/995/631 2116/996/632
f 2111/989/626 2114/992/627 2116/996/632 2117/997/633
f 2118/520/70 2121/521/70 2119/522/70 2120/523/70
f 2121/520/70 2122/521/70 2123/522/70 2119/523/70
f 2124/520/73 2127/521/73 2125/522/73 2126/523/73
f 2127/520/73 2128/521/73 2129/522/73 2125/523/73
f 2130/520/9 2133/521/9 2131/522/9 2132/523/9
f 2133/520/9 2134/521/9 2135/522/9 2131/523/9
f 2136/520/9 2139/521/9 2137/522/9 2138/523/9
f 2139/520/9 2140/521/9 2141/522/9 2137/523/9
f 2142/520/31 2143/521/31 2144/522/31 2145/523/31
f 2146/520/31 2147/521/31 2148/522/31 2149/523/31
f 2150/520/31 2151/521/31 2152/522/31 2153/523/31
f 2151/520/31 2154/521/31 2155/522/31 2152/523/31
f 2178/524/255 2177/525/255 2156/526/255 2160/527/255
f 2176/528/256 2162/529/256 2156/530/256 2177/531/256
f 2179/532/257 2159/533/257 2162/534/257 2176/535/257
f 2179/536/258 2178/537/258 2160/538/258 2159/539/258
f 2159/540/72 2160/541/72 2156/542/72 2162/543/72
f 2161/544/71 2158/545/71 2157/546/71 2163/547/71
f 2169/548/259 2168/549/259 2166/550/260 2167/551/261
f 2169/552/262 2167/553/263 2164/554/263 2170/555/262
f 2170/556/264 2164/557/265 2165/558/265 2171/559/264
f 2168/560/266 2171/561/266 2165/562/267 2166/563/267
f 2172/564/268 2175/565/268 2171/561/268 2168/560/268
f 2174/566/269 2170/556/264 2171/559/264 2175/567/269
f 2173/568/270 2169/552/262 2170/555/262 2174/569/270
f 2173/570/271 2172/571/271 2168/549/271 2169/548/271
f 2163/572/272 2157/573/272 2172/571/272 2173/570/272
f 2163/574/273 2173/568/273 2174/569/273 2161/575/273
f 2161/576/274 2174/566/274 2175/567/274 2158/577/274
f 2157/578/275 2158/579/275 2175/565/275 2172/564/275
f 2167/551/261 2166/550/260 2178/537/276 2179/536/276
f 2167/553/263 2179/532/277 2176/535/277 2164/554/263
f 2164/557/265 2176/528/278 2177/531/278 2165/558/265
f 2166/563/267 2165/562/267 2177/525/279 2178/524/279
f 2202/524/255 2201/525/255 2180/526/255 2184/527/255
f 2200/528/256 2186/529/256 2180/530/256 2201/531/256
f 2203/532/257 2183/533/257 2186/534/257 2200/535/257
f 2203/536/258 2202/537/258 2184/538/258 2183/539/258
f 2183/540/72 2184/541/72 2180/542/72 2186/543/72
f 2185/544/71 2182/545/71 2181/546/71 2187/547/71
f 2193/548/259 2192/549/259 2190/550/260 2191/551/261
f 2193/552/262 2191/553/263 2188/554/263 2194/555/262
f 2194/556/264 2188/557/265 2189/558/265 2195/559/264
f 2192/560/266 2195/561/266 2189/562/267 2190/563/267
f 2196/564/268 2199/565/268 2195/561/268 2192/560/268
f 2198/566/269 2194/556/264 2195/559/264 2199/567/269
f 2197/568/270 2193/552/262 2194/555/262 2198/569/270
f 2197/570/271 2196/571/271 2192/549/271 2193/548/271
f 2187/572/272 2181/573/272 2196/571/272 2197/570/272
f 2187/574/273 2197/568/273 2198/569/273 2185/575/273
f 2185/576/274 2198/566/274 2199/567/274 2182/577/274
f 2181/578/275 2182/579/275 2199/565/275 2196/564/275
f 2191/551/261 2190/550/260 2202/537/276 2203/536/276
f 2191/553/263 2203/532/277 2200/535/277 2188/554/263
f 2188/557/265 2200/528/278 2201/531/278 2189/558/265
f 2190/563/267 2189/562/267 2201/525/279 2202/524/279
f 2226/524/255 2225/525/255 2204/526/255 2208/527/255
f 2224/528/256 2210/529/256 2204/530/256 2225/531/256
f 2227/532/257 2207/533/257 2210/534/257 2224/535/257
f 2227/536/258 2226/537/258 2208/538/258 2207/539/258
f 2207/540/72 2208/541/72 2204/542/72 2210/543/72
f 2209/544/71 2206/545/71 2205/546/71 2211/547/71
f 2217/548/259 2216/549/259 2214/550/260 2215/551/261
f 2217/552/262 2215/553/263 2212/554/263 2218/555/262
f 2218/556/264 2212/557/265 2213/558/265 2219/559/264
f 2216/560/266 2219/561/266 2213/562/267 2214/563/267
f 2220/564/268 2223/565/268 2219/561/268 2216/560/268
f 2222/566/269 2218/556/264 2219/559/264 2223/567/269
f 2221/568/270 2217/552/262 2218/555/262 2222/569/270
f 2221/570/271 2220/571/271 2216/549/271 2217/548/271
f 2211/572/272 2205/573/272 2220/571/272 2221/570/272
f 2211/574/273 2221/568/273 2222/569/273 2209/575/273
f 2209/576/274 2222/566/274 2223/567/274 2206/577/274
f 2205/578/275 2206/579/275 2223/565/275 2220/564/275
f 2215/551/261 2214/550/260 2226/537/276 2227/536/276
f 2215/553/263 2227/532/277 2224/535/277 2212/554/263
f 2212/557/265 2224/528/278 2225/531/278 2213/558/265
f 2214/563/267 2213/562/267 2225/525/279 2226/524/279
f 2250/524/255 2249/525/255 2228/526/255 2232/527/255
f 2248/528/256 2234/529/256 2228/530/256 2249/531/256
f 2251/532/257 2231/533/257 2234/534/257 2248/535/257
f 2251/536/258 2250/537/258 2232/538/258 2231/539/258
f 2231/540/72 2232/541/72 2228/542/72 2234/543/72
f 2233/544/71 2230/545/71 2229/546/71 2235/547/71
f 2241/548/259 2240/549/259 2238/550/260 2239/551/261
f 2241/552/262 2239/553/263 2236/554/263 2242/555/262
f 2242/556/264 2236/557/265 2237/558/265 2243/559/264
f 2240/560/266 2243/561/266 2237/562/267 2238/563/267
f 2244/564/268 2247/565/268 2243/561/268 2240/560/268
f 2246/566/269 2242/556/264 2243/559/264 2247/567/269
f 2245/568/270 2241/552/262 2242/555/262 2246/569/270
f 2245/570/271 2244/571/271 2240/549/271 2241/548/271
f 2235/572/272 2229/573/272 2244/571/272 2245/570/272
f 2235/574/273 2245/568/273 2246/569/273 2233/575/273
f 2233/576/274 2246/566/274 2247/567/274 2230/577/274
f 2229/578/275 2230/579/275 2247/565/275 2244/564/275
f 2239/551/261 2238/550/260 2250/537/276 2251/536/276
f 2239/553/263 2251/532/277 2248/535/277 2236/554/263
f 2236/557/265 2248/528/278 2249/531/278 2237/558/265
f 2238/563/267 2237/562/267 2249/525/279 2250/524/279
f 2274/524/255 2273/525/255 2252/526/255 2256/527/255
f 2272/528/256 2258/529/256 2252/530/256 2273/531/256
f 2275/532/257 2255/533/257 2258/534/257 2272/535/257
f 2275/536/258 2274/537/258 2256/538/258 2255/539/258
f 2255/540/72 2256/541/72 2252/542/72 2258/543/72
f 2257/544/71 2254/545/71 2253/546/71 2259/547/71
f 2265/548/259 2264/549/259 2262/550/260 2263/551/261
f 2265/552/262 2263/553/263 2260/554/263 2266/555/262
f 2266/556/264 2260/557/265 2261/558/265 2267/559/264
f 2264/560/266 2267/561/266 2261/562/267 2262/563/267
f 2268/564/268 2271/565/268 2267/561/268 2264/560/268
f 2270/566/269 2266/556/264 2267/559/264 2271/567/269
f 2269/568/270 2265/552/262 2266/555/262 2270/569/270
f 2269/570/271 2268/571/271 2264/549/271 2265/548/271
f 2259/572/272 2253/573/272 2268/571/272 2269/570/272
f 2259/574/273 2269/568/273 2270/569/273 2257/575/273
f 2257/576/274 2270/566/274 2271/567/274 2254/577/274
f 2253/578/275 2254/579/275 2271/565/275 2268/564/275
f 2263/551/261 2262/550/260 2274/537/276 2275/536/276
f 2263/553/263 2275/532/277 2272/535/277 2260/554/263
f 2260/557/265 2272/528/278 2273/531/278 2261/558/265
f 2262/563/267 2261/562/267 2273/525/279 2274/524/279
f 2298/524/280 2297/525/280 2276/526/281 2280/527/281
f 2296/528/282 2282/529/283 2276/530/283 2297/531/282
f 2299/532/284 2279/533/285 2282/534/285 2296/535/284
f 2299/536/286 2298/537/286 2280/538/287 2279/539/287
f 2279/540/72 2280/541/72 2276/542/72 2282/543/72
f 2281/544/71 2278/545/71 2277/546/71 2283/547/71
f 2289/548/259 2288/549/259 2286/550/259 2287/551/259
f 2289/552/262 2287/553/288 2284/554/288 2290/555/262
f 2290/556/264 2284/557/289 2285/558/289 2291/559/264
f 2288/560/266 2291/561/266 2285/562/290 2286/563/290
f 2292/564/268 2295/565/268 2291/561/268 2288/560/268
f 2294/566/269 2290/556/264 2291/559/264 2295/567/269
f 2293/568/270 2289/552/262 2290/555/262 2294/569/270
f 2293/570/271 2292/571/271 2288/549/271 2289/548/271
f 2283/572/272 2277/573/272 2292/571/272 2293/570/272
f 2283/574/273 2293/568/273 2294/569/273 2281/575/273
f 2281/576/274 2294/566/274 2295/567/274 2278/577/274
f 2277/578/275 2278/579/275 2295/565/275 2292/564/275
f 2287/551/291 2286/550/291 2298/537/286 2299/536/286
f 2287/553/288 2299/532/284 2296/535/284 2284/554/288
f 2284/557/289 2296/528/282 2297/531/282 2285/558/289
f 2286/563/290 2285/562/290 2297/525/280 2298/524/280
f 2322/524/280 2321/525/280 2300/526/281 2304/527/281
f 2320/528/282 2306/529/283 2300/530/283 2321/531/282
f 2323/532/284 2303/533/285 2306/534/285 2320/535/284
f 2323/536/286 2322/537/286 2304/538/287 2303/539/287
f 2303/540/72 2304/541/72 2300/542/72 2306/543/72
f 2305/544/71 2302/545/71 2301/546/71 2307/547/71
f 2313/548/259 2312/549/259 2310/550/259 2311/551/259
f 2313/552/262 2311/553/288 2308/554/288 2314/555/262
f 2314/556/264 2308/557/289 2309/558/289 2315/559/264
f 2312/560/266 2315/561/266 2309/562/290 2310/563/290
f 2316/564/268 2319/565/268 2315/561/268 2312/560/268
f 2318/566/269 2314/556/264 2315/559/264 2319/567/269
f 2317/568/270 2313/552/262 2314/555/262 2318/569/270
f 2317/570/271 2316/571/271 2312/549/271 2313/548/271
f 2307/572/272 2301/573/272 2316/571/272 2317/570/272
f 2307/574/273 2317/568/273 2318/569/273 2305/575/273
f 2305/576/274 2318/566/274 2319/567/274 2302/577/274
f 2301/578/275 2302/579/275 2319/565/275 2316/564/275
f 2311/551/291 2310/550/291 2322/537/286 2323/536/286
f 2311/553/288 2323/532/284 2320/535/284 2308/554/288
f 2308/557/289 2320/528/282 2321/531/282 2309/558/289
f 2310/563/290 2309/562/290 2321/525/280 2322/524/280
f 2346/524/280 2345/525/280 2324/526/281 2328/527/281
f 2344/528/282 2330/529/283 2324/530/283 2345/531/282
f 2347/532/284 2327/533/285 2330/534/285 2344/535/284
f 2347/536/286 2346/537/286 2328/538/287 2327/539/287
f 2327/540/72 2328/541/72 2324/542/72 2330/543/72
f 2329/544/71 2326/545/71 2325/546/71 2331/547/71
f 2337/548/259 2336/549/259 2334/550/259 2335/551/259
f 2337/552/262 2335/553/288 2332/554/288 2338/555/262
f 2338/556/264 2332/557/289 2333/558/289 2339/559/264
f 2336/560/266 2339/561/266 2333/562/290 2334/563/290
f 2340/564/268 2343/565/268 2339/561/268 2336/560/268
f 2342/566/269 2338/556/264 2339/559/264 2343/567/269
f 2341/568/270 2337/552/262 2338/555/262 2342/569/270
f 2341/570/271 2340/571/271 2336/549/271 2337/548/271
f 2331/572/272 2325/573/272 2340/571/272 2341/570/272
f 2331/574/273 2341/568/273 2342/569/273 2329/575/273
f 2329/576/274 2342/566/274 2343/567/274 2326/577/274
f 2325/578/275 2326/579/275 2343/565/275 2340/564/275
f 2335/551/291 2334/550/291 2346/537/286 2347/536/286
f 2335/553/288 2347/532/284 2344/535/284 2332/554/288
f 2332/557/289 2344/528/282 2345/531/282 2333/558/289
f 2334/563/290 2333/562/290 2345/525/280 2346/524/280
f 2349/578/9 2350/579/9 2348/1290/9 2352/1291/9
f 2353/576/70 2354/1292/70 2348/1293/70 2350/577/70
f 2355/574/31 2351/1294/31 2354/1295/31 2353/575/31
f 2355/572/73 2349/573/73 2352/1296/73 2351/1297/73
f 2351/540/72 2352/541/72 2348/542/72 2354/543/72
f 2353/544/71 2350/545/71 2349/546/71 2355/547/71
f 2357/578/9 2358/579/9 2356/1290/9 2360/1291/9
f 2361/576/70 2362/1292/70 2356/1293/70 2358/577/70
f 2363/574/31 2359/1294/31 2362/1295/31 2361/575/31
f 2363/572/73 2357/573/73 2360/1296/73 2359/1297/73
f 2359/540/72 2360/541/72 2356/542/72 2362/543/72
f 2361/544/71 2358/545/71 2357/546/71 2363/547/71
f 2365/578/9 2366/579/9 2364/1290/9 2368/1291/9
f 2369/576/70 2370/1292/70 2364/1293/70 2366/577/70
f 2371/574/31 2367/1294/31 2370/1295/31 2369/575/31
f 2371/572/73 2365/573/73 2368/1296/73 2367/1297/73
f 2367/540/72 2368/541/72 2364/542/72 2370/543/72
f 2369/544/71 2366/545/71 2365/546/71 2371/547/71
f 2373/578/9 2374/579/9 2372/1290/9 2376/1291/9
f 2377/576/70 2378/1292/70 2372/1293/70 2374/577/70
f 2379/574/31 2375/1294/31 2378/1295/31 2377/575/31
f 2379/572/73 2373/573/73 2376/1296/73 2375/1297/73
f 2375/540/72 2376/541/72 2372/542/72 2378/543/72
f 2377/544/71 2374/545/71 2373/546/71 2379/547/71
f 2381/578/9 2382/579/9 2380/1290/9 2384/1291/9
f 2385/576/70 2386/1292/70 2380/1293/70 2382/577/70
f 2387/574/31 2383/1294/31 2386/1295/31 2385/575/31
f 2387/572/73 2381/573/73 2384/1296/73 2383/1297/73
f 2383/540/72 2384/541/72 2380/542/72 2386/543/72
f 2385/544/71 2382/545/71 2381/546/71 2387/547/71
f 2389/578/9 2390/579/9 2388/1290/9 2392/1291/9
f 2393/576/70 2394/1292/70 2388/1293/70 2390/577/70
f 2395/574/31 2391/1294/31 2394/1295/31 2393/575/31
f 2395/572/73 2389/573/73 2392/1296/73 2391/1297/73
f 2391/540/72 2392/541/72 2388/542/72 2394/543/72
f 2393/544/71 2390/545/71 2389/546/71 2395/547/71
f 2397/578/9 2398/579/9 2396/1290/9 2400/1291/9
f 2401/576/70 2402/1292/70 2396/1293/70 2398/577/70
f 2403/574/31 2399/1294/31 2402/1295/31 2401/575/31
f 2403/572/73 2397/573/73 2400/1296/73 2399/1297/73
f 2399/540/72 2400/541/72 2396/542/72 2402/543/72
f 2401/544/71 2398/545/71 2397/546/71 2403/547/71
f 2405/578/31 2406/579/31 2404/1290/31 2408/1291/31
f 2409/576/73 2410/1292/73 2404/1293/73 2406/577/73
f 2411/574/9 2407/1294/9 2410/1295/9 2409/575/9
f 2411/572/70 2405/573/70 2408/1296/70 2407/1297/70
f 2407/540/72 2408/541/72 2404/542/72 2410/543/72
f 2409/544/71 2406/545/71 2405/546/71 2411/547/71
f 2434/524/255 2433/525/255 2412/526/255 2416/527/255
f 2432/528/256 2418/529/256 2412/530/256 2433/531/256
f 2435/532/257 2415/533/257 2418/534/257 2432/535/257
f 2435/536/258 2434/537/258 2416/538/258 2415/539/258
f 2415/540/72 2416/541/72 2412/542/72 2418/543/72
f 2417/544/71 2414/545/71 2413/546/71 2419/547/71
f 2425/548/259 2424/549/259 2422/550/260 2423/551/261
f 2425/552/262 2423/553/263 2420/554/263 2426/555/262
f 2426/556/264 2420/557/265 2421/558/265 2427/559/264
f 2424/560/266 2427/561/266 2421/562/267 2422/563/267
f 2428/564/268 2431/565/268 2427/561/268 2424/560/268
f 2430/566/269 2426/556/264 2427/559/264 2431/567/269
f 2429/568/270 2425/552/262 2426/555/262 2430/569/270
f 2429/570/271 2428/571/271 2424/549/271 2425/548/271
f 2419/572/272 2413/573/272 2428/571/272 2429/570/272
f 2419/574/273 2429/568/273 2430/569/273 2417/575/273
f 2417/576/274 2430/566/274 2431/567/274 2414/577/274
f 2413/578/275 2414/579/275 2431/565/275 2428/564/275
f 2423/551/261 2422/550/260 2434/537/276 2435/536/276
f 2423/553/263 2435/532/277 2432/535/277 2420/554/263
f 2420/557/265 2432/528/278 2433/531/278 2421/558/265
f 2422/563/267 2421/562/267 2433/525/279 2434/524/279
f 2458/524/256 2457/525/256 2436/526/256 2440/527/256
f 2456/528/257 2442/529/257 2436/530/257 2457/531/257
f 2459/532/258 2439/533/258 2442/534/258 2456/535/258
f 2459/536/255 2458/537/255 2440/538/255 2439/539/255
f 2439/540/72 2440/541/72 2436/542/72 2442/543/72
f 2441/544/71 2438/545/71 2437/546/71 2443/547/71
f 2449/548/702 2448/549/702 2446/550/703 2447/551/704
f 2449/552/705 2447/553/706 2444/554/706 2450/555/707
f 2450/556/262 2444/557/263 2445/558/263 2451/559/708
f 2448/560/709 2451/561/709 2445/562/710 2446/563/710
f 2452/564/711 2455/565/711 2451/561/711 2448/560/711
f 2454/566/270 2450/556/262 2451/559/708 2455/567/270
f 2453/568/712 2449/552/705 2450/555/707 2454/569/712
f 2453/570/713 2452/571/713 2448/549/713 2449/548/713
f 2443/572/275 2437/573/275 2452/571/275 2453/570/275
f 2443/574/272 2453/568/272 2454/569/272 2441/575/272
f 2441/576/273 2454/566/273 2455/567/273 2438/577/273
f 2437/578/274 2438/579/274 2455/565/274 2452/564/274
f 2447/551/704 2446/550/703 2458/537/279 2459/536/279
f 2447/553/706 2459/532/276 2456/535/276 2444/554/706
f 2444/557/263 2456/528/277 2457/531/277 2445/558/263
f 2446/563/710 2445/562/710 2457/525/278 2458/524/278
f 2462/1298/714 2474/1299/715 2475/1300/716 2463/1301/717
f 2460/1302/718 2472/1303/719 2474/1299/715 2462/1298/714
f 2463/1304/717 2475/1305/716 2473/1306/720 2461/1307/721
f 2461/1307/721 2473/1306/720 2472/1308/719 2460/1309/718
f 2464/470/70 2467/473/70 2465/472/70 2466/471/70
f 2483/1100/72 2486/1103/72 2466/1102/72 2465/1101/72
f 2486/1076/9 2480/1079/9 2464/1094/9 2466/1093/9
f 2487/1104/71 2467/1107/71 2464/1106/71 2480/1105/71
f 2468/470/70 2470/471/70 2469/472/70 2471/473/70
f 2491/1100/72 2469/1101/72 2470/1102/72 2494/1103/72
f 2494/1076/31 2470/1093/31 2468/1094/31 2488/1079/31
f 2495/1104/71 2488/1105/71 2468/1106/71 2471/1107/71
f 2474/1299/715 2478/1310/722 2479/1311/723 2475/1300/716
f 2472/1303/719 2476/1312/724 2478/1310/722 2474/1299/715
f 2475/1305/716 2479/1313/723 2477/1314/725 2473/1306/720
f 2473/1306/720 2477/1314/725 2476/1315/724 2472/1308/719
f 2484/462/73 2481/465/73 2482/464/73 2485/463/73
f 2485/1100/72 2482/1103/72 2486/1102/72 2483/1101/72
f 2482/1076/9 2481/1079/9 2480/1094/9 2486/1093/9
f 2484/1104/71 2487/1107/71 2480/1106/71 2481/1105/71
f 2492/462/73 2493/463/73 2490/464/73 2489/465/73
f 2493/1100/72 2491/1101/72 2494/1102/72 2490/1103/72
f 2490/1076/31 2494/1093/31 2488/1094/31 2489/1079/31
f 2492/1104/71 2489/1105/71 2488/1106/71 2495/1107/71
f 2564/580/70 2566/581/70 2565/582/70
f 2575/583/292 2569/584/293 2570/585/294 2583/586/295
f 2569/587/293 2573/588/296 2574/589/297 2570/590/294
f 2584/591/298 2571/592/299 2572/593/300 2593/594/301
f 2571/595/299 2567/596/302 2568/597/303 2572/598/300
f 2594/599/304 2567/600/302 2571/592/299 2584/591/298
f 2593/601/301 2572/602/300 2568/603/303 2579/604/305
f 2574/605/297 2589/606/306 2583/586/295 2570/585/294
f 2589/606/306 2590/607/307 2582/608/308 2583/586/295
f 2590/607/307 2591/609/309 2581/610/310 2582/608/308
f 2591/609/309 2592/611/311 2580/612/312 2581/610/310
f 2592/611/311 2593/601/301 2579/604/305 2580/612/312
f 2569/613/293 2575/614/292 2588/615/313 2573/616/296
f 2575/614/292 2576/617/314 2587/618/315 2588/615/313
f 2576/617/314 2577/619/316 2586/620/317 2587/618/315
f 2577/619/316 2578/621/318 2585/622/319 2586/620/317
f 2578/621/318 2594/599/304 2584/591/298 2585/622/319
f 2573/616/296 2588/615/313 2589/623/306 2574/624/297
f 2588/615/313 2587/618/315 2590/625/307 2589/623/306
f 2587/618/315 2586/620/317 2591/626/309 2590/625/307
f 2586/620/317 2585/622/319 2592/627/311 2591/626/309
f 2585/622/319 2584/591/298 2593/594/301 2592/627/311
f 2567/628/302 2594/629/304 2579/604/305 2568/603/303
f 2594/629/304 2578/630/318 2580/612/312 2579/604/305
f 2578/630/318 2577/631/316 2581/610/310 2580/612/312
f 2577/631/316 2576/632/314 2582/608/308 2581/610/310
f 2576/632/314 2575/583/292 2583/586/295 2582/608/308
f 2603/633/320 2597/634/321 2598/635/322 2612/636/323
f 2597/637/321 2601/638/324 2602/639/325 2598/640/322
f 2613/641/326 2599/642/327 2600/643/730 2622/644/329
f 2599/645/327 2595/646/330 2596/647/331 2600/648/730
f 2607/649/332 2595/650/330 2599/651/327 2613/641/326
f 2622/652/329 2600/653/730 2596/654/331 2608/655/333
f 2602/656/325 2618/657/334 2612/636/323 2598/635/322
f 2618/657/334 2619/658/335 2611/659/336 2612/636/323
f 2619/658/335 2620/660/337 2610/661/338 2611/659/336
f 2620/660/337 2621/662/339 2609/663/340 2610/661/338
f 2621/662/339 2622/652/329 2608/655/333 2609/663/340
f 2597/664/321 2603/665/320 2617/666/341 2601/667/324
f 2603/665/320 2604/668/342 2616/669/343 2617/666/341
f 2604/668/342 2605/670/344 2615/671/345 2616/669/343
f 2605/670/344 2606/672/346 2614/673/347 2615/671/345
f 2606/672/346 2607/649/332 2613/641/326 2614/673/347
f 2601/667/324 2617/666/341 2618/674/334 2602/675/325
f 2617/666/341 2616/669/343 2619/676/335 2618/674/334
f 2616/669/343 2615/671/345 2620/677/337 2619/676/335
f 2615/671/345 2614/673/347 2621/678/339 2620/677/337
f 2614/673/347 2613/641/326 2622/644/329 2621/678/339
f 2595/679/330 2607/680/332 2608/655/333 2596/681/331
f 2607/680/332 2606/682/346 2609/663/340 2608/655/333
f 2606/682/346 2605/683/344 2610/661/338 2609/663/340
f 2605/683/344 2604/684/342 2611/659/336 2610/661/338
f 2604/684/342 2603/633/320 2612/636/323 2611/659/336
f 2627/685/348 2623/686/349 2624/687/350 2630/688/351
f 2623/689/349 2625/690/352 2626/691/353 2624/692/350
f 2626/693/353 2633/694/354 2630/688/351 2624/687/350
f 2633/695/354 2634/696/355 2629/697/356 2630/698/351
f 2623/699/349 2627/700/348 2632/701/357 2625/702/352
f 2627/700/348 2628/703/358 2631/704/359 2632/701/357
f 2625/702/352 2632/701/357 2633/705/354 2626/706/353
f 2632/701/357 2631/707/359 2634/708/355 2633/705/354
f 2628/709/358 2627/685/348 2630/688/351 2629/710/356
f 2639/462/73 2636/465/73 2637/464/73 2640/463/73
f 2635/470/70 2642/473/70 2638/472/70 2641/471/70
f 2640/711/72 2637/712/72 2641/713/72 2638/714/72
f 2637/474/9 2636/477/9 2635/476/9 2641/475/9
f 2639/516/71 2642/519/71 2635/518/71 2636/517/71
f 2647/462/73 2648/463/73 2645/464/73 2644/465/73
f 2643/470/70 2649/471/70 2646/472/70 2650/473/70
f 2648/478/72 2646/479/72 2649/480/72 2645/481/72
f 2645/474/31 2649/475/31 2643/476/31 2644/477/31
f 2647/516/71 2644/517/71 2643/518/71 2650/519/71
f 2657/715/71 2651/716/71 2652/717/71 2653/718/71
f 2654/719/70 2653/720/70 2652/721/70 2656/722/70
f 2658/723/72 2654/724/72 2656/725/72 2655/726/72
f 2657/334/9 2653/335/9 2654/336/9 2658/337/9
f 2652/342/31 2651/343/31 2655/344/31 2656/345/31
f 2701/580/73 2703/581/73 2702/582/73
f 2712/1316/732 2706/1317/733 2707/1318/734 2720/1319/735
f 2706/1320/733 2710/1321/736 2711/1322/737 2707/1323/734
f 2721/591/738 2708/592/739 2709/593/740 2730/594/741
f 2708/1324/739 2704/1325/742 2705/1326/743 2709/1327/740
f 2731/599/744 2704/600/742 2708/592/739 2721/591/738
f 2730/1328/741 2709/1329/740 2705/1330/743 2716/1331/745
f 2711/1332/737 2726/1333/746 2720/1319/735 2707/1318/734
f 2726/1333/746 2727/1334/747 2719/1335/748 2720/1319/735
f 2727/1334/747 2728/1336/749 2718/1337/750 2719/1335/748
f 2728/1336/749 2729/1338/751 2717/1339/752 2718/1337/750
f 2729/1338/751 2730/1328/741 2716/1331/745 2717/1339/752
f 2706/1340/733 2712/614/732 2725/615/753 2710/1341/736
f 2712/614/732 2713/617/754 2724/618/755 2725/615/753
f 2713/617/754 2714/619/756 2723/620/757 2724/618/755
f 2714/619/756 2715/621/758 2722/622/759 2723/620/757
f 2715/621/758 2731/599/744 2721/591/738 2722/622/759
f 2710/1341/736 2725/615/753 2726/623/746 2711/1342/737
f 2725/615/753 2724/618/755 2727/625/747 2726/623/746
f 2724/618/755 2723/620/757 2728/626/749 2727/625/747
f 2723/620/757 2722/622/759 2729/627/751 2728/626/749
f 2722/622/759 2721/591/738 2730/594/741 2729/627/751
f 2704/1343/742 2731/1344/744 2716/1331/745 2705/1330/743
f 2731/1344/744 2715/1345/758 2717/1339/752 2716/1331/745
f 2715/1345/758 2714/1346/756 2718/1337/750 2717/1339/752
f 2714/1346/756 2713/1347/754 2719/1335/748 2718/1337/750
f 2713/1347/754 2712/1316/732 2720/1319/735 2719/1335/748
f 2740/1348/760 2734/1349/761 2735/1350/762 2749/1351/763
f 2734/1352/761 2738/1353/764 2739/1354/765 2735/1355/762
f 2750/641/766 2736/1356/767 2737/1357/768 2759/644/769
f 2736/1358/767 2732/1359/770 2733/1360/771 2737/1361/768
f 2744/649/772 2732/1362/770 2736/1363/767 2750/641/766
f 2759/1364/769 2737/1365/768 2733/1366/771 2745/1367/773
f 2739/1368/765 2755/1369/774 2749/1351/763 2735/1350/762
f 2755/1369/774 2756/1370/775 2748/1371/776 2749/1351/763
f 2756/1370/775 2757/1372/777 2747/1373/778 2748/1371/776
f 2757/1372/777 2758/1374/779 2746/1375/780 2747/1373/778
f 2758/1374/779 2759/1364/769 2745/1367/773 2746/1375/780
f 2734/664/761 2740/665/760 2754/666/781 2738/667/764
f 2740/665/760 2741/668/782 2753/669/783 2754/666/781
f 2741/668/782 2742/670/784 2752/671/785 2753/669/783
f 2742/670/784 2743/672/786 2751/673/787 2752/671/785
f 2743/672/786 2744/649/772 2750/641/766 2751/673/787
f 2738/667/764 2754/666/781 2755/674/774 2739/675/765
f 2754/666/781 2753/669/783 2756/676/775 2755/674/774
f 2753/669/783 2752/671/785 2757/677/777 2756/676/775
f 2752/671/785 2751/673/787 2758/678/779 2757/677/777
f 2751/673/787 2750/641/766 2759/644/769 2758/678/779
f 2732/1376/770 2744/1377/772 2745/1367/773 2733/1378/771
f 2744/1377/772 2743/1379/786 2746/1375/780 2745/1367/773
f 2743/1379/786 2742/1380/784 2747/1373/778 2746/1375/780
f 2742/1380/784 2741/1381/782 2748/1371/776 2747/1373/778
f 2741/1381/782 2740/1348/760 2749/1351/763 2748/1371/776
f 2764/685/788 2760/686/789 2761/687/790 2767/688/791
f 2760/689/789 2762/690/792 2763/691/793 2761/692/790
f 2763/693/793 2770/694/794 2767/688/791 2761/687/790
f 2770/695/794 2771/696/795 2766/697/796 2767/698/791
f 2760/699/789 2764/700/788 2769/701/797 2762/702/792
f 2764/700/788 2765/703/798 2768/704/799 2769/701/797
f 2762/702/792 2769/701/797 2770/705/794 2763/706/793
f 2769/701/797 2768/707/799 2771/708/795 2770/705/794
f 2765/709/798 2764/685/788 2767/688/791 2766/710/796
f 2776/1382/70 2773/1383/70 2774/1384/70 2777/1385/70
f 2772/1386/73 2779/1387/73 2775/1388/73 2778/1389/73
f 2777/1390/72 2774/1391/72 2778/1392/72 2775/1393/72
f 2774/1394/31 2773/1395/31 2772/1396/31 2778/1397/31
f 2776/1398/71 2779/1399/71 2772/1400/71 2773/1401/71
f 2784/1402/70 2785/1403/70 2782/1404/70 2781/1405/70
f 2780/1406/73 2786/1407/73 2783/1408/73 2787/1409/73
f 2785/1410/72 2783/1411/72 2786/1412/72 2782/1413/72
f 2782/1414/9 2786/1415/9 2780/1416/9 2781/1417/9
f 2784/1418/71 2781/1419/71 2780/1420/71 2787/1421/71
f 2794/1422/71 2788/1423/71 2789/1424/71 2790/1425/71
f 2791/1426/73 2790/1427/73 2789/1428/73 2793/1429/73
f 2795/1430/72 2791/1431/72 2793/1432/72 2792/1433/72
f 2794/1434/31 2790/1435/31 2791/1436/31 2795/1437/31
f 2789/1438/9 2788/1439/9 2792/1440/9 2793/1441/9
usemtl Window.003
f 936/811/9 939/812/9 940/813/9 938/814/9 942/815/9 943/816/9 941/817/9 937/818/9
f 1225/811/9 1228/812/9 1229/813/9 1227/814/9 1231/815/9 1232/816/9 1230/817/9 1226/818/9
f 1454/811/31 1457/812/31 1458/813/31 1456/814/31 1460/815/31 1461/816/31 1459/817/31 1455/818/31
f 1788/811/9 1791/812/9 1792/813/9 1790/814/9 1794/815/9 1795/816/9 1793/817/9 1789/818/9
f 1965/811/31 1968/812/31 1969/813/31 1967/814/31 1971/815/31 1972/816/31 1970/817/31 1966/818/31
usemtl ROOFM.003
f 607/727/360 605/728/360 604/729/360 606/730/360
f 622/731/361 621/732/361 605/728/361 607/727/361
f 609/733/362 610/734/362 611/735/362 612/736/362 613/737/362 614/738/362 615/739/362 616/740/362 617/741/362 618/742/362 619/743/362 620/744/362 608/745/362 621/732/362 622/731/362
f 626/727/363 625/730/363 623/729/363 624/728/363
f 641/731/364 626/727/364 624/728/364 640/732/364
f 628/733/365 641/731/365 640/732/365 627/745/365 639/744/365 638/743/365 637/742/365 636/741/365 635/740/365 634/739/365 633/738/365 632/737/365 631/736/365 630/735/365 629/734/365
f 650/746/73 658/747/73 659/748/73 651/749/73
f 651/750/31 659/751/31 660/752/31 652/753/31
f 652/753/70 660/754/70 661/755/70 653/756/70
f 653/756/9 661/757/9 658/758/9 650/746/9
f 643/759/31 647/760/31 665/761/31 662/762/31
f 656/763/366 653/764/366 650/765/366 657/766/366
f 655/767/367 652/768/367 653/764/367 656/763/367
f 654/769/368 651/770/368 652/768/368 655/767/368
f 657/766/369 650/765/369 651/771/369 654/772/369
f 642/773/370 657/766/370 654/772/370 644/774/370
f 644/775/371 654/769/371 655/767/371 648/776/371
f 648/777/372 655/767/372 656/763/372 646/778/372
f 646/779/373 656/763/373 657/766/373 642/780/373
f 643/781/72 645/782/72 659/783/72 658/784/72
f 645/782/72 649/785/72 660/786/72 659/783/72
f 649/785/72 647/787/72 661/788/72 660/786/72
f 647/787/72 643/781/72 658/784/72 661/788/72
f 664/789/72 663/790/72 662/791/72 665/792/72
f 649/793/9 645/794/9 663/795/9 664/796/9
f 647/797/73 649/798/73 664/796/73 665/761/73
f 645/799/70 643/759/70 662/762/70 663/800/70
f 642/801/374 644/802/374 667/803/374 666/804/374
f 648/805/375 646/806/375 668/807/375 669/808/375
f 646/806/376 642/801/376 666/804/376 668/807/376
f 644/809/377 648/805/377 669/808/377 667/810/377
f 1786/1207/666 1729/727/666 1728/728/666 1787/1208/666
f 1787/1209/666 1728/1210/666 1726/727/666 1785/1207/666
f 1728/1210/667 1730/1211/667 1727/730/667 1726/727/667
f 1729/727/667 1731/730/667 1730/729/667 1728/728/667
f 1725/1212/666 1756/1213/666 1755/731/666 1724/1214/666 1743/1215/666 1742/1216/666 1741/1217/666 1740/1218/666 1739/1219/666 1738/1220/666 1737/1221/666 1736/1222/666 1735/1223/666 1734/1224/666 1733/1225/666 1732/1226/666
f 1723/1227/666 1754/731/666 1756/732/666 1725/1228/666 1753/1229/666 1752/1230/666 1751/1231/666 1750/1232/666 1749/1233/666 1748/1234/666 1747/1235/666 1746/1236/666 1745/735/666 1744/1237/666
f 1756/1213/666 1787/1209/666 1785/1207/666 1755/731/666
f 1754/731/666 1786/1207/666 1787/1208/666 1756/732/666
f 2498/727/726 2499/728/726 2497/729/726 2496/730/726
f 2499/1210/726 2501/727/726 2500/730/726 2497/1211/726
f 2529/1213/727 2528/731/727 2501/727/727 2499/1210/727
f 2527/731/727 2529/732/727 2499/728/727 2498/727/727
f 2502/1212/727 2505/1226/727 2506/1225/727 2507/1224/727 2508/1223/727 2509/1222/727 2510/1221/727 2511/1220/727 2512/1219/727 2513/1218/727 2514/1217/727 2515/1216/727 2516/1215/727 2503/1214/727 2528/731/727 2529/1213/727
f 2504/1227/727 2517/1237/727 2518/735/727 2519/1236/727 2520/1235/727 2521/1234/727 2522/1233/727 2523/1232/727 2524/1231/727 2525/1230/727 2526/1229/727 2502/1228/727 2529/732/727 2527/731/727
f 2561/731/728 2536/727/728 2535/728/728 2563/732/728
f 2563/1213/728 2535/1210/728 2533/727/728 2562/731/728
f 2535/1210/729 2537/1211/729 2534/730/729 2533/727/729
f 2536/727/729 2538/730/729 2537/729/729 2535/728/729
f 2532/1212/728 2563/1213/728 2562/731/728 2531/1214/728 2550/1215/728 2549/1216/728 2548/1217/728 2547/1218/728 2546/1219/728 2545/1220/728 2544/1221/728 2543/1222/728 2542/1223/728 2541/1224/728 2540/1225/728 2539/1226/728
f 2530/1227/728 2561/731/728 2563/732/728 2532/1228/728 2560/1229/728 2559/1230/728 2558/1231/728 2557/1232/728 2556/1233/728 2555/1234/728 2554/1235/728 2553/1236/728 2552/735/728 2551/1237/728
f 2662/727/360 2660/728/360 2659/729/360 2661/730/360
f 2677/731/361 2676/732/361 2660/728/361 2662/727/361
f 2664/733/362 2665/734/362 2666/735/362 2667/736/362 2668/737/362 2669/738/362 2670/739/362 2671/740/362 2672/741/362 2673/742/362 2674/743/362 2675/744/362 2663/745/362 2676/732/362 2677/731/362
f 2681/727/363 2680/730/363 2678/729/363 2679/728/363
f 2696/731/364 2681/727/364 2679/728/364 2695/732/364
f 2683/733/365 2696/731/365 2695/732/365 2682/745/365 2694/744/365 2693/743/365 2692/742/365 2691/741/365 2690/740/365 2689/739/365 2688/738/365 2687/737/365 2686/736/365 2685/735/365 2684/734/365
f 2700/728/731 2699/729/731 2697/730/731 2698/727/731
f 2808/1442/800 2700/728/800 2698/727/800 2807/1443/800
f 2797/1228/801 2808/1442/801 2807/1443/801 2796/1444/801 2798/1445/801 2799/1446/801 2800/1447/801 2801/1448/801 2802/1449/801 2803/1450/801 2804/1451/801 2805/1452/801 2806/1453/801
f 2812/728/802 2810/727/802 2809/730/802 2811/729/802
f 2825/1442/803 2824/1443/803 2810/727/803 2812/728/803
f 2814/1228/804 2823/1453/804 2822/1452/804 2821/1451/804 2820/1450/804 2819/1449/804 2818/1448/804 2817/1447/804 2816/1446/804 2815/1445/804 2813/1444/804 2824/1443/804 2825/1442/804
